{
"type": "FeatureCollection",
"name": "country",
"crs": { "type": "name", "properties": { "name": "urn:ogc:def:crs:OGC:1.3:CRS84" } },
"xy_coordinate_resolution": 1e-15,
"features": [
{"type":"Feature","properties":{"fid":1,"iso2":"SY","iso3":"SYR","adm0_name":"Syrian Arab Republic","adm0_name1":"الجمهورية العربية السورية","adm0_name2":null,"adm0_name3":null,"adm0_pcode":"SY","valid_on":"2020-12-17","valid_to":null,"version":"v02","area_sqkm":188138.41857097999,"lang":"en","lang1":"ar","lang2":null,"lang3":null,"adm0_ref_n":"Syrian Arab Republic","center_lat":34.81587985,"center_lon":38.57657689},"geometry":{"type":"MultiPolygon","coordinates":[[[[42.226921245000085,37.276635224000074],[42.227102279000121,37.276609420999989],[42.235000633000084,37.280529994000119],[42.235002518000158,37.28053093],[42.239789963000078,37.280492782000067],[42.24223302900009,37.280467372000089],[42.242723465000154,37.280462265000097],[42.245658955000181,37.280435555000054],[42.247331620000125,37.280420303000028],[42.255872726000177,37.278810501000066],[42.261922836,37.275030136000169],[42.264547348000121,37.273393631000033],[42.26704216000013,37.271841049000159],[42.272595031000094,37.271385805000193],[42.275602340000148,37.271139145000177],[42.280339659000163,37.273543903000188],[42.281869888000017,37.274320603000149],[42.284669877000169,37.27573585500005],[42.294950485000072,37.28093147300001],[42.296541214000172,37.278982163000023],[42.300130845000069,37.274591446000102],[42.303159714000117,37.26509285000003],[42.306619644000079,37.26192283600011],[42.307302475000142,37.26131248500019],[42.316781997000078,37.25821113600017],[42.321149826000067,37.256792069000085],[42.327531814000167,37.245130539000115],[42.334081649000041,37.240961075000087],[42.335050583000111,37.240331650000144],[42.349790573000064,37.236471176000123],[42.35576478500019,37.229469611000184],[42.357419968000102,37.227529526000126],[42.357473670000104,37.227142871000012],[42.358732224000107,37.218080521],[42.35657761900012,37.213460005000172],[42.355249404000062,37.210611342999982],[42.347067148000065,37.204618584],[42.340162277000104,37.199560165000094],[42.335252762000039,37.18570137100005],[42.33658027600012,37.177812576000065],[42.337072373000069,37.174871444000075],[42.347192764000113,37.153081894000024],[42.348360062000097,37.150541306000093],[42.349382401000184,37.148351669000022],[42.351911545,37.145212174000051],[42.356309891000137,37.139741897000192],[42.356309946000067,37.139740066000115],[42.356428146999974,37.13585090600003],[42.356889724999974,37.129381180000109],[42.357035708000069,37.128969072000132],[42.357816696000043,37.126764297000193],[42.358278274000043,37.122140884000032],[42.355349883000144,37.106182006000097],[42.353773118000163,37.097585678000087],[42.353774042000055,37.097585523000191],[42.357046128000036,37.097036362000154],[42.362211227000103,37.09497261000007],[42.362932205000106,37.093862533000163],[42.364622116000191,37.09123039300016],[42.36596107500003,37.089120865000041],[42.373582840000154,37.086839676000068],[42.381101608000165,37.082029343000045],[42.382020950000026,37.08017158500013],[42.385042191000025,37.07412147500014],[42.38474083,37.067182541000136],[42.384740084000157,37.067181937999976],[42.336899225000138,37.028545886000131],[42.274202347000028,36.977819443000101],[42.265359878000027,36.97068977400005],[42.261432145000185,36.967523484000083],[42.249250412000094,36.95770073000017],[42.248441895000042,36.956949383000108],[42.203293931000189,36.914959141],[42.176942826000072,36.890451431000145],[42.175113682000074,36.889074015],[42.174749374000157,36.888799667000058],[42.174353714000119,36.888502304000042],[42.168882370000176,36.88438987800015],[42.138997173000064,36.861966684000095],[42.137269974000105,36.860670089000166],[42.121099472000083,36.843931198000121],[42.092439652,36.814260483000169],[42.085004457000082,36.807794935000061],[42.068262100000084,36.793230057000073],[42.065885714000103,36.791169467000088],[42.064931869000134,36.790342331000033],[42.063790596000104,36.789349960000095],[42.061422348000121,36.787290573000121],[42.037354770000036,36.7663442220001],[42.034410476000176,36.763780594000082],[42.030328528000098,36.759974182000121],[41.990762711000116,36.723051071000157],[41.962751389000061,36.694810867000172],[41.962727067,36.694784519000109],[41.962659836000057,36.694711685000129],[41.938489914000058,36.670331955000165],[41.874769211000114,36.625730514000111],[41.865690934999975,36.619378412000174],[41.849691391000135,36.60817909300016],[41.835847854000178,36.598482132000129],[41.828252792000058,36.593160629000124],[41.828250081000078,36.593160058000137],[41.824415207000072,36.592351914000062],[41.763826370000061,36.57953834500006],[41.762041092000118,36.579160691000084],[41.729303051000045,36.57224037900005],[41.706811905000052,36.567480087000149],[41.706659961000071,36.567456918000119],[41.705511093000041,36.567281723000065],[41.704401017000066,36.567121506000092],[41.550680161,36.544031143000097],[41.454641343000105,36.529481888000078],[41.411230005,36.522900000000107],[41.410730362000152,36.522192002000168],[41.404881478999982,36.513851568000177],[41.404130935000069,36.512781143000154],[41.382387161000054,36.481733322000139],[41.327272416000028,36.403032303000032],[41.31198667600006,36.381163860000129],[41.294530869000027,36.356172561000108],[41.294530829,36.356171186000097],[41.29428303800006,36.347833819000073],[41.294069290000095,36.340639114000169],[41.293273296000166,36.313761511],[41.292390823000062,36.283922195000059],[41.291791916000136,36.263582230000111],[41.288068772000145,36.237947464000058],[41.276540756000031,36.15855217],[41.26690101600019,36.092031479000013],[41.264775021000048,36.083073764000062],[41.263830185000188,36.079092025000193],[41.263213432000043,36.07649318600005],[41.258012771999972,36.054571151000118],[41.263692856000148,36.044481278000092],[41.268751144000134,36.035490036000056],[41.333200454000064,35.920770645],[41.367910386000176,35.858819962000155],[41.381082535000132,35.83529090900015],[41.382631302000107,35.811269760000073],[41.383150101000126,35.803159714000174],[41.391260147000082,35.677232742000172],[41.394292830999973,35.630270004000067],[41.342451096000048,35.563459397000031],[41.288599014000113,35.49389839100013],[41.282602311000176,35.486150742000063],[41.281782151000186,35.475282669000137],[41.279981614000121,35.451589584000033],[41.276097285000162,35.400445299000069],[41.274919510000188,35.384920120000061],[41.269757064000032,35.369145567000089],[41.256181717000118,35.327630997000085],[41.249709180000025,35.307843356000035],[41.242399215000148,35.285482407000018],[41.241867338000134,35.283268705000182],[41.241411209000148,35.281370163000133],[41.233331681000038,35.248029709000036],[41.229251950000105,35.225935677],[41.228269577000106,35.220613479000178],[41.227748783000152,35.217788184000085],[41.225252151000177,35.204240799000161],[41.218111039000121,35.132249832000184],[41.21952629000009,35.108388900000136],[41.220367137000096,35.094186690000129],[41.220609665000097,35.090089798000065],[41.220702782000103,35.088545949000149],[41.221155166000017,35.08104515000008],[41.221311569000079,35.078439712000147],[41.222631454000123,35.056169510000132],[41.225961685000073,35.000001908000115],[41.228792190999968,34.952482224000107],[41.229051589000107,34.948060989000112],[41.229650498000012,34.937841415000094],[41.229646443000149,34.924582981000185],[41.229639053000085,34.899332046000154],[41.229639054000131,34.860101699999973],[41.23160718500003,34.841915564000033],[41.233270645000175,34.826539994000086],[41.235568661000059,34.805219714000089],[41.237749100000087,34.784982680999974],[41.235972133000018,34.780746145000137],[41.234502793000161,34.777242661000116],[41.181859970000176,34.714639664000117],[41.180411429000117,34.712915482000085],[41.16618919400014,34.695981979000123],[41.139459610000074,34.664152146000049],[41.123035425000126,34.631482599000094],[41.122220993999974,34.629861831000142],[41.11832618800014,34.622110367000062],[41.109441757000184,34.604440689000171],[41.051000595000176,34.487989426000183],[41.048810958999979,34.483621596999967],[41.047336322000092,34.480678472000079],[41.033029556000145,34.452112198000123],[41.02864702300019,34.448118197000156],[41.027090073000124,34.446699142000057],[41.022012711000116,34.444101334000095],[41.019250870000121,34.442689895000115],[41.018301010000073,34.441179275000138],[41.01764495600014,34.440148006000186],[41.017240524000101,34.439512253000089],[41.012369156000091,34.419870377000109],[41.002219066000123,34.41521659100016],[40.997651884000049,34.413122443000077],[40.265003834000083,34.06799812700018],[39.866096980000179,33.880186438000067],[39.16507333800007,33.550134775000174],[39.164960861000054,33.55008125300003],[39.164578204000122,33.549901181000052],[39.12533184800003,33.531509424000035],[38.792501450000032,33.374719620000064],[37.805860519000021,32.845869065000045],[37.464327062000166,32.664040232000048],[37.092760316000181,32.464347414000031],[37.092267990000153,32.464082718000157],[37.008050918000094,32.41855049100019],[36.977384567000172,32.401945114000171],[36.952871323000181,32.388662339000064],[36.935590111000124,32.379406104000111],[36.928224564000061,32.375459671000158],[36.887263599000164,32.353503671000169],[36.871530533000112,32.345064163000188],[36.87130928,32.344945908000057],[36.870667863000165,32.344601029000046],[36.869791031000091,32.344129563000138],[36.866842270000063,32.34255027800009],[36.853768803999969,32.331897426000126],[36.834810257000129,32.316442490000156],[36.75612068200013,32.327970504000064],[36.735040664000167,32.331060410000134],[36.724618912000096,32.332590103000143],[36.721670150000193,32.333021164000172],[36.708421707000127,32.32838249200006],[36.705350876000125,32.327310563000083],[36.704292496000164,32.326939099000072],[36.703981400000146,32.326829910000015],[36.703980981000029,32.326830343000154],[36.69722175600009,32.333818436000058],[36.692060471000161,32.339151382000068],[36.642309189000059,32.344701767],[36.598798751000118,32.349561691000133],[36.550550461000057,32.35493278500013],[36.542376955,32.355838175000088],[36.541872024999975,32.35589408900006],[36.541852764000112,32.355896381000093],[36.54155159000004,32.355932236000115],[36.501649856000085,32.360380173000181],[36.500024795,32.361684799000102],[36.492769241000076,32.36750221300008],[36.491014481000036,32.368322373000069],[36.482740402000161,32.372182846000157],[36.480150223000123,32.373392105000107],[36.463552475000142,32.377332687000035],[36.409662247000085,32.382200241000078],[36.400571823000064,32.387239456000032],[36.372972489000119,32.411142349000045],[36.336542130000112,32.44265937800003],[36.311114353,32.460169341999972],[36.311107864000121,32.460169873000098],[36.296110000000112,32.47049],[36.259480001000099,32.491840000000138],[36.258610000000147,32.49235],[36.25774,32.492860000000121],[36.24229642500012,32.504047815000092],[36.217752456000142,32.521821976000183],[36.20561027500014,32.528371811000056],[36.203683853000086,32.528409958000111],[36.200742721999973,32.528470993000099],[36.200740525000072,32.528469988999973],[36.184286117000056,32.520948410000187],[36.180558430000076,32.519245956000191],[36.178380967000123,32.518251420000126],[36.164720535000129,32.522241592000057],[36.13381004300004,32.523920059000147],[36.129919053000151,32.52378273000005],[36.129007339000168,32.523748398000066],[36.124124549000101,32.523564557000043],[36.122625351000067,32.523508072000027],[36.119030418000079,32.523374964000027],[36.110582352000051,32.523061752000046],[36.090761185000076,32.517942429000072],[36.088701248000064,32.536661148000121],[36.084440232000134,32.549150467000118],[36.070440292000114,32.575799942],[36.058881759000087,32.587839126000176],[36.044870377000052,32.597852706000026],[36.036340714000119,32.603940964000174],[36.034860611000113,32.607110977000161],[36.03882026600013,32.63081932100016],[36.039190292000171,32.6425113680001],[36.036302567000064,32.654352188000132],[36.032899857000075,32.657922745000064],[36.032769196000174,32.657959597000115],[36.032751084000097,32.657964706000087],[36.032751454000163,32.657964968000101],[36.032801361999987,32.658000372000174],[36.032751403000077,32.65796498300017],[36.019750000000158,32.6619],[36.01077,32.662800000000118],[35.99361,32.661430000000109],[35.983010000000149,32.66506],[35.97335,32.67112],[35.97297,32.672300000000121],[35.97259,32.67348],[35.98291,32.68200000000013],[35.98268,32.690620000000138],[35.97961,32.69424],[35.97464,32.69687000000016],[35.96272,32.69702000000018],[35.95166,32.703390000000184],[35.94801,32.70697],[35.94518,32.71768],[35.93682,32.724110000000167],[35.93084000000016,32.724650000000111],[35.926050000000146,32.72246],[35.920369999000116,32.72209],[35.909130000000118,32.72592],[35.902350922000153,32.724949113000093],[35.902351820000092,32.72495058100003],[35.90131187500009,32.724802017000172],[35.894712448000178,32.727392197000086],[35.886381149000158,32.733129501000121],[35.886380354000039,32.733129756000039],[35.885742453000091,32.733334264000121],[35.878419876,32.73568153400015],[35.861902236999981,32.735700608000116],[35.861900235000178,32.73569999900019],[35.861287858000082,32.735514014000159],[35.846971512000152,32.731164932000183],[35.841466903000082,32.729490281000096],[35.841424003999975,32.729476822000152],[35.841272355000172,32.729429245],[35.839561661000175,32.729319993000047],[35.835062027000049,32.729032517000064],[35.829484047000165,32.730342822000011],[35.828744888000017,32.730516433000105],[35.828434705000063,32.730589850000058],[35.826311112000099,32.731092453000144],[35.820222855000054,32.734601973999986],[35.819971085000191,32.734991073000117],[35.817052841000134,32.73956108100009],[35.809251785000185,32.738595963000137],[35.80774377500012,32.738406585000121],[35.807611466000083,32.738389968999968],[35.807611322000071,32.73839016300019],[35.806257248000122,32.740236282000069],[35.804471969000133,32.742670059000091],[35.809301376000121,32.751050949000046],[35.809076271000038,32.751775429000133],[35.808969497000135,32.752119065000159],[35.808844696000165,32.75252249600004],[35.808641434000037,32.753179550000027],[35.807729721000044,32.756521225000029],[35.801382065000098,32.759561538000185],[35.783422470000119,32.753042221000157],[35.779569626000182,32.751951218000045],[35.769201279000185,32.750890732000187],[35.769200293000097,32.750890030000164],[35.764192581000032,32.747320175000084],[35.763679480000121,32.746324292000054],[35.763288498000065,32.745565415000044],[35.760623942000052,32.740364370000179],[35.760351181000146,32.739831924000043],[35.760350800000026,32.739831559000095],[35.759414643000127,32.738937023000119],[35.755712509000034,32.7353992460001],[35.749071121000156,32.732000351000124],[35.749070721000123,32.732000369000161],[35.746850968000047,32.732103348000066],[35.739572525000085,32.732431411999983],[35.738218307000125,32.731988907000073],[35.736452102999976,32.731409073000066],[35.714992372000154,32.724371825999981],[35.708280563000187,32.722169876000066],[35.702135086000169,32.715711593000094],[35.698652267000057,32.71204948400009],[35.693699514000173,32.709944176000135],[35.688261032000128,32.707632065000041],[35.676156190000086,32.695736960000033],[35.675039505000143,32.69463941600003],[35.675039291000132,32.694639206000147],[35.67491444000018,32.694492036000042],[35.672266006000086,32.691370011000117],[35.671997077000128,32.691237167000168],[35.67181638600016,32.691147909000051],[35.671639487,32.691060525000069],[35.671771081000088,32.690748018000079],[35.674337878000074,32.685129456000084],[35.669377649000126,32.684384310000041],[35.663928276000149,32.680347736000044],[35.657570672000077,32.685393453000131],[35.654644156000074,32.684787967000148],[35.649322412000117,32.67986920200002],[35.644702352000138,32.677815842000143],[35.642695660000186,32.681362555000078],[35.634612659000084,32.68640259600005],[35.634566943000038,32.686364701000059],[35.635799225000028,32.687782635000133],[35.635626025000079,32.687864215000104],[35.635625839000056,32.68786430300014],[35.635427455000183,32.690029369000058],[35.635187148999989,32.692651749000106],[35.635675431000095,32.69505119300004],[35.636606179000182,32.699643969000078],[35.637128830000165,32.702222824000046],[35.637551200000132,32.704299486000082],[35.637678147000088,32.704923630000053],[35.645170212000096,32.70836830200011],[35.647645650000129,32.711833072000104],[35.649198532000185,32.714006424000161],[35.649315884000089,32.715198360000045],[35.649953842000116,32.721677781000096],[35.650900886000159,32.728876824000054],[35.650911331000032,32.728956222000079],[35.650912382000058,32.728964048000194],[35.650945663000016,32.729211808000059],[35.651594162000151,32.734132767000176],[35.652718311000172,32.735214364000058],[35.654615402000161,32.737039566000078],[35.656227733000094,32.744297799000151],[35.657087326000067,32.748167038000076],[35.65693817500005,32.748818177000032],[35.656732560000194,32.749715805000051],[35.656726650000053,32.749743875999968],[35.656702042000177,32.749860763000186],[35.655724816000145,32.754127894000192],[35.655630112000097,32.754541397000025],[35.656098661000044,32.756040307000035],[35.662668228000143,32.777051926000127],[35.655027389000054,32.792654037999966],[35.655714035000017,32.808500290000154],[35.649560928000142,32.809682846000157],[35.648038650000103,32.809975660000191],[35.644483567000066,32.810659408000106],[35.645685108000066,32.820721837000178],[35.645685196000102,32.820722580000165],[35.641618729000129,32.834337235000191],[35.642122269000083,32.834737777999976],[35.64349555900003,32.835832595000056],[35.645463942000049,32.837400438000031],[35.645479202000104,32.837411881000037],[35.646257401000071,32.838029861000166],[35.646268844000076,32.83803749100008],[35.646276473000057,32.838045120000118],[35.646615095000186,32.838317175000157],[35.646722794000141,32.838403702000107],[35.646898270000065,32.838544846000048],[35.649323391999985,32.840473848000158],[35.649564743000155,32.840665817000115],[35.649564743000155,32.848592758000109],[35.645145092000178,32.857681158000105],[35.643121719000135,32.861841202000051],[35.644163052000067,32.864534174000141],[35.644163130999971,32.864534378000144],[35.642850876000068,32.867162705000112],[35.634473801000127,32.877828598],[35.627714157000071,32.883211136000057],[35.623113632000184,32.890310287999966],[35.613939285000185,32.895219803000032],[35.614171982000187,32.900239944000191],[35.616788864000171,32.904951096000104],[35.619300257000191,32.905202275000192],[35.623235703000034,32.905595779000066],[35.623809816,32.906227180000144],[35.624879837000037,32.907403946000159],[35.62701988200007,32.91152000400001],[35.624307632000182,32.916944503000082],[35.628351212000098,32.938383102000103],[35.628499912000109,32.942602513000111],[35.628969192000056,32.955919265000034],[35.631158829000128,32.959871292000116],[35.631163528000059,32.959940410000115],[35.631288312000095,32.961775475000024],[35.631285924000053,32.96177652199998],[35.633181364000052,32.990207912000187],[35.630587750000018,32.994871655000111],[35.633038595000073,33.008577351000099],[35.629921502000172,33.013455246000035],[35.631967838000037,33.024900453000157],[35.640819433000104,33.041390118000152],[35.646768086000122,33.062710089000177],[35.646472232000178,33.067093748000048],[35.645746231000089,33.077867508000111],[35.649048657000094,33.08461345600017],[35.649049759000036,33.084615707000069],[35.649084013,33.084620273999974],[35.649106980000056,33.084623337000153],[35.653455557000029,33.123997044000191],[35.653455734000147,33.123998642000174],[35.662635201000171,33.139671053000086],[35.670579911000118,33.153230667000059],[35.66300392200003,33.189115524000101],[35.665502548000177,33.20611],[35.666265486999976,33.211236954000071],[35.667089460000057,33.225252116999968],[35.667089462000035,33.22525215200011],[35.667327522000051,33.22557233800012],[35.671158188000049,33.230724150000071],[35.671159745000125,33.23072624200006],[35.672593857000095,33.231453803000136],[35.67455101000013,33.232446670000115],[35.677980646000037,33.234191294000027],[35.678503036999984,33.234457016000192],[35.678646367000169,33.234529578000149],[35.679113389000065,33.234766006000143],[35.680425644000024,33.235433578000141],[35.680577528000128,33.235510854000154],[35.682817419000116,33.236650447000045],[35.682817460000024,33.236650467],[35.684602737000034,33.242906570000116],[35.683126450000032,33.245859146000157],[35.680341720000172,33.247549057000128],[35.671412865000093,33.247000098000058],[35.670228958000109,33.246927261000167],[35.670227472000136,33.246927498000105],[35.655721665000158,33.249235154000075],[35.651296615000092,33.249940872000025],[35.651292874999967,33.249939002000076],[35.651281357000073,33.249933243000044],[35.647142411000118,33.247835159000147],[35.645130883000149,33.246818147],[35.642721176000123,33.245599747000085],[35.627256997000075,33.242849887000148],[35.624444961999984,33.242349625000145],[35.62383079500006,33.242639541000131],[35.623830670000132,33.242639684000039],[35.623540450000121,33.242970914000125],[35.623479843000155,33.243040085000075],[35.623239517000172,33.243490219000194],[35.623217134000186,33.243527058000097],[35.623056412000039,33.243791580000163],[35.62297438600018,33.243920477000074],[35.622949600000084,33.243959427000107],[35.622967365000022,33.243993342000181],[35.623201370000118,33.244440079000071],[35.623339817000158,33.244556075999981],[35.623342514000115,33.244558335000079],[35.623731613000018,33.244882583000106],[35.624420821000058,33.245012486000121],[35.62446022,33.245019912000032],[35.6247110810001,33.245156618000124],[35.625139236000052,33.245389938000073],[35.625139236000052,33.246011733999978],[35.625103705000072,33.246144296000125],[35.62504005400001,33.246381759000144],[35.624509812000042,33.247442246000048],[35.624120711999979,33.247991562000038],[35.623922348000121,33.248510361000058],[35.623872757000186,33.24891090400007],[35.623971939000057,33.249532699000099],[35.624071121000043,33.250162125000145],[35.62421226500004,33.25089073200013],[35.624021530000164,33.251371383000162],[35.623922348000121,33.251771927000107],[35.624071122000146,33.252691269000138],[35.62383079500006,33.253351212000098],[35.623311574000184,33.253411509000045],[35.623239517000172,33.253419876000123],[35.622522354000068,33.253309250000029],[35.622290826000096,33.253302608000183],[35.621591568000156,33.253282547000026],[35.621019363000187,33.253282547000026],[35.620859146000157,33.253461838000192],[35.620630264000056,33.253831864000119],[35.620382308000103,33.254381180000053],[35.620241165000095,33.254812240000035],[35.620077380000112,33.255143371000145],[35.620065689000114,33.255167007000182],[35.620064524000099,33.255169726000133],[35.620042800000078,33.255220413000131],[35.620092392000117,33.255701065000096],[35.620141468000099,33.255950222000024],[35.620141983000053,33.255952835000187],[35.620501182000169,33.256004518999987],[35.620672226000124,33.256029129000069],[35.620678496000096,33.256029129000069],[35.620706558000109,33.256029129000069],[35.621061325000085,33.255990982000014],[35.621309280000105,33.255880356000148],[35.621740341000134,33.255880356000148],[35.622079849000158,33.256170272000134],[35.622094707000144,33.256227851000176],[35.62223243700015,33.256761551000125],[35.62193107600018,33.257570267000062],[35.621732464000104,33.257992319000152],[35.621656418000043,33.258153915000037],[35.621653701000071,33.258160709000038],[35.621641159000092,33.258192062000091],[35.621442795,33.258600235000188],[35.621492386000114,33.259111405000056],[35.621576104000155,33.259173964000126],[35.621839523000176,33.259370804000071],[35.622251510000069,33.259714127000166],[35.622320176000073,33.259771347000083],[35.622709274000101,33.259950638000078],[35.622839684000041,33.260049170000059],[35.623052596999969,33.260210038000082],[35.623162528000137,33.260275641000078],[35.623289109000041,33.26035118100009],[35.623479158,33.260651461000066],[35.623479843000155,33.260652542000116],[35.623345047000043,33.260884392000094],[35.623289362000151,33.260980168],[35.623289108000108,33.260980606000032],[35.622762680000051,33.261121750000029],[35.622232438000083,33.261449814000173],[35.62193107600018,33.261751175000143],[35.622011186000066,33.262164051000184],[35.622030258000052,33.262262345000124],[35.622213999000053,33.262564550000036],[35.622320175000141,33.262739180999972],[35.622571945000175,33.263250351000181],[35.622610056000042,33.264020198000026],[35.622610092000059,33.264020920000064],[35.622631213000147,33.264094250000085],[35.622812270999987,33.264722824000046],[35.622812270999987,33.265489578000086],[35.62223243700015,33.266439438000191],[35.62193107600018,33.267141342000173],[35.621641159000092,33.267690659000039],[35.621420062000027,33.268003244000056],[35.621309281000151,33.268159867000122],[35.621246246,33.268255631000102],[35.621110916000191,33.268461227000046],[35.620912552000107,33.268789292000065],[35.620672225000021,33.269342423000126],[35.620630315000142,33.270081556999969],[35.620630264000056,33.270082474000162],[35.620648639000024,33.270171866000112],[35.620771408000167,33.270769120000125],[35.620929349000164,33.271165187000122],[35.621019364000063,33.271390915000154],[35.621400833000109,33.271841049000102],[35.622101833000045,33.272100475000059],[35.622369766000077,33.272199631000092],[35.62248641400015,33.272254726000142],[35.623540878000142,33.272752762000096],[35.624544144000026,33.273107529000072],[35.624608624000018,33.273129957000151],[35.624895096000103,33.273229599000047],[35.626001624000025,33.273645188000046],[35.626550674000157,33.273851395000179],[35.628292295000108,33.274430766000023],[35.628442764,33.274480820000122],[35.628676467999981,33.274568922000128],[35.630861282000126,33.275392532000012],[35.632122585000104,33.27585516900001],[35.632951737000155,33.276159287000155],[35.633528847000093,33.276365400000088],[35.634500503000027,33.276712417000113],[35.635907890000055,33.277155979000042],[35.636110306000091,33.27721977200008],[35.636353120000138,33.277333458000044],[35.637609481000084,33.277921676000062],[35.63876915000003,33.278322220000121],[35.639989853000031,33.278772354000068],[35.641012191000073,33.279241561999982],[35.641931533000104,33.279432296000152],[35.642999650000093,33.279870987000152],[35.644468307000182,33.279371261000165],[35.64732170100001,33.27840232900013],[35.647756577000109,33.278245926000068],[35.649991990000103,33.277452469000025],[35.652160411000182,33.276677619000054],[35.652799606000031,33.276449203000141],[35.653703203000134,33.276111697000147],[35.655710221000106,33.275362014000166],[35.657487870000182,33.274740219000137],[35.657602311000119,33.274702072000082],[35.658745144000079,33.274315158000093],[35.658819199000106,33.274290085000018],[35.658828540000059,33.274287560000118],[35.658960342000171,33.274251938000191],[35.659524136000073,33.274661243000025],[35.660032273000127,33.275030136000055],[35.662549973000068,33.277109146000157],[35.663030484000103,33.277572584000097],[35.664159774000098,33.278661727999975],[35.664655685000184,33.27903556800004],[35.665300762000186,33.279519378000089],[35.665662765000036,33.279790879000075],[35.666780392000078,33.280790258000081],[35.666780472000085,33.280790329000183],[35.668329239000059,33.2818126680001],[35.669301986000164,33.282732010000132],[35.670850753000138,33.283651352],[35.672891617000062,33.284711838000192],[35.675116850000052,33.285809213000107],[35.675119400000085,33.285810470000115],[35.674852665000117,33.28574470000018],[35.674840927000048,33.285741806000146],[35.675447464000058,33.28596687400011],[35.675809860000186,33.286100388000136],[35.67630958500007,33.286520004000067],[35.677122116000078,33.287202836000063],[35.678084420000118,33.287989074000109],[35.678331375000027,33.288190842000063],[35.679742813000075,33.289289474000043],[35.681351855000173,33.290665975000138],[35.68137931800004,33.290689468000039],[35.682840348000127,33.291902542000059],[35.684068456000148,33.292777475000094],[35.684591294000086,33.293149948000064],[35.685027673000036,33.293477236000172],[35.685659409000095,33.293951034000088],[35.686497095000107,33.294458995000127],[35.686735153000086,33.294603348000066],[35.68765039900012,33.295160123000016],[35.687650680000047,33.295160293000038],[35.6888599400001,33.295530319000136],[35.689639330000148,33.295654933000094],[35.690172195000059,33.295740127000045],[35.690944050000098,33.295846767000171],[35.691330292000032,33.295900128000085],[35.691331864000176,33.295900345000177],[35.691624621000187,33.296029565000026],[35.692991257000074,33.296632767],[35.693565838000097,33.296983902000193],[35.693952560000128,33.29722023000005],[35.695742554000105,33.297902905000115],[35.696943283000053,33.298360825000032],[35.69857215899998,33.298982621000107],[35.700700760000188,33.299970627000164],[35.701117554000177,33.300133581000125],[35.702642441000137,33.300729752000166],[35.704492569000138,33.301691056000152],[35.704821566000078,33.301878246000172],[35.706041336000112,33.302572250000026],[35.706998825000028,33.303064346000042],[35.70739936800004,33.30327034000004],[35.708660159000146,33.304150227000093],[35.70866203300011,33.304151535000074],[35.709482193000156,33.305322647000139],[35.710172653000086,33.306600570000114],[35.710493632000066,33.307649351000066],[35.710500141000182,33.307670619000078],[35.710500717,33.307672500000137],[35.710851669000135,33.309209824000163],[35.711042404000182,33.310461045000011],[35.711282731000097,33.311342239000112],[35.711450298000159,33.312388677000172],[35.711469651000073,33.312509536000164],[35.711511620000067,33.312737317000085],[35.711862564000171,33.314641953000091],[35.712251663000131,33.316610336000167],[35.71254158000005,33.31789970400007],[35.71259663800015,33.318082396000079],[35.712625504000073,33.318178177000107],[35.712739175000138,33.318541419000155],[35.713132859000041,33.319799424000053],[35.713290854000036,33.32079898600017],[35.713319779000017,33.320981980000056],[35.713609695000059,33.321859360000133],[35.713609889000054,33.321859664000158],[35.714292526000122,33.322931290000042],[35.714983417000042,33.32393687900003],[35.71502113400004,33.323991776000184],[35.715095369000039,33.324097671000175],[35.715539932000127,33.324731827000051],[35.715791703000093,33.32509040900004],[35.716627121000158,33.32571220400007],[35.716726302999973,33.325788498000179],[35.716749191000133,33.325807571000041],[35.716875076000122,33.325906754000187],[35.717500687000097,33.326410294000084],[35.717733383000166,33.326517105000164],[35.717787003000183,33.326541811000084],[35.718851089000111,33.327032089000113],[35.719989755000029,33.32745862600018],[35.720020435000038,33.327470118000065],[35.720022202000109,33.327470780000112],[35.721380233000104,33.327840805000051],[35.722932815000149,33.328351973999986],[35.724000911000076,33.328685171000132],[35.724240980000104,33.328760061000082],[35.724241257000074,33.328760147000139],[35.725362778000033,33.328832627000054],[35.726659774000041,33.328832626000178],[35.727952957000014,33.328722],[35.728410721000046,33.32868003800013],[35.730070114000171,33.328542709000089],[35.731912612000031,33.328172684000094],[35.73331260700013,33.327951430999974],[35.735460282000076,33.327291488000185],[35.737249374000157,33.326372146000153],[35.738809586000116,33.325838089000115],[35.738939286000175,33.325792313000022],[35.740006537000113,33.325401529000032],[35.740449906000094,33.325239181000086],[35.742151260000185,33.324869156000148],[35.743310929000131,33.324789046999967],[35.744050201,33.324810282000044],[35.744771958000115,33.324831009000093],[35.746610642,33.325342178000028],[35.74813999700018,33.325867895999977],[35.748319626000011,33.325929641000016],[35.748443605000091,33.325983563000079],[35.749521256000151,33.326452256000039],[35.749650955000163,33.326551437000148],[35.749698719000037,33.326590861000057],[35.749891281000146,33.326749802000109],[35.749942353999984,33.326795200000163],[35.749959946000047,33.326810837000096],[35.750452041000187,33.327142715000036],[35.751023625000016,33.327575164000052],[35.751030004000143,33.327579996000054],[35.751031875000024,33.327581406000036],[35.752000808000162,33.328210830000046],[35.752421664000167,33.328362077000065],[35.753221512000096,33.328649521000045],[35.754472733000114,33.329050064000057],[35.755491257000187,33.329339981000146],[35.755983332000142,33.329406479000113],[35.756902694000189,33.329530716000193],[35.758359909000035,33.329751969000085],[35.759382248000179,33.330041885000128],[35.760569560000192,33.330238262000137],[35.760881424000047,33.330289840000091],[35.761899948000121,33.33065986600019],[35.762025681000125,33.330683043000079],[35.763700485000186,33.330991745000176],[35.765012741000191,33.331441880000057],[35.766462326000124,33.332021713000131],[35.766980619000151,33.332222686000193],[35.767770768000048,33.332529068000099],[35.768461593000097,33.332765520000123],[35.769620895000116,33.333162308000112],[35.771219253000027,33.333749771000157],[35.77306175200016,33.334512710000126],[35.774950027000159,33.335142136000115],[35.775581382000041,33.335488147000092],[35.776021958000115,33.33572959900016],[35.776456783000128,33.335850032999986],[35.777330398000174,33.33609199600005],[35.778890610000133,33.336751938000134],[35.779647359000137,33.337066912000068],[35.78030204800001,33.337339401000122],[35.781055895000122,33.337707954000166],[35.782190323000066,33.338262558000054],[35.783552170000178,33.33884239200006],[35.785341263000134,33.339582443000097],[35.78604367700018,33.339912563000041],[35.786802292000175,33.34026908900006],[35.787750986000162,33.340736853000067],[35.788450241000191,33.341081619000136],[35.78924840600007,33.341559050000114],[35.790102005000051,33.342069626000068],[35.791700363000132,33.343099594000023],[35.793302536000112,33.343980789000057],[35.793624586000135,33.344143223000174],[35.795049667000171,33.344861984000033],[35.795843091000108,33.345459363000145],[35.796361923,33.345849991000136],[35.796997294000107,33.346247747],[35.797769547000144,33.34673118600017],[35.798659014000123,33.347456737000073],[35.799032211000167,33.347761154000125],[35.79985374,33.348591098000043],[35.800149917000113,33.348890305000168],[35.801412582000012,33.349962235000078],[35.802231227000163,33.35065141900003],[35.802232743000104,33.350652695000178],[35.803060532000131,33.351610184000094],[35.803106220000188,33.351634154000124],[35.804609299000106,33.35242271400017],[35.80602073700004,33.353151321000155],[35.807420730000104,33.35363197300012],[35.809030533000168,33.35432243300005],[35.810027421000086,33.354661976000159],[35.810430527000051,33.354799271000047],[35.811841964,33.355279923000012],[35.812029980000091,33.355422893000139],[35.812208176000127,33.355558395000173],[35.813009262000151,33.356161118000045],[35.81352270400015,33.356482653000057],[35.814172745000064,33.356889724000098],[35.815290451000124,33.357660294000084],[35.815529275000188,33.358001468000055],[35.815528610000058,33.358001931],[35.81626000000017,33.359050000000138],[35.81665,33.360300000000166],[35.817370000000153,33.36137],[35.817670000000135,33.362760000000151],[35.81757,33.363750000000152],[35.817370000000153,33.36518000000018],[35.817080000000146,33.36687],[35.816840000000184,33.368670000000122],[35.816840000000184,33.369770000000187],[35.816940000000102,33.37102],[35.81728,33.37215],[35.81762,33.37361],[35.818200000000104,33.375160000000108],[35.818830000000162,33.37692],[35.81893,33.378420000000176],[35.81868,33.380070000000103],[35.818480000000193,33.38151],[35.81868,33.383190000000127],[35.81868,33.384330000000148],[35.81897,33.38543],[35.819460000000106,33.38671],[35.820000000000164,33.38829],[35.82063,33.38976],[35.821098976000144,33.390547025000046],[35.821409059000132,33.391067389999989],[35.821500778000029,33.391222],[35.822286215000076,33.392382234000081],[35.822420121000107,33.392580033],[35.823781967000173,33.394201279000072],[35.82404691500011,33.394471908000128],[35.824850082000182,33.395292282000185],[35.825529098000061,33.396402359000092],[35.826431896000145,33.397146402000089],[35.826982498000064,33.397600174000161],[35.828241349000052,33.398599624999974],[35.828849692000176,33.399060764000069],[35.829549790000044,33.399591446000102],[35.83015789600006,33.400013689000104],[35.830698013000074,33.400388717000055],[35.830797948999987,33.400459783000088],[35.830869674000155,33.400510788000133],[35.832712174000051,33.401681900000028],[35.833150333000106,33.401938333000032],[35.834211350000089,33.402559280000162],[35.835278534000111,33.403148958000088],[35.835481644000026,33.403261185000019],[35.835729657,33.403395001000092],[35.83683204600004,33.403989792],[35.837527398000191,33.404451275000099],[35.838102341000081,33.404832840000154],[35.840040207000186,33.405862808000109],[35.841840744000024,33.406961441000135],[35.843481064,33.407842636000112],[35.844434738000075,33.408308029000182],[35.844961831000091,33.408564454000157],[35.845281601000067,33.408720017000178],[35.847082138000076,33.409490586000061],[35.847961348000183,33.410059490000037],[35.848379135000187,33.41032981900014],[35.849649429000124,33.410852432000127],[35.850862503000144,33.411401749000163],[35.852609634000032,33.412130356000148],[35.854279262000148,33.412960895000026],[35.854841232000126,33.41324043200018],[35.854896256000018,33.413262816000042],[35.856641769000134,33.413972854000178],[35.858414760000187,33.414832961000059],[35.858819962000155,33.415029525000136],[35.859659195000063,33.415449142000114],[35.860101896000174,33.415669029000128],[35.860811233000163,33.416021347000139],[35.862939835000077,33.416940689000171],[35.864889145000063,33.417741776000128],[35.866632462000155,33.418481827000164],[35.867559433000167,33.418920517],[35.869501113000069,33.419691086000114],[35.871389389000171,33.420541763000074],[35.87231254500017,33.420862198000179],[35.872362137000039,33.420881271000098],[35.874162674000047,33.421522140000093],[35.874542120000172,33.421659801000033],[35.874982834000036,33.421819687000095],[35.876249314,33.422403336000173],[35.876389843000027,33.422469385000056],[35.876630783000053,33.422582626000064],[35.878721237000036,33.423650742000177],[35.878877640000098,33.423711777000165],[35.879980087000092,33.424131394000142],[35.881822586,33.425012589000119],[35.883859635000078,33.426111221000099],[35.885086862000094,33.426752643000043],[35.885120366000024,33.426770154000167],[35.885122300000035,33.426771164000058],[35.886529922000136,33.427362442000117],[35.888231277000102,33.428171158000112],[35.888903633000155,33.428571415000079],[35.889692306000143,33.429040909000037],[35.890705629000024,33.429521645000193],[35.891630172000077,33.429960251000068],[35.893129348000116,33.430772782000076],[35.894880295000121,33.431612015000098],[35.897020339999983,33.43308067300012],[35.897583207000139,33.433372232000181],[35.898080826000182,33.43362998900011],[35.899157415000161,33.434336503000111],[35.899301529000184,33.434431076000067],[35.900701522000134,33.435281754000073],[35.902639389000171,33.436380386000053],[35.903907632000028,33.437436368000192],[35.90443992600018,33.437879562000091],[35.905355515000167,33.438685661000079],[35.905939102000048,33.439199448000068],[35.906418316999975,33.439658113000064],[35.907361984000033,33.440561295],[35.908472061000111,33.441591263000134],[35.909879685000021,33.442869186000109],[35.910513600000172,33.443492681000123],[35.911039352000159,33.444009781000091],[35.911277909000091,33.444249728000102],[35.912351608000051,33.445329666000134],[35.913270950000083,33.446279525000136],[35.914691559000119,33.447383698000067],[35.914880753000148,33.447530746000155],[35.915039374000173,33.447636252],[35.916532516000075,33.44862937900001],[35.917451858000163,33.449251175000143],[35.918262412000047,33.44981957900012],[35.919290542000056,33.450540542000169],[35.921522141000025,33.451822281000091],[35.923421860000076,33.453142166000134],[35.925119400000028,33.454320908000113],[35.926809310000067,33.455202102000044],[35.927882826000086,33.455843703000085],[35.928762436,33.456369400000142],[35.929989476000117,33.456997419000174],[35.930700302000105,33.457361221000042],[35.931959152,33.45816993699998],[35.932554359000164,33.45847480000009],[35.932741166000085,33.458570481000095],[35.93295065500007,33.458699637000109],[35.93482017600013,33.459852219000084],[35.936402508000128,33.461045676000026],[35.936620712000092,33.461210250000136],[35.937982559000034,33.462530136000055],[35.938568250000117,33.463005435000071],[35.938711166000189,33.46312141400017],[35.939310611000167,33.463608191],[35.940740585000128,33.464769363000187],[35.942441940000151,33.466020584000034],[35.944482802999971,33.467779159000145],[35.945706111000106,33.468893068000057],[35.945890427000109,33.469060898000066],[35.947299598000086,33.470440635000102],[35.947350005000089,33.470489997000072],[35.947351456000092,33.470491409000033],[35.948602676000064,33.471960068000158],[35.949090924000132,33.472550644000137],[35.949239731000091,33.472730636000108],[35.949529648,33.473432541000193],[35.949686050000025,33.474359512999968],[35.949869156000034,33.47545051600008],[35.949769973000116,33.479219437000097],[35.949769998000193,33.47922],[35.94992256200004,33.483110428000089],[35.950010299000098,33.48472023000005],[35.950010300000031,33.48887062100016],[35.950044087000038,33.491596925000181],[35.950059891000137,33.492872239000178],[35.950159073000179,33.496721268000044],[35.950173841000151,33.497337310000034],[35.950212478000026,33.498949051000068],[35.950192888,33.500173532000019],[35.950189591000026,33.500379563000138],[35.950189590000093,33.502290726000069],[35.950189590000093,33.503179550000084],[35.950029839000138,33.504020146000187],[35.950029373000064,33.504022598000176],[35.948461533000057,33.505449295],[35.947122574000161,33.506101608000108],[35.945859909000092,33.506341934000091],[35.944761276,33.506460190000098],[35.94326210000014,33.506521225000085],[35.941370010000071,33.507940293000047],[35.940351486,33.508562088000076],[35.939641953000034,33.509252549000109],[35.938459396000155,33.510332108000171],[35.938200088000031,33.51082021600007],[35.938199997000083,33.510820389000173],[35.938224690000084,33.510880494000048],[35.938402176000011,33.51131248500019],[35.938402176000011,33.512151718000098],[35.938044539000032,33.513134353000112],[35.938009262000037,33.513231277000159],[35.938053273000037,33.513907948999986],[35.938070297000024,33.514169693000156],[35.938199994000172,33.515150001000109],[35.938199997000083,33.515150071000107],[35.938243239000087,33.515212531000145],[35.938851584000076,33.516091252000081],[35.938852310000129,33.516092301000072],[35.938909530999979,33.516138077000164],[35.940092087000153,33.517072677000044],[35.940870285000074,33.517900467000118],[35.940920976000086,33.517959472000143],[35.941591263000191,33.518739700000026],[35.942471779000016,33.519718331999968],[35.942960740000103,33.5202617650001],[35.943441594000092,33.520711227000163],[35.944070816000078,33.521299362000093],[35.944787234000046,33.521887614000093],[35.944902420000176,33.521982193000156],[35.946199417000116,33.522970200000088],[35.947900772000082,33.523900986000058],[35.949129104000122,33.524690627999973],[35.950040104000152,33.52519643100004],[35.950372696000159,33.525381089000177],[35.950434538000138,33.525409787000058],[35.95153999300004,33.525922776000186],[35.955190658000163,33.526811600000144],[35.959939957000131,33.528032302999975],[35.962480545000176,33.528772354000012],[35.964361191000194,33.529020310000135],[35.966474381000069,33.529274429000111],[35.966772079000179,33.529310226000121],[35.966820389000077,33.529318892000163],[35.967622757000015,33.529462814000169],[35.96879005500017,33.529661178000026],[35.969240048000188,33.530050157000176],[35.969240188000185,33.530050277000157],[35.969560623000177,33.531080246000045],[35.970151901000065,33.532461167000179],[35.97049526800015,33.532954001000064],[35.970800400000144,33.533391952000159],[35.971780777000163,33.534181594000131],[35.973600388000193,33.535112381000147],[35.974710464,33.535802841000077],[35.976354140000126,33.536155706000045],[35.976789474999975,33.536249160000125],[35.978162766000025,33.53648948700004],[35.978513345000181,33.536511813000118],[35.979780197000025,33.536592483000049],[35.980707780000103,33.536286688000075],[35.980821609000031,33.536249161000057],[35.981244136000043,33.536092243000041],[35.984529496000107,33.534872055000164],[35.987592698000071,33.533739090000097],[35.988334272000145,33.533394137000073],[35.989290237000091,33.532949448000124],[35.989812700000073,33.532712901000025],[35.990259170000058,33.532510757000182],[35.991430283000057,33.53241157500014],[35.992207787000098,33.532576195000104],[35.992601394000076,33.532659531000036],[35.992978534000031,33.532779056999971],[35.993841172000145,33.533052444000134],[35.99495124900011,33.533201217000112],[35.996511459000033,33.533441544000027],[35.998198605000027,33.534260951000022],[35.999040603000026,33.534669877000113],[35.999822616000188,33.535020828000143],[35.99994290300009,33.535090762000038],[36.000150680000161,33.535211563000189],[36.001840591000075,33.535852433000116],[36.004060746,33.536691665999967],[36.00544134200004,33.537455503000047],[36.006460190000098,33.538019180000049],[36.008679997,33.539110005000168],[36.008680342000162,33.539110186000073],[36.011152267000114,33.540479660000074],[36.013750077000111,33.541559219000135],[36.014258410000025,33.541661685000065],[36.015699386000051,33.541952133000109],[36.016740799000161,33.542150498000126],[36.018239975000029,33.542200088000129],[36.018888474000107,33.54218483000011],[36.020120621,33.542150498000126],[36.021749497000144,33.541700363000075],[36.023050308000052,33.541162491000136],[36.02328300400012,33.541078567000113],[36.025331497000025,33.540330887000096],[36.026268309000102,33.540115122000088],[36.02663993900012,33.540029526000126],[36.027612686000055,33.540029525000193],[36.029827587000057,33.541345833000037],[36.030019760000073,33.541460037000093],[36.03030744299997,33.541713052000148],[36.031190871999968,33.542490005000047],[36.031641007000189,33.543569564000109],[36.032361985000136,33.544649124000046],[36.032880141000021,33.545590187000016],[36.03288078300011,33.545591355000113],[36.033033088000025,33.545793520000075],[36.03373146000007,33.54672050500011],[36.034090543,33.547122966000131],[36.035089493000044,33.548242569000138],[36.035551072000146,33.548982620000174],[36.036699590000126,33.550748630000101],[36.037630081000145,33.552179336000165],[36.03880119300004,33.553510666000193],[36.039651479000042,33.554441024000084],[36.039651870000171,33.554441452000106],[36.039790312999969,33.554537141000083],[36.040430068999967,33.554979323999987],[36.042051315000037,33.556409836000057],[36.043057124000029,33.557124736000048],[36.043291092000175,33.557291031000034],[36.043626887000187,33.557499673999985],[36.044721604000074,33.558179855000049],[36.047002793000047,33.56014061000019],[36.049884714000029,33.562773891],[36.050451279000129,33.563291549000041],[36.053121567000062,33.565462113000081],[36.053996417000178,33.566164749000109],[36.054090500000029,33.566240311000115],[36.054422379000073,33.566511154000068],[36.054455025000095,33.566537847000063],[36.055719375000081,33.567571640000097],[36.056420338000066,33.568186965000109],[36.056562423,33.568311691000133],[36.056836456000042,33.568683216000011],[36.05695915300015,33.568849563000185],[36.056959877000054,33.568849833000058],[36.057870865000098,33.569189072000142],[36.058782577000045,33.569879532000073],[36.059483333000117,33.570460378000178],[36.060209275000147,33.571062088000019],[36.060889653000118,33.571799405000036],[36.061120987000095,33.572050095000179],[36.061335592000148,33.572325296000088],[36.061769486000173,33.572881698000117],[36.062092654000082,33.573346610000044],[36.062421799000049,33.573820114000171],[36.062767025000028,33.574772854000116],[36.063009263000026,33.575441361000117],[36.063199945000122,33.576921065000136],[36.063199996000037,33.57692146300019],[36.063142777000053,33.578092575000085],[36.062940598000068,33.578931809000039],[36.062551498000062,33.5800113680001],[36.061595982000028,33.581588471000146],[36.061449051000068,33.581830978000028],[36.061245007000025,33.582191487000102],[36.060140610000076,33.584142685000074],[36.059621811000056,33.585519790000092],[36.059064897000155,33.586288607000029],[36.058839798000065,33.586599350000029],[36.057485394000082,33.58815680500004],[36.056829453000091,33.588911056000029],[36.055982589,33.58979988100009],[36.053960801000073,33.591722488000073],[36.051942825000083,33.593439102000048],[36.049341202,33.595010758000058],[36.048242569000138,33.596090316000186],[36.046480179000184,33.597471238000026],[36.044721603000141,33.598802567000178],[36.044012070000178,33.599390030000166],[36.041669845000058,33.600572586000169],[36.041471482000077,33.60072135900009],[36.039262772000143,33.602190017000112],[36.038412095000183,33.602682114000061],[36.035551071000043,33.604501724000158],[36.032941818000097,33.606279373000064],[36.031320572000084,33.607110977000161],[36.031215926000129,33.607155507000073],[36.031141281000032,33.607187271000043],[36.030336056000124,33.607540235000158],[36.028852462000145,33.608190536000052],[36.028200149000043,33.608682633000171],[36.026960372000076,33.60996055600009],[36.025621414000113,33.611082077000106],[36.024492264000116,33.612031936000051],[36.02330970800017,33.613061905000109],[36.022595774000081,33.613561660000187],[36.022470475000091,33.613649369000029],[36.022307043000069,33.613728981000065],[36.020841598000061,33.61444282500014],[36.019929886000114,33.614782333000164],[36.017911913000034,33.61541939100016],[36.017779113000074,33.615453561000095],[36.016740799000161,33.615720749000047],[36.014921189000063,33.615571975000137],[36.014001846000099,33.615491867000117],[36.013750076000065,33.615472794000027],[36.012825176999968,33.615430479000167],[36.012582779000184,33.615419388000021],[36.011789731000135,33.615295554000113],[36.010042191000139,33.615022658999976],[36.008119216000068,33.614691448000031],[36.007761001000176,33.614629746000105],[36.007575733000124,33.614611961000094],[36.006330490000039,33.614492416000076],[36.005102158,33.61428260800011],[36.003759836000143,33.614338693000093],[36.003732681000145,33.614339828000084],[36.00373257800004,33.614339886999971],[35.99839210500005,33.617391586000167],[35.997289658000057,33.618070602000046],[35.995531082000184,33.619062424000049],[35.994606888000078,33.620240521000085],[35.994489670000178,33.620389939000177],[35.994311879000122,33.620639375000053],[35.993192672000134,33.622209549000104],[35.992540359000088,33.623041153000145],[35.99214744600016,33.623792648000062],[35.992076845000099,33.623927062000178],[35.991949082000133,33.624170303000142],[35.991818997999985,33.624295545000052],[35.991231919000029,33.624860763000072],[35.990259171000162,33.625211716000081],[35.989351272000079,33.6261920930001],[35.988702774000103,33.627222061000055],[35.987920762000044,33.628549576000182],[35.987920001000077,33.628550002000054],[35.985902786000054,33.629682541000079],[35.985441207000122,33.630182266000133],[35.985120774,33.630521775000034],[35.984529496000107,33.630811691000076],[35.982450486000062,33.631502152000053],[35.981409073000123,33.632341385000132],[35.980501175000143,33.633081436000168],[35.979650498000183,33.633520127000168],[35.978681565000045,33.634500504000187],[35.97863487799998,33.635163939000108],[35.978609085000073,33.635530472000141],[35.978775820000124,33.635993446000043],[35.979001999000104,33.636621475000084],[35.978799819000074,33.63681221000013],[35.9767894740001,33.63736152600012],[35.975622177000048,33.637701034000145],[35.974771500000088,33.637849808000169],[35.974771400000066,33.637849753000069],[35.974466233000157,33.637680894000084],[35.974199295000062,33.637533188000077],[35.973802567000121,33.637311936000117],[35.973026428000139,33.636890340000036],[35.971330643000044,33.635969162000038],[35.970220566000137,33.635339737000095],[35.968141556000091,33.634149551000178],[35.966650009000034,33.633409500000141],[35.96560096800016,33.63287925700007],[35.965155022000033,33.632680332],[35.964822769000193,33.63253212],[35.963392258000056,33.632242203000089],[35.962077576000127,33.632000506999987],[35.962022782000076,33.631990433000055],[35.962022275000095,33.631990415000075],[35.960592269000074,33.63194084200012],[35.959025611000129,33.632068935000177],[35.958772658999976,33.632089615000098],[35.95876999900014,33.632089995000115],[35.957330704000128,33.632291794000025],[35.956232071000102,33.632581711000114],[35.954469681000148,33.633131027000104],[35.952711105000105,33.633810043000153],[35.952051163000192,33.634050369000136],[35.951742172000138,33.634149551000178],[35.950441360000127,33.634550095000122],[35.949190139999985,33.634660720000113],[35.948740006000094,33.634702682000011],[35.946340561000056,33.63485145500016],[35.945671851000156,33.634881443000154],[35.945489884000096,33.634889603000147],[35.945145251000099,33.634959415000026],[35.944002151000177,33.635190963000184],[35.942892074000099,33.635580063000077],[35.940809250000086,33.636522293000041],[35.94009208600005,33.637060166000026],[35.938852310000129,33.637990951000063],[35.938058853000143,33.63855171199998],[35.936971664000168,33.639322281000091],[35.936250686000164,33.639860152999972],[35.934881210000185,33.640851975000146],[35.934232712000039,33.641580581000028],[35.933061599000041,33.642770767000115],[35.932092666000074,33.644189834000031],[35.931501388000129,33.645170212000153],[35.931310654000185,33.64660072300012],[35.93137168800007,33.647779464000052],[35.931398392000176,33.647912979000125],[35.931562424000049,33.648759842000118],[35.932542801000068,33.649839401],[35.933433381000043,33.650513824000143],[35.933721542000171,33.650732040999969],[35.933851853000192,33.650812709000093],[35.933881760000133,33.650831223000182],[35.934278488000075,33.651079178000032],[35.934454242000072,33.651190572000189],[35.93482017600013,33.65142250100007],[35.935503006000147,33.651693345000126],[35.935995942000091,33.651888465000127],[35.936052323000183,33.651910782000073],[35.936642549000169,33.652356848000068],[35.937879562000148,33.653291702000104],[35.938481646000014,33.653593926000099],[35.938852310000129,33.653779983000106],[35.939012526000056,33.653894427000182],[35.939577103000147,33.654291153000145],[35.939832688000081,33.65447044400014],[35.94152259800012,33.656091690000153],[35.942375775000073,33.657282242000065],[35.942689895000171,33.657720565000034],[35.943279997000104,33.658600002000014],[35.943281174000106,33.658601760000181],[35.944322586000169,33.660421371000041],[35.944711685000073,33.661451340000042],[35.944934672000159,33.661975508000069],[35.94529914900005,33.662832260000073],[35.945339724000121,33.663098899000033],[35.945432663000076,33.663709640000036],[35.945882797000024,33.664941788000192],[35.946332053000049,33.665467930000034],[35.947309494000024,33.666612625000141],[35.94835090600003,33.667451858000049],[35.948817855000186,33.667797348000022],[35.949010849,33.667940140000155],[35.950052261,33.668729782000071],[35.952390671000046,33.669710159000147],[35.952469250000092,33.669738554000048],[35.953752518000044,33.670202255000163],[35.954523593000147,33.67054382200007],[35.955190659000095,33.67083931000019],[35.955712604000041,33.67102681900019],[35.957399368000154,33.671632767000062],[35.958803556000134,33.672135281000067],[35.958902359000092,33.672170639000115],[35.961950302000105,33.673349380000047],[35.962458857000172,33.673567737000099],[35.96402931200015,33.674242019000076],[35.965400590000115,33.675270478000186],[35.96540260300003,33.675271988000134],[35.965484928000194,33.675338804000148],[35.966192246000048,33.675912857000128],[35.966432378000036,33.676207632000114],[35.967550277999976,33.677579880000167],[35.968400955000106,33.678419113000018],[35.968756143,33.678988462000177],[35.968919754000126,33.679250717000116],[35.96949958800019,33.68008995100007],[35.970670700000085,33.682302475000029],[35.970948162000127,33.682928329999982],[35.971521378000091,33.684221268000044],[35.972299576000182,33.685789108000108],[35.972299673000123,33.685789344000113],[35.973730087000149,33.689241409000033],[35.97414017400007,33.690132624000114],[35.975492477000159,33.69307136499998],[35.976270676000127,33.695039749000159],[35.976732254000126,33.696912765000036],[35.976732254000126,33.69824028000005],[35.976400375000139,33.699220657000069],[35.97588157600012,33.700059891000024],[35.97393226700018,33.702661515000159],[35.972631455000055,33.704282761],[35.971780777000163,33.705369949000101],[35.971355874000096,33.706471563000093],[35.971059799000045,33.70723915100001],[35.971060055000066,33.707239857000104],[35.97145271300019,33.708322525000142],[35.972501500000192,33.709451401000138],[35.972501755000167,33.709451675000139],[35.972584826000173,33.709529273000157],[35.97418022200003,33.711019516000079],[35.974353189000055,33.711178131000167],[35.975099564000061,33.711862564000057],[35.976011075000088,33.712701613000092],[35.976011276000179,33.712701797000136],[35.976530075000028,33.713479995],[35.97699165400013,33.713979721000157],[35.978292464999981,33.715299606000031],[35.978866767000113,33.715642258000116],[35.979200363000189,33.715841293000153],[35.980594324000151,33.716579274000026],[35.980690604000074,33.71663024500009],[35.980691910000189,33.716630936000058],[35.98251915000003,33.717370987000095],[35.986349106000034,33.719041824000044],[35.98701772600009,33.719383404000041],[35.987401962000092,33.719579696000153],[35.988569259000144,33.720369339000172],[35.990591049000102,33.72134971600002],[35.991632461000108,33.721990585000015],[35.992601395000179,33.722970963000137],[35.993120193000095,33.724599838000188],[35.993581772000027,33.726022720000174],[35.994161605000102,33.728040695000061],[35.994821549,33.73015022300018],[35.995804142000054,33.733302484000092],[35.996049881000033,33.734090805000051],[35.996759415000099,33.736299515000042],[35.996904699000083,33.736795488000098],[35.997091294000143,33.737432480000052],[35.997235920000037,33.738400367000111],[35.997289657000124,33.738759995],[35.997610092000059,33.74038124100008],[35.997693688000084,33.740608752000128],[35.998212814000055,33.742021561000058],[35.998922348000121,33.743749619000027],[35.999665520000121,33.744306999000173],[35.999790063000034,33.744400405000079],[35.999792099000047,33.74440193200013],[36.000570066000193,33.749390073000086],[36.000570297000138,33.749391556000148],[36.001922929000159,33.750886871000148],[36.002450944000032,33.751470566000194],[36.004472732000181,33.753431320000061],[36.005447149000076,33.754302681000127],[36.006059647000086,33.754850388000079],[36.007930585,33.756050683000183],[36.00793266300019,33.756052017000115],[36.008581161,33.756811142000117],[36.009519577000049,33.757959364999977],[36.009519724000143,33.757959664000111],[36.009714855000027,33.758354248000103],[36.01038169800006,33.759702682000068],[36.010891556000161,33.76094625200011],[36.011320114000057,33.761991501000182],[36.012339007000094,33.763831315000175],[36.013341904000185,33.765642167000124],[36.013990402000047,33.767000199],[36.014304832000107,33.76769742100015],[36.01478004400019,33.768751144000191],[36.014950492000082,33.768962462000104],[36.015432358000169,33.769559861000062],[36.015760635000049,33.769727861000092],[36.016080857000077,33.769891739000172],[36.017709733000174,33.769708633000107],[36.017961502000162,33.769681931000036],[36.019552230000158,33.769239426000127],[36.022291183,33.768201828000031],[36.024522781000087,33.767061233999982],[36.025522232000071,33.766530991000081],[36.026307998999982,33.766112430000192],[36.026689529000123,33.765909195000177],[36.027569045000064,33.765477685000178],[36.027910233000057,33.76531028800008],[36.028615952000109,33.765012741000078],[36.028931,33.764879889000099],[36.028932572000031,33.764879227000051],[36.029089136000152,33.764862495000045],[36.029932022000082,33.764772415000095],[36.030443419000051,33.765088675000129],[36.030801773,33.765310286999977],[36.031442642000059,33.766191482000181],[36.031980514000111,33.766950607000183],[36.032670975000144,33.767930985000135],[36.033472062000101,33.769681931000036],[36.035272599000109,33.77185249300004],[36.035529774000167,33.772187989000088],[36.036199570000178,33.773061753000093],[36.03652906800005,33.773305189000155],[36.036710739000114,33.773439408000172],[36.037109105000184,33.773738184000024],[36.037580490000039,33.774091721000048],[36.038881302000163,33.774862289000055],[36.04075050400013,33.776330948000123],[36.042403473000036,33.777685121000161],[36.043409348000182,33.77850914000004],[36.045370101000174,33.780469895000181],[36.045878557000151,33.781109110000045],[36.047239304000186,33.782819748],[36.048048020000124,33.784231186000113],[36.048678154000072,33.785325473000114],[36.048830032000183,33.785589218000041],[36.049879518000125,33.787588651000192],[36.050920486000109,33.789571762000037],[36.051316075999978,33.790245060000132],[36.052072525000142,33.791532516000075],[36.054557652000142,33.796793080000157],[36.054750090000084,33.797200412000109],[36.054750443000046,33.797201157000075],[36.055391311000108,33.800092697000025],[36.056692123000118,33.803419113000075],[36.059141159000035,33.806520462000094],[36.059532017000038,33.807163810000077],[36.060369491000074,33.808542252000052],[36.061891556000148,33.810182572000087],[36.067720414000178,33.818132400000081],[36.069169998000177,33.820261002000166],[36.070711138000149,33.821476201000053],[36.070829392000178,33.821569443000158],[36.071188388000053,33.821699540000168],[36.072492600000146,33.822172164000165],[36.073559892000162,33.82236130800004],[36.073999404000119,33.822439194000083],[36.074327008000012,33.822530705000077],[36.075365066000131,33.822820663000073],[36.07537226400018,33.822820663000073],[36.075372696000045,33.822820663000073],[36.075415532000193,33.822833345000106],[36.075952530000052,33.822992323999983],[36.077112198000066,33.822992325000087],[36.078912735000131,33.822549820000177],[36.080419541000083,33.821512222000081],[36.081651688000136,33.820589065000036],[36.082372665000037,33.819551468000043],[36.083810807000191,33.817922592000116],[36.084262367000065,33.817425878000051],[36.084459305000053,33.817209244000082],[36.084825519000105,33.816873436000151],[36.085470200000088,33.816282273000184],[36.085561752000046,33.816221238000026],[36.086300025000071,33.815696753000054],[36.08654975900015,33.815519333000111],[36.086825001000193,33.815464496000118],[36.08754539500012,33.815320969000027],[36.087640762000092,33.815301896000165],[36.087938308000048,33.815359116000081],[36.088634706999983,33.815494843000067],[36.089582443999973,33.815679550000141],[36.091913369000054,33.816352232000042],[36.093191147000084,33.81672096300008],[36.093509023000081,33.816848781000147],[36.094282150000026,33.817159652000043],[36.095106042000111,33.817505787000187],[36.095571518000099,33.817701340000099],[36.098514957000191,33.818711959000154],[36.10206031700011,33.819929123000122],[36.102258685000152,33.819993042000192],[36.10240364100008,33.820039749000046],[36.107042313000193,33.821512222000081],[36.107901185000173,33.82203628700006],[36.10884285000003,33.822610855000164],[36.109354381000173,33.823310132000188],[36.109560012000031,33.823591233000059],[36.109650080000051,33.82382339000003],[36.110002518000044,33.824731827000107],[36.110369943000194,33.82754329900007],[36.11042976400006,33.828001022000024],[36.110499570000172,33.828347850000114],[36.110792160000187,33.829801560000135],[36.11099421800003,33.830189440000083],[36.111219406000032,33.830621720000124],[36.111729995000076,33.831540003000157],[36.11173057600007,33.831541061000053],[36.112034062000134,33.831854036000095],[36.112951279000072,33.832799911000109],[36.113351858000101,33.832940489000066],[36.114179611000111,33.833230972000024],[36.115012679000074,33.833297735000087],[36.115274429000067,33.833318710000185],[36.115381150000132,33.833327706000034],[36.116270065000037,33.833402633000105],[36.117646736000154,33.833487540000078],[36.118001938000077,33.833509445000061],[36.118978119000076,33.833766337000156],[36.11945152300018,33.833890915000154],[36.120317459000091,33.834108353000033],[36.120962143000099,33.83427238400003],[36.122549057000128,33.834272385000133],[36.12394611000019,33.834455028000036],[36.124212265000097,33.83448982200008],[36.12463453200013,33.834603211000115],[36.125860214000113,33.834932327000161],[36.127592087000153,33.835901260000128],[36.127900609000108,33.835972335000065],[36.128320694000138,33.836069107000071],[36.12922794300016,33.835944151000035],[36.130342483000163,33.835790634000034],[36.132314445000077,33.835396941000056],[36.132501602000048,33.835359574000108],[36.132831345000056,33.835347032000129],[36.135309219000078,33.835252762000152],[36.136972324000112,33.835420598000155],[36.136972426999989,33.835420608000163],[36.136988771000119,33.835424827000054],[36.138967515000047,33.835935593000045],[36.139070511000057,33.835962296000048],[36.140853812000103,33.837007896000046],[36.141302108000048,33.83727073700004],[36.142256647000067,33.838465819000135],[36.142740250000031,33.839071274000048],[36.144209278000062,33.841114295000068],[36.146421432000125,33.844190598000182],[36.147073745,33.845087052000054],[36.150392532000069,33.849641799999972],[36.152341843000158,33.85193061800004],[36.152763221000043,33.852196658000025],[36.154069901000128,33.853021621000153],[36.156522751000068,33.853731156000151],[36.158182144000136,33.853780747000087],[36.159479141000077,33.853681564000112],[36.161069870000176,33.853181839000058],[36.162649155000167,33.852262497000027],[36.163404372000059,33.851412884000183],[36.163869858000169,33.850889205999977],[36.16395524800015,33.850764065000021],[36.164312363000136,33.850240708000172],[36.164960861000111,33.84871101400006],[36.165212632000078,33.848062515000152],[36.165460587000098,33.847410202000106],[36.165681839000115,33.846101761000114],[36.166040420000172,33.843210221000106],[36.16655159000004,33.840871811000113],[36.167119980000166,33.839662552000163],[36.168210983000108,33.838140488000136],[36.17073249800012,33.835199356000146],[36.173181534000037,33.833669663000137],[36.175420761000169,33.832582473000059],[36.175533581000082,33.832550239000057],[36.175554275000025,33.832544327000107],[36.176545750000059,33.832285021000189],[36.177289963000078,33.832090378000146],[36.178800582000122,33.831922531000032],[36.181619644000136,33.83160209600004],[36.181829453000148,33.831583023000178],[36.188249588000133,33.831052780000107],[36.188510263000126,33.831009334000044],[36.188570022000192,33.8309993740001],[36.188907571000129,33.830944427000077],[36.190210342,33.830732346000048],[36.192469731000187,33.830297704000145],[36.192510605000166,33.830289841000081],[36.192558997000106,33.830281381000134],[36.193056107000189,33.830194473],[36.194669723000118,33.829912185000126],[36.199079514000061,33.828981399000043],[36.201940536000166,33.828229904000125],[36.202390670999989,33.828111649000164],[36.20302704400018,33.828075566000109],[36.203130722000026,33.828069687000095],[36.203259626000033,33.828063827000108],[36.203550338000127,33.828050614000176],[36.204992294000078,33.828222273999984],[36.2059993740001,33.828870774],[36.207220077000102,33.829801559000032],[36.207799912000041,33.830072403000031],[36.209180832000072,33.830400467],[36.210401535000074,33.829801559000032],[36.212491989,33.828649521000102],[36.21323204100014,33.828039169000022],[36.213861464999979,33.827512741000191],[36.214220047000026,33.827291489000174],[36.214799881000033,33.827241898000068],[36.215311051000015,33.827402115000098],[36.216390610000076,33.828222275000087],[36.216400584000041,33.828235876000065],[36.216432571000098,33.828279495000061],[36.21681356900018,33.828863693000073],[36.21689033500013,33.828981400000089],[36.217103532000124,33.82943033000015],[36.217901230000052,33.831110001000127],[36.218683243000157,33.832937241000138],[36.218736824000075,33.833065834000024],[36.218759537000096,33.833120346000101],[36.219629287000089,33.834932328000093],[36.21991920500011,33.835142136000059],[36.220170390000192,33.83536952500009],[36.220281223000029,33.835469858000181],[36.220281601000067,33.835470199000099],[36.220712662000096,33.835420609000096],[36.221940995000068,33.83509254400019],[36.222951889000058,33.834760666000079],[36.224751862000176,33.834760666000079],[36.224752427000169,33.834760666000079],[36.224873570000113,33.834804197000039],[36.226121903000148,33.835252762000152],[36.227060318000042,33.835691452],[36.22755770100008,33.835956100000089],[36.228071213000135,33.836229325000033],[36.22869848300013,33.836273344],[36.228940963000127,33.836290360000191],[36.229879379000181,33.836290359000088],[36.232259751000129,33.835741043000098],[36.234558159000017,33.835539369000116],[36.234781265000038,33.835519791000138],[36.235002241000188,33.835505283000145],[36.23629188600006,33.835420609000096],[36.23729896500015,33.835691452],[36.237927497000101,33.836396837000052],[36.238172531000146,33.836671830000114],[36.238241195000114,33.837602615000151],[36.238462448000064,33.838792801000011],[36.238962173000118,33.841630936000115],[36.239252090000036,33.843042373000117],[36.239751473000013,33.844096955000111],[36.239900589000115,33.844411849999972],[36.24025568400009,33.84502999200015],[36.241342544000133,33.846921921000103],[36.242212295000058,33.84871101400006],[36.242776813000091,33.849701928000172],[36.242929458000162,33.849969864000116],[36.2432117460001,33.850526810000019],[36.243851867000046,33.851783434000083],[36.24445152200019,33.852960587000041],[36.245309834000125,33.853509899000017],[36.246297836000167,33.853631973000176],[36.246400414000107,33.853645308000125],[36.24667930600009,33.853681564000112],[36.2479801180001,33.853460312000095],[36.249212265000153,33.853460312000095],[36.249557578000065,33.853481999000053],[36.250000075000173,33.85350978800011],[36.250001908000058,33.853509903000031],[36.250408026000059,33.85237132300017],[36.250429154000017,33.852312088000133],[36.250429274000055,33.852312026000106],[36.252019882000013,33.851491928000144],[36.254911423000067,33.849969864000116],[36.257429123000065,33.848611831000142],[36.257952407000175,33.848446748000072],[36.25806999200006,33.84840965300009],[36.258319531000154,33.848334979000128],[36.259599686000115,33.847951889000058],[36.261041641000133,33.847780227000044],[36.26233100800016,33.847570419000135],[36.266229629000065,33.847192764000056],[36.270631790000039,33.846860886000115],[36.272291184000039,33.846891403000086],[36.273180008000054,33.846902847000138],[36.273950577000107,33.84692192],[36.27488136300002,33.846860886000115],[36.276156828000126,33.846561527000119],[36.277189255000053,33.846319199000163],[36.277721973000041,33.846015581000074],[36.278661728000088,33.845479965000152],[36.27892112700016,33.845331192],[36.279359817000056,33.844831467000176],[36.280123304000085,33.843955274000052],[36.280729294000139,33.843259811000166],[36.283109664000051,33.841569901000128],[36.283659963000048,33.841177817000187],[36.284330368000155,33.840700150000032],[36.285200119000081,33.839879989999986],[36.287721634000093,33.83727073700004],[36.288591385000018,33.836561203000144],[36.289812088000076,33.835741043000098],[36.291841507000186,33.834760666000079],[36.294359207000127,33.834211350000146],[36.295442581000088,33.834211349000043],[36.296270370000059,33.834390640000038],[36.297529221000048,33.834650039999985],[36.297718936000024,33.834697889000154],[36.298391342000059,33.834867477000159],[36.299699784000154,33.835199356000146],[36.300946918000136,33.835422960000187],[36.30121040299997,33.835470200000032],[36.301665997000043,33.835488538000106],[36.302442551000183,33.835519791000138],[36.306329727000104,33.835519791000138],[36.306452594000064,33.835499253000194],[36.307630539000058,33.835302352000156],[36.310190201000125,33.834291458000166],[36.31036949200012,33.834211349000043],[36.312101364000057,33.833292007000182],[36.312501907000069,33.833040238000024],[36.313261032000071,33.832582474000162],[36.314021393000189,33.832088780000163],[36.314065933000165,33.832059860000072],[36.314086813000131,33.832046573000127],[36.314191819000087,33.831979752000052],[36.317152024000166,33.829961777000165],[36.319822311000053,33.827951431000088],[36.322992325000143,33.826150894000023],[36.324579238000069,33.825601578000089],[36.328481673999988,33.825441360000127],[36.333600998000122,33.82544136100006],[36.33699226400006,33.825330734000033],[36.338151932000073,33.82514],[36.338507399999969,33.825080953000054],[36.339300156000036,33.824949264000111],[36.340457306000189,33.824621903000093],[36.341241836000108,33.824399948000121],[36.343481064000116,33.824022293000041],[36.347230911000111,33.823091507000129],[36.34896278400015,33.8226604460001],[36.349969863000069,33.822500228000138],[36.352640152000163,33.82211113000011],[36.354871750000029,33.821622849000107],[36.361299514000052,33.81999015800011],[36.362451553000028,33.819662094000137],[36.364461405999975,33.819094023000105],[36.364759445000061,33.819009781000091],[36.366782869000133,33.818480206000061],[36.367280406000191,33.818349984000122],[36.367280960000073,33.818349839000177],[36.367722478000189,33.818332015000124],[36.368509292000056,33.818300247000025],[36.371252060000188,33.818571091000024],[36.372041702000161,33.818792344000144],[36.373134672000162,33.819202609000058],[36.373342514000115,33.819280624000044],[36.374860764000175,33.820150376000072],[36.375211675000116,33.820475690000137],[36.377161026000067,33.822282791000191],[36.377875536000033,33.822983204000138],[36.378320694000081,33.823419571000102],[36.378709787000048,33.823719139],[36.37875175500011,33.823751450000088],[36.378864884000166,33.823837254000125],[36.379541397000082,33.824350357000185],[36.380052566000188,33.825002671000163],[36.380554104000112,33.825740822000057],[36.381200791000083,33.826692581000032],[36.381474606000097,33.82709922000015],[36.381711960000189,33.827451706000033],[36.382234574000108,33.828390121000155],[36.382291794000025,33.828489304000072],[36.383502337999971,33.829495172000179],[36.383871078000141,33.829801559000032],[36.385389328000144,33.830350876000068],[36.386610030999975,33.830671310000128],[36.387552262000042,33.830942154000184],[36.389280320000069,33.831651688000079],[36.389860012000042,33.832090271000027],[36.389860153000143,33.832090378000146],[36.389932632000182,33.833730698000124],[36.390047321000168,33.834450692000189],[36.390069961000108,33.834592819000136],[36.390126603000169,33.834976796000035],[36.390432358000169,33.83704948400009],[36.390609018000191,33.838465869000174],[36.390649795000115,33.838792801000011],[36.390645798000037,33.838881848000028],[36.390581131000147,33.840322494000191],[36.390607476000071,33.840437751000081],[36.390672683000048,33.840723038000135],[36.390693063000128,33.840804559000048],[36.390722275000087,33.840921402000049],[36.390722275000087,33.842550277000043],[36.390802383000107,33.844240189000061],[36.390581131000147,33.84560966500004],[36.390432358000169,33.847082138000133],[36.389791489000174,33.849470139000118],[36.389280320000069,33.850400924000098],[36.388782703000174,33.851045016000114],[36.3882694240001,33.851709366000193],[36.386899949000167,33.853239060000078],[36.386510669000131,33.853517641000167],[36.385679245000063,33.854112624999971],[36.385030747000087,33.854551315000037],[36.383883636000121,33.855001854000136],[36.383661270000175,33.855089188000079],[36.382727196000189,33.855433242000117],[36.378171921000103,33.857110977000104],[36.373991013000023,33.859231949000105],[36.372339249000163,33.860162735000188],[36.371316747000094,33.860851582000066],[36.370889664,33.861139297000136],[36.370615464000082,33.861490936000052],[36.369741440000041,33.862611770000058],[36.369558334000033,33.863065720000122],[36.369302749999974,33.863702774000046],[36.368860804,33.864754072000039],[36.368799210000077,33.864900589000172],[36.36785568199997,33.86825866099997],[36.36783027700011,33.868349075000026],[36.367817708000075,33.868398053000135],[36.367719651000186,33.868780136000055],[36.367647187000046,33.868968409000104],[36.36692237900013,33.870851516000016],[36.36634254400019,33.872102737000091],[36.3641796120001,33.87330055200016],[36.362672805000045,33.873731613000018],[36.361496588000193,33.873868529000163],[36.36123085100013,33.873899460000132],[36.359491348000176,33.873949051000068],[36.358591017000037,33.87396354800012],[36.35617256200004,33.874002456000142],[36.346151352000049,33.873731613000018],[36.343629837000094,33.873651505000169],[36.34123420700007,33.873567581000145],[36.338209152000161,33.873460770000122],[36.337572098000066,33.873460770000122],[36.335470200000032,33.873731613000018],[36.331369400000028,33.874231339000175],[36.330129623,33.874330521000047],[36.329351882000083,33.87447386000008],[36.32774925200016,33.874769211000114],[36.327303265000126,33.874914534000141],[36.326391220000062,33.875211715000091],[36.325231552000048,33.875642777000053],[36.321481705,33.877061844000139],[36.320470810000131,33.87782096899997],[36.319749832000184,33.878530503000093],[36.31903266900008,33.880220413000131],[36.318460465000157,33.881750107000187],[36.318353653000031,33.882284164000055],[36.318231583000056,33.882890701000065],[36.317441940000151,33.885671615000149],[36.317152023000062,33.886980057000187],[36.316572190000159,33.888940811000055],[36.315420151000126,33.89058113100009],[36.313192368000102,33.892492294000192],[36.312051773000121,33.893182755000055],[36.310973275000094,33.893835824000178],[36.310949697000069,33.893850102000101],[36.310949325000024,33.89385032600012],[36.310770035000132,33.89391136200004],[36.305540085000132,33.89581108100009],[36.301710125000113,33.897439952000127],[36.296602249000102,33.900060652999969],[36.294141769000078,33.900442123000118],[36.291261673000179,33.900831223000125],[36.288801193000154,33.901212692000172],[36.285272599000052,33.902082443000097],[36.284242848000019,33.902441406000037],[36.284189224000045,33.902460099000109],[36.284102128000143,33.902552755000102],[36.283830643000101,33.902841568000156],[36.283250809000094,33.903329849000102],[36.283182144000193,33.903711319000081],[36.283540725000137,33.906000137000092],[36.283941591000087,33.906830882000179],[36.284120560000019,33.907201767],[36.285340351000173,33.908951405000039],[36.285341263000078,33.908952713000133],[36.285432515000139,33.90932006100013],[36.285490036,33.909551620000059],[36.285707363000142,33.909878573000185],[36.285921097000085,33.910200119000137],[36.285977141999979,33.91073876400003],[36.285989762000156,33.910860061000051],[36.286042814000098,33.911160084000073],[36.286211014000173,33.912111283000172],[36.28643226600019,33.91330909800007],[36.286546845000146,33.914177986000027],[36.28656959500006,33.914350510000077],[36.286652147000154,33.914559933000078],[36.28693199200012,33.915269852000108],[36.287567970000168,33.91648157000003],[36.288019180000049,33.917341232000069],[36.291040421000162,33.920782090000046],[36.292051315000151,33.92197227500003],[36.294359207000127,33.925569534000033],[36.295949936000056,33.928522110000074],[36.299119949000044,33.933210373000122],[36.305250168000043,33.942800522000027],[36.307779312000036,33.946779251000123],[36.307839849000175,33.946870235000063],[36.308431625000082,33.947759629000075],[36.309720797000182,33.948850466000181],[36.309720993000042,33.948850632000187],[36.310369491000188,33.949232102000167],[36.31111704000017,33.949548048000167],[36.31138038600011,33.949659348000125],[36.312250137000035,33.950159073000179],[36.313344089000111,33.950382332000117],[36.314119339000115,33.950540543000159],[36.315999985000133,33.950971604000188],[36.31780052199997,33.951570511000114],[36.317884026000172,33.951628998000047],[36.318742752000162,33.95223045299997],[36.319681167000056,33.953531265000152],[36.319808756000043,33.953745917000163],[36.320329666000191,33.954622269000026],[36.320829391000018,33.955499649000103],[36.321407571000123,33.956981159000122],[36.322851180999976,33.960680008],[36.323467952000158,33.96186592700019],[36.324579239000172,33.964002610000136],[36.325306764000061,33.965287333000106],[36.325540543000102,33.965700149000156],[36.325811387000158,33.966181157000165],[36.326459884000087,33.967332840000154],[36.327961358000152,33.969144160000099],[36.328622818000156,33.969942093000157],[36.329092621000029,33.970345369000086],[36.331289292000122,33.972230911000167],[36.338361741000085,33.976972580000165],[36.340740853000113,33.978598580000039],[36.341241837000041,33.978940964000174],[36.344270706000088,33.98127937300012],[36.345361710000077,33.982149124000046],[36.34745216400006,33.984552383],[36.347667934000128,33.9848785800001],[36.348100662000036,33.985532761000115],[36.349030491000178,33.986900828000103],[36.349031448000176,33.986902237000095],[36.349149644000192,33.987101513000084],[36.350549698000179,33.989461899000162],[36.350980131000028,33.990170400000068],[36.350980758000162,33.990171432000125],[36.351411819000191,33.991479873000117],[36.352640042000132,33.993490038000118],[36.352640152000163,33.993490219000194],[36.35321998600017,33.994031905999975],[36.354810715000042,33.994741440000098],[36.355962443000124,33.994936039000095],[36.356752396000047,33.995069504000071],[36.358480454000187,33.994909286000109],[36.358905225000058,33.994895255000131],[36.360212326000124,33.994852066000192],[36.362810135000075,33.994421005000106],[36.364330118000169,33.994360053000037],[36.364332199000046,33.994359970000119],[36.366270065000151,33.995229721000101],[36.366385637000121,33.995317725000064],[36.366685867000115,33.995546341000136],[36.367429733,33.996110916000077],[36.367612448000102,33.996404480000024],[36.368001938000191,33.997030258000109],[36.368347648,33.997599279000042],[36.368799208999974,33.998342514000171],[36.368799210000077,33.998781205000114],[36.368831232000048,33.998922777000132],[36.368871689000116,33.999101639000173],[36.369451523000123,34.000249862000032],[36.369988057000114,34.001831067000069],[36.370100021000155,34.002161026000067],[36.370679856000095,34.004011154000011],[36.370726197000067,34.004155190000063],[36.370820999000102,34.004449844000078],[36.371179581000149,34.004659653000147],[36.372015207000175,34.004847935999976],[36.37558174100019,34.005651474000047],[36.376392211000109,34.005821471000161],[36.377382278000084,34.006029129000126],[36.378789603000087,34.006800664000082],[36.380270004000067,34.007612229000188],[36.383371353000086,34.00903129500017],[36.38385590300004,34.00925045800011],[36.384450912000148,34.009519577000106],[36.38480134100007,34.009676152000168],[36.384809494000137,34.009679794000078],[36.384881845000166,34.010180931000093],[36.385171890000095,34.012189865000039],[36.385435104000067,34.014059067000176],[36.386182785000187,34.019330979000074],[36.38631578900015,34.019496651000111],[36.386400223000066,34.019601822000027],[36.390078479000124,34.026551766000068],[36.391195297000138,34.028661728000031],[36.391301965000082,34.028859827000133],[36.391302109000094,34.028860092000116],[36.394212723000066,34.028604507000182],[36.402990342000066,34.027830124000161],[36.406159340000045,34.027502165000101],[36.406160355000054,34.027502060000188],[36.405660629000067,34.029142379000064],[36.402162154000109,34.04014531700011],[36.401899338000192,34.040971755999976],[36.410285048000162,34.044888804000095],[36.410539627,34.045007706000149],[36.410630812000193,34.045049499000129],[36.410631180000053,34.045049667000171],[36.411152732,34.044727865000027],[36.412603378000142,34.043832779000184],[36.413782439000101,34.043107231000192],[36.416521072000137,34.041421890000095],[36.416550640000082,34.041410802000087],[36.416551590000154,34.041410446000043],[36.416582412000025,34.041450515000065],[36.416589737000038,34.041460038000082],[36.417230651000125,34.042246052999985],[36.422101974000043,34.048219681000091],[36.425850882000077,34.054649649000055],[36.425851822000141,34.054651260000128],[36.434072495000066,34.051382065000098],[36.440591812000093,34.050142289000178],[36.442949295000176,34.049692154000127],[36.445371628000146,34.048452378000036],[36.454999924000106,34.043531418000043],[36.462640763000024,34.043752671000163],[36.478582382000184,34.039491654000074],[36.479391099000054,34.039270401000181],[36.480600357000071,34.038949966000018],[36.48089027400016,34.038732527999969],[36.481039048000071,34.038923210000121],[36.481161118000045,34.039079666000134],[36.484670639000058,34.043519974000162],[36.488763809000147,34.048715591000075],[36.488889697000104,34.048879622000072],[36.488904050000144,34.048836554000047],[36.488927841000077,34.048765182000182],[36.495980787000065,34.026954074000116],[36.495981217000121,34.026952744000027],[36.498306472000024,34.038995654000075],[36.49992942800003,34.047399521000102],[36.500486374000104,34.048055649],[36.500486833000082,34.04805535700018],[36.501230000000191,34.048930000000155],[36.518370000000118,34.045310000000143],[36.504980000000103,34.055740000000128],[36.506060000000105,34.058080000000132],[36.50736,34.06048],[36.5101,34.065170000000194],[36.51068,34.06637],[36.512840000000153,34.070240000000126],[36.514210000000162,34.072420000000193],[36.515360000000101,34.07476],[36.51601,34.07694],[36.5163,34.07847],[36.5163,34.078740000000153],[36.51616,34.07978],[36.515940000000114,34.080870000000175],[36.514500000000169,34.083650000000148],[36.51364,34.08577],[36.51313000000016,34.087250000000154],[36.51262,34.08894000000015],[36.512410000000102,34.08965000000012],[36.512410000000102,34.09106],[36.51291,34.093790000000183],[36.51291,34.094610000000159],[36.51356,34.0958],[36.514790000000175,34.097820000000183],[36.5163,34.09951],[36.51688,34.100050000000124],[36.51818,34.101040000000182],[36.5215,34.102560000000153],[36.52308,34.103440000000148],[36.52864,34.10632],[36.531950000000165,34.10845],[36.53246,34.1091],[36.533040000000142,34.10992],[36.53354,34.11079],[36.53376,34.11205],[36.53433,34.114060000000109],[36.53484,34.11527000000018],[36.53585,34.11679],[36.536780000000135,34.117610000000184],[36.53787,34.11859],[36.53902,34.119190000000174],[36.54083,34.12011],[36.54155,34.12087],[36.54191,34.121800000000121],[36.542480000000126,34.12377],[36.54278,34.124640000000113],[36.543200000000184,34.12589000000014],[36.54378,34.126390000000129],[36.544359999000164,34.12736],[36.54609,34.128670000000113],[36.54746,34.12927000000019],[36.549190000000181,34.129930000000115],[36.552593078000029,34.130651884000144],[36.554186036000033,34.130983281000113],[36.554249753000079,34.130996537000158],[36.555761337000092,34.131292343000098],[36.558790207000072,34.131731033000165],[36.559404374000167,34.131879807000018],[36.559989197000107,34.132021948000158],[36.561460496000109,34.132379532000073],[36.562007039000093,34.132504101000166],[36.563619614000061,34.132871628000146],[36.564397812000152,34.133359909000092],[36.564634324000167,34.13350868200007],[36.564648407000163,34.133517526000105],[36.565782547000026,34.134229660000074],[36.566435845000115,34.134865671000171],[36.567079544000137,34.135492325000143],[36.568285114000048,34.136720225000147],[36.568521499000155,34.136960983000165],[36.568721776000132,34.137183244000028],[36.569459915000039,34.138002396000104],[36.570567960000119,34.139530352000065],[36.571271896000098,34.140501023000184],[36.571771622000085,34.141481400000032],[36.572061539000174,34.142412186000115],[36.572202682000182,34.143281936000108],[36.571847916000138,34.144243240000094],[36.571840286000054,34.144262314000059],[36.571762136000189,34.144410166000057],[36.571699142000114,34.144529343000045],[36.571635645000072,34.144644084000049],[36.571481704000064,34.144922257000019],[36.570112228000085,34.147100449000163],[36.569540023000059,34.147802353000145],[36.568452835000187,34.149660110000127],[36.567949295000062,34.150262832000067],[36.567522049000104,34.151182174000098],[36.567627283999968,34.15201528700004],[36.567659378000144,34.152269363000073],[36.56823921199998,34.153261185000076],[36.568537778000177,34.153683161000174],[36.568811417000177,34.154069900000081],[36.569013110000071,34.15420657500016],[36.569391250000081,34.154462814000112],[36.569735499000103,34.154689371000131],[36.569837570000061,34.154756546000101],[36.570544256000119,34.155226283000104],[36.571771622000085,34.156042099000103],[36.573637648999977,34.156992661000061],[36.576242447000027,34.158319474000166],[36.576925496000172,34.158529458000146],[36.577322006000088,34.158651352000106],[36.578748703000144,34.159486770000115],[36.580129624000051,34.160291672000085],[36.581220627,34.161001205000105],[36.581690746000106,34.161356134000073],[36.582372665000094,34.161870957000133],[36.582498550000139,34.16201209999997],[36.584470749000161,34.16420936600008],[36.585832596000159,34.166120530000114],[36.586645648000058,34.167616026000019],[36.586782456000037,34.16786766000007],[36.586849852000114,34.167990560000135],[36.58710670500011,34.168458939000061],[36.587869693000187,34.169861015000095],[36.587999344000025,34.17009925900004],[36.588193015000115,34.170611716999986],[36.588430405000054,34.171239853000088],[36.589731216000132,34.17392158500013],[36.589872360000072,34.174901963000082],[36.590379714000107,34.175989151000124],[36.592847824000046,34.181177139000056],[36.594060897000134,34.183729170999982],[36.59464073099997,34.184709549000104],[36.595651627000166,34.185689926000123],[36.596481255000072,34.186255725000137],[36.597810745000118,34.187162399000044],[36.600111008000056,34.18831062400011],[36.601419448000172,34.188852310000129],[36.601887776000183,34.189120818000163],[36.60199165299997,34.189180374000102],[36.602930069000024,34.189889908],[36.60358238200007,34.19059181199998],[36.60416221700018,34.19136238100009],[36.604810714000109,34.192399979000129],[36.605573783000068,34.192951089000076],[36.6063899990001,34.193540573000178],[36.610071182000127,34.19485282900007],[36.614110946999972,34.195890426000176],[36.617139816000019,34.19675254800012],[36.621675491000076,34.19901084900016],[36.62229593800015,34.199318572000152],[36.622621536999986,34.199480056000027],[36.62360352800016,34.200108372000102],[36.624422074000051,34.200632096000106],[36.625219345000176,34.201231003000032],[36.625316624000163,34.202051303000019],[36.625360489000172,34.202421189000063],[36.624860763000186,34.203462601000126],[36.624250412000038,34.204240799],[36.624178107000034,34.204338036000138],[36.624139785000068,34.204389573000071],[36.623443365000128,34.205125177000184],[36.621969223000065,34.20668220500005],[36.620100021000098,34.208261489000165],[36.616922379000073,34.210771560000069],[36.615549087000147,34.21207237200008],[36.613031387000035,34.214250564000167],[36.608201980000047,34.218561172000136],[36.605821609000145,34.220090866000078],[36.603651047000142,34.221231461000173],[36.60091209400008,34.222429276000071],[36.600910254000155,34.222429889000068],[36.600884810000139,34.222438371000067],[36.600522995000176,34.222558975000084],[36.599356868000029,34.222946054000033],[36.597810745000118,34.223459244000026],[36.59441947900018,34.224390030000166],[36.591821671000162,34.224939347000031],[36.59060096800016,34.225149154000064],[36.590491332000113,34.225206646],[36.589662552000107,34.225641251000184],[36.588688267000066,34.22617985300019],[36.588579178000032,34.22624015800011],[36.588004938000097,34.226828929000078],[36.586919784000031,34.227941513000076],[36.58654975800016,34.228921890000095],[36.586271287000102,34.230112076000182],[36.585981369000081,34.232351303000087],[36.585832596000159,34.232999802],[36.585912704000179,34.236661911000056],[36.586412430000166,34.239709854000125],[36.586492539000119,34.242162704000179],[36.586542928000085,34.243791951000105],[36.586549728000136,34.244011808000039],[36.586549759000036,34.244012833000056],[36.586412430000166,34.244939804000126],[36.586202621000098,34.246740342000066],[36.585691452000162,34.249029160000077],[36.585691452000162,34.249952316000076],[36.585401535000074,34.251482010000132],[36.583600998000065,34.256391525000026],[36.58179283200019,34.260751724000102],[36.579580307000185,34.265626908000058],[36.57855033900006,34.267892837000034],[36.577249527000049,34.2704524990001],[36.575811386000169,34.273279190000153],[36.575300217000063,34.274480819000189],[36.574941640000134,34.276662797000029],[36.574941635000073,34.27666282600012],[36.574950402000184,34.27667774300005],[36.575452805000111,34.277532578000148],[36.575557591000063,34.27763236300018],[36.576890946000162,34.278902053000024],[36.579412461000175,34.280591965000099],[36.581220626000118,34.281522751000182],[36.584249497000144,34.283311843000035],[36.588361740000153,34.286092758],[36.592426179000086,34.288099663000082],[36.593561172000136,34.2886600490001],[36.593686878000028,34.288749285000165],[36.594179154000074,34.289098740000043],[36.59449934200012,34.289321019000056],[36.594640732000073,34.289419174000102],[36.595861435000074,34.290349960000185],[36.597659473000192,34.292385931000183],[36.598600387000033,34.293451309000034],[36.601060868000161,34.296232223000061],[36.602140131,34.297811076000073],[36.602140426000119,34.297811508999985],[36.602281570000059,34.298959732000071],[36.602350235000188,34.300432205000106],[36.602060318000099,34.302282333999983],[36.60144563,34.304054853000025],[36.601339434000124,34.304361073000109],[36.601339340000095,34.304361343000153],[36.600481033000051,34.30599021900008],[36.599321365000037,34.307462692000172],[36.598031985000091,34.308836240000119],[36.597860336,34.30901908900006],[36.597381461999987,34.309414295000067],[36.596441269000138,34.310190201000182],[36.59456062300012,34.311330795],[36.592332840000097,34.312211990000037],[36.590906647000111,34.312535830000172],[36.590669631000026,34.312589645000116],[36.589331581000181,34.312646632999986],[36.588071823000064,34.312700272000086],[36.588070159999972,34.31269999400007],[36.588053868000088,34.31269727],[36.586771012000156,34.312482834000036],[36.584611893000101,34.31215095500005],[36.582811356000093,34.312040329000126],[36.580072403000031,34.31215095500005],[36.57797050400012,34.312372208000113],[36.576601029000074,34.312749863000192],[36.576410293000094,34.312871933000167],[36.574731827000107,34.313840866000135],[36.573572158000161,34.314661026000124],[36.573072434000039,34.314882278000141],[36.572282792000067,34.315149308000059],[36.572281701000065,34.315149419000136],[36.57142777200005,34.315236005000031],[36.571191788000021,34.31525993300005],[36.571191217000091,34.31525987800012],[36.570991894000031,34.315240458000119],[36.568960190000155,34.315042495000171],[36.567522049000104,34.314771652000047],[36.566289901000118,34.31455040000003],[36.565710068000158,34.314599993000172],[36.56571,34.3146],[36.565282821999972,34.314661026000124],[36.564699173000122,34.314882279000074],[36.563329697000142,34.31580162],[36.562540054000067,34.316621781000094],[36.560865402000047,34.319002151000063],[36.560659409000152,34.319292068000152],[36.560091019000026,34.321199417000173],[36.560091018000094,34.322130203000086],[36.561090469000135,34.325941086000171],[36.561388016000137,34.327562332000184],[36.56160163800007,34.328722],[36.561742782000181,34.330141067000113],[36.561380386000053,34.331392289000121],[36.56094932600007,34.332212448000178],[36.560300827000162,34.332860947000086],[36.558069855000156,34.334938876000024],[36.556909561000055,34.336019516000079],[36.555680333000112,34.336934906000124],[36.553159714,34.33881187500009],[36.55230140700013,34.339620590000095],[36.551610738000136,34.340136948],[36.551500320000059,34.340219497000191],[36.549699783,34.342069626000068],[36.549637301000189,34.342172041000083],[36.549192429000129,34.342901230000109],[36.548540115000151,34.344041823999987],[36.547391892000121,34.34715080300009],[36.547391891000188,34.347852706000026],[36.547174453000139,34.34882545500011],[36.547101975000032,34.349161148000121],[36.546812058000114,34.35025215200011],[36.545511246000103,34.35407066300013],[36.545011521000049,34.355112076000069],[36.544548344000191,34.355997803999969],[36.544359208000174,34.356359482000073],[36.544046583000181,34.356714409000062],[36.54306221000013,34.357831955000165],[36.540472031000149,34.360769271000152],[36.537939072000086,34.362901688000136],[36.534982682000077,34.366060257000072],[36.533250809000037,34.367700577000107],[36.531381607000128,34.369760513000188],[36.531053543000155,34.370168686000113],[36.530370712000035,34.371019363000073],[36.530080795000117,34.372110367000062],[36.530580320000183,34.372930198000176],[36.530580520000171,34.372930527000108],[36.532239914000172,34.373960495000063],[36.534189224000158,34.374731064000116],[36.534725939000054,34.37510714400014],[36.53527259800012,34.375490189000118],[36.53608350900015,34.376664486000038],[36.536779404000072,34.377672196000105],[36.537080765000042,34.378332138000189],[36.537692633000063,34.379070266000156],[36.537801308000098,34.379201365000085],[36.537801742000113,34.379201889000115],[36.538046369000028,34.379457084000194],[36.538949967000178,34.380399704000183],[36.540247539000063,34.381103678000159],[36.54155159000004,34.38181114200006],[36.541682460000061,34.381898988000046],[36.543500900000026,34.383119583000052],[36.543893815000104,34.383451462000096],[36.544721603000028,34.38414955200011],[36.545442582000135,34.385900497000137],[36.54651872400018,34.38687434700006],[36.547609329000068,34.387861252000107],[36.549989700000083,34.390592575000028],[36.550722765000103,34.391782698000043],[36.55093193099998,34.392122268000037],[36.552652359000035,34.395601273000068],[36.553022385000133,34.396310806000031],[36.553880692000178,34.398660660000132],[36.55391319,34.399124659000051],[36.553949355999976,34.399641037000151],[36.554132196000182,34.399954705000027],[36.55439186000018,34.400400161999983],[36.555971145000058,34.406011582000133],[36.556261063000022,34.407209397000031],[36.556192398000121,34.411409377999973],[36.556051254000181,34.411901474000047],[36.55547142100005,34.415071488000137],[36.554101944000024,34.417852402000165],[36.552801132000184,34.420900345000064],[36.552221298000177,34.421930313000189],[36.550851822000027,34.42329216000013],[36.54892905700018,34.424144775000059],[36.548761367000168,34.424219132000076],[36.548087018000047,34.42435034500005],[36.54623222400005,34.424711228000149],[36.543569565000098,34.425310135000018],[36.541982650000193,34.425580979000074],[36.539960861000168,34.425912857000185],[36.538011551000125,34.426240921000158],[36.536062240000092,34.42662239100008],[36.534910202000162,34.427270889999988],[36.534330368000099,34.427602768000099],[36.534237626000106,34.428028879000124],[36.534189224000158,34.428251267],[36.534219742,34.428750992000062],[36.534226222000029,34.428868229000102],[36.534261703000027,34.42951011700012],[36.533958898000094,34.43028785000007],[36.533899471999973,34.430440480000073],[36.53389930700007,34.430440903000033],[36.533250808000162,34.431032181000091],[36.53275108400004,34.431200027000102],[36.531740189000118,34.43201255800011],[36.531091691000142,34.43288993900012],[36.529932022000025,34.433320999000102],[36.529200217000096,34.4336933780001],[36.529069900000081,34.433759689000169],[36.528848982000113,34.433793767000168],[36.528352738000081,34.433870315000092],[36.528351698000165,34.433869741000024],[36.528056043000106,34.433706279000035],[36.527559280000162,34.433431625000026],[36.526861191000194,34.432802200000083],[36.526844312000151,34.432789541000034],[36.526830673000177,34.432779313000026],[36.526378454000167,34.432047302000171],[36.526300431000152,34.431921005999982],[36.526189804000182,34.431741715000157],[36.526041103000011,34.43136046300009],[36.52568245000009,34.430440903000033],[36.525682449000044,34.429182053000147],[36.525461197000027,34.428911209000091],[36.525460338000187,34.428910414000143],[36.525448511000036,34.428899469000044],[36.52510261499998,34.428579330000105],[36.524881363000191,34.428480149000166],[36.524880902000064,34.42848041100018],[36.524641284000097,34.428616409000028],[36.524599075000083,34.428640365000092],[36.524438460000056,34.428931407000164],[36.524091721000048,34.429559708],[36.524091721000048,34.430002213000137],[36.523881913000082,34.43026924100019],[36.523302078000143,34.43077278200019],[36.523149491000027,34.431070327000043],[36.522722244000136,34.431909561000055],[36.522588730000109,34.432683945000178],[36.522581100000025,34.43272209100013],[36.522538380000185,34.432964177000088],[36.522523880000051,34.433046341000136],[36.522507298000107,34.43314652000015],[36.52243232800015,34.433599472000139],[36.522100449000106,34.434053421000158],[36.521711350000146,34.434579849000158],[36.519979477000106,34.435670853000033],[36.518182754000065,34.436700821000159],[36.517240524000101,34.437299728000085],[36.516950607000183,34.437631607000071],[36.516229630000112,34.437360763000072],[36.51522255000009,34.437410355000054],[36.514360427999975,34.438291549000155],[36.51384925900004,34.438772202000052],[36.513372422000145,34.439672470000119],[36.513295675999984,34.439811748000068],[36.513269424000157,34.439859390000095],[36.513267957000096,34.43989166900019],[36.51326561000019,34.439943313000015],[36.513212204000183,34.440790176],[36.513312051000185,34.441373153000029],[36.51333046000002,34.441480637000041],[36.513347949000149,34.441578286000038],[36.513422012000149,34.441991806000146],[36.513921738000136,34.442972183000165],[36.513974897000139,34.443328668000106],[36.513986587000034,34.443407059000094],[36.51404717600019,34.443800886000076],[36.514070511000057,34.443952560000184],[36.513711929000067,34.44461250300003],[36.512552262000156,34.445371628000032],[36.510900498000069,34.447011948000011],[36.509241104000068,34.448530197000139],[36.508512496000037,34.44928932199997],[36.507567200000153,34.450058209000076],[36.50742970500005,34.450170043000128],[36.507429123000179,34.450170517000174],[36.505990982000128,34.450380325000083],[36.504190444000187,34.45022010800011],[36.50419014400012,34.450220012000102],[36.504064216000188,34.450179978000165],[36.503530502000103,34.450010299000041],[36.502740860000131,34.449842453000031],[36.501512528000092,34.449731826000175],[36.500791915999969,34.449497681000082],[36.500150680000047,34.44928932199997],[36.499917343,34.449348165000174],[36.499711991000083,34.449399949000167],[36.499710932000085,34.449399767000159],[36.49813270500016,34.449129104000065],[36.497826808000127,34.449202463000177],[36.496541977000163,34.449510574000158],[36.495092392,34.449892044000137],[36.494302749000155,34.450502396000161],[36.494230270000116,34.450929642000176],[36.494230006000066,34.45093000300011],[36.493291855000166,34.452241897000135],[36.491712570000175,34.45332908600011],[36.490842820000125,34.454370499000049],[36.489690781000093,34.454961777000108],[36.488679886000057,34.455892563000191],[36.487020492000056,34.457090378000089],[36.486009597000191,34.457632065000041],[36.48391914400014,34.457632065000041],[36.483121871000151,34.457910538000078],[36.48125267100005,34.458620071000098],[36.479890823000176,34.458845139000061],[36.478940964000174,34.459001542000124],[36.476629257000127,34.459432602000106],[36.475122452000051,34.459810257000186],[36.473459243000036,34.460092545000066],[36.47208976800016,34.460031510000078],[36.471536636000053,34.460268021000047],[36.470792771000049,34.460580826000069],[36.468549727999971,34.461511612000152],[36.467691421000097,34.461942672000134],[36.466428756000028,34.462503433000052],[36.466100693000101,34.462652207000133],[36.465787888000079,34.462800980000111],[36.465311050000082,34.463029861000109],[36.464300156000093,34.463361740000096],[36.463606425000137,34.463783852000063],[36.463579178000145,34.463800430000163],[36.463541120000173,34.463829309000175],[36.46293067900001,34.464292526000065],[36.462282181000035,34.465322495000066],[36.461992264000116,34.466680527000165],[36.461481095000181,34.467451095000172],[36.460542679000127,34.468431473000123],[36.459901809000087,34.470552444000191],[36.45968055700007,34.47137260400018],[36.45958473100012,34.472411158000114],[36.459539413000073,34.472902298000122],[36.459539414000176,34.473661422000191],[36.459459305000053,34.476720810000188],[36.45942593,34.477155625000194],[36.459321975000023,34.478509902999974],[36.458452224000098,34.480089188000193],[36.457521439000118,34.480691910000132],[36.456151962000035,34.481180191000135],[36.454702377999979,34.481130600000029],[36.452901840000038,34.481130600000029],[36.451749802000109,34.481290817000058],[36.450380325000083,34.481840133000048],[36.449220658000115,34.482549668000047],[36.448209762000147,34.48364067100016],[36.446912765000036,34.485429763000013],[36.446340561000113,34.486150742000063],[36.446204861000069,34.487046839000072],[36.446119309000096,34.487611771000104],[36.446082886000056,34.48787823400005],[36.445901871000046,34.489202499999976],[36.445760727000106,34.492631913000139],[36.445901870000171,34.494539261000057],[36.446271896000042,34.495851517000062],[36.446357489000093,34.496562410000024],[36.446409226000014,34.496992111000111],[36.446513208000113,34.497992598000053],[36.446550370000182,34.498350143000039],[36.446771621999972,34.500040055000056],[36.448072434000153,34.502199173],[36.448315995000144,34.503126585000189],[36.448369980000109,34.503332138000076],[36.448576699000057,34.504099956000175],[36.448770523000121,34.504819870000063],[36.448591232000069,34.50639152500014],[36.447729110000182,34.507051468000157],[36.44617271400017,34.507440567000117],[36.442869186000053,34.507440567000117],[36.438539505,34.507051468000157],[36.435770035000189,34.507310868000104],[36.426061630999982,34.510461807000127],[36.422422409000148,34.511240006000151],[36.422420387000159,34.511239917000012],[36.421524117999979,34.511200538000082],[36.416521072000137,34.510980606000146],[36.414910125000119,34.510477094000066],[36.408552170000178,34.508489609000037],[36.407776825000042,34.508047157000192],[36.406419754000126,34.507272720000174],[36.40114021300019,34.504381180000166],[36.399747454000135,34.503635971000051],[36.397062302000165,34.502199173],[36.39476028100006,34.500952162000146],[36.393541337000102,34.500291825000147],[36.393220901000063,34.500112533000049],[36.389261246000046,34.499292374000106],[36.386140823000062,34.498842239000112],[36.385412216000077,34.498842239999988],[36.383382798000071,34.498842239000112],[36.379552841000134,34.499300003000144],[36.378812790000097,34.499391556000148],[36.377176293000161,34.49941319900006],[36.376504898000121,34.499422073000119],[36.374899603000074,34.499445493999986],[36.374151230000052,34.499456405000103],[36.373170853000033,34.499471664000055],[36.368249649000177,34.498525984000139],[36.368009568000105,34.498479843000155],[36.367704858000138,34.498623458],[36.367078781000089,34.498918534000097],[36.365499496000098,34.499662399000101],[36.365201950000142,34.500169754000069],[36.365011215000095,34.500471115000039],[36.364290238000024,34.501562119000084],[36.363849947000119,34.501951160000033],[36.363569259000144,34.502199173],[36.362471680000056,34.502912605000063],[36.361890793000043,34.503290176000121],[36.360471725000025,34.504072189000112],[36.359994239000116,34.504371925000044],[36.359949235000158,34.504400176000161],[36.359949112000038,34.504400253000085],[36.359342575000028,34.504541397000025],[36.358819962000041,34.504541397000025],[36.357702255000049,34.503622055000164],[36.357700469000065,34.503620385000033],[36.357595586000173,34.503522325000063],[36.355531692000113,34.501592636],[36.354230881000035,34.500871659000154],[36.354162216000134,34.500822067000115],[36.35407066300013,34.500741959000095],[36.353189468000096,34.500082016000079],[36.351840114000026,34.499471384000174],[36.351461410000127,34.499300003000144],[36.350984629000038,34.499235293000083],[36.349550247000025,34.499040602999969],[36.346952438000073,34.498811722000141],[36.346200943000156,34.498857498],[36.343751907000069,34.499002456000142],[36.340799332000074,34.499200821000102],[36.340780259000041,34.499208450000083],[36.339621323000074,34.499579904000086],[36.339590072000021,34.499589920000062],[36.339498484000103,34.499614082999983],[36.338071823000121,34.499990464000177],[36.337381363000191,34.500780105000047],[36.337202071999968,34.500982285000077],[36.336217880000106,34.501913070000057],[36.335161210000081,34.502912521000098],[36.33289909400014,34.504991532000076],[36.331811905000109,34.50670051600008],[36.331010818000038,34.508901596000101],[36.330720902,34.509832382000184],[36.33014106800016,34.511980057000187],[36.329412461,34.515062332000184],[36.32912254300004,34.517042160000074],[36.329191208000111,34.518850327000166],[36.329412461,34.52034187300012],[36.32977035600004,34.521320376000176],[36.329771042000118,34.521322249999969],[36.330720902,34.52232170100018],[36.332830429000012,34.523691178000036],[36.335382461000165,34.524572372000137],[36.337936136000167,34.525312885000062],[36.338579177000156,34.525499344000082],[36.340356014000179,34.526002477000077],[36.343671799000163,34.5269412990001],[36.347148931999982,34.52793481599997],[36.350000381000143,34.528749466000079],[36.351236825000115,34.529138732000149],[36.353502273000174,34.529851913000073],[36.358301163000192,34.531221390000155],[36.364480972000024,34.533311844000082],[36.36717033400015,34.534631729000125],[36.371030808000171,34.536672592000173],[36.376199722000081,34.53947258],[36.383483758000068,34.542907981000155],[36.386011124000106,34.544099808000055],[36.386476992000098,34.544320601000152],[36.387620926000068,34.544862747000025],[36.391912461000118,34.546892166000191],[36.394861221000042,34.548261643000103],[36.396965865000084,34.549237181000137],[36.399042130000055,34.550199509000038],[36.401498329000162,34.55160635600015],[36.403551101000176,34.552782058999981],[36.407031810000149,34.554541379000057],[36.409521103000145,34.55579948500008],[36.411561966000136,34.557069778000141],[36.414262772000143,34.558710099000052],[36.414430621000065,34.558813568000176],[36.41454124500018,34.558881760000133],[36.41517066900019,34.559282303000145],[36.416139604000193,34.559869763000052],[36.416181744000085,34.559932616000026],[36.416582107000124,34.56052970900015],[36.416582107000124,34.561899185000129],[36.416360855999983,34.564111710000134],[36.41613960300009,34.565042495000114],[36.415410996000105,34.567182541000079],[36.414251327000159,34.56916999800012],[36.412210464000168,34.571252823000066],[36.410261155000057,34.572809219000078],[36.409811020000063,34.573179245000119],[36.407121658000108,34.576040268000156],[36.405515459000185,34.577949853000121],[36.404859543000043,34.578729629000179],[36.404601305000028,34.579228474000161],[36.403631210000128,34.581102371000043],[36.403356552000162,34.581918717000065],[36.403261184000087,34.582201004000069],[36.402540213000179,34.585062016],[36.402822494000191,34.587690354000074],[36.402822495000123,34.588960648000182],[36.402170181000145,34.590551376000178],[36.402170181000145,34.591650010000137],[36.402391433000162,34.592641831000037],[36.402511198000184,34.593262148000122],[36.402540207000186,34.593412398999988],[36.40281172300007,34.594212536000043],[36.402970721000088,34.594681080999976],[36.402971268000044,34.594682693000152],[36.403337177000026,34.595230772000093],[36.403852463000078,34.596002579000071],[36.405012131000092,34.597482680999974],[36.405101954000145,34.597613334000073],[36.405809402000045,34.598642349000045],[36.406183574000124,34.599072873000125],[36.406442642000059,34.599370955999973],[36.40673591500007,34.599899896000068],[36.406869888000074,34.600141525000083],[36.406949888000099,34.600850087000083],[36.406949997000027,34.600851059000149],[36.406591415000037,34.601129532000186],[36.405351639000116,34.602060318000099],[36.404760361000058,34.602399826000124],[36.404039837000084,34.602830615000187],[36.404039383000054,34.602830887000039],[36.404011562000164,34.60293729],[36.403821946000107,34.60366249100008],[36.403928522000058,34.604064494000056],[36.404039383000054,34.604482651000069],[36.404970169000137,34.605619430000104],[36.405264182000053,34.605975186000194],[36.405351639000116,34.60608100900015],[36.405518967000091,34.60622577800018],[36.40637016300019,34.606962204000183],[36.408990860000017,34.608110428000145],[36.410810471000048,34.608781814000054],[36.411584584000082,34.608910085000105],[36.41212272700011,34.608999252000103],[36.412398989000053,34.609012682000184],[36.413221359000033,34.60905265800011],[36.415494919000025,34.608808517000057],[36.415761948000181,34.608781814000054],[36.418382644000133,34.608011246000103],[36.420061111,34.607511520000116],[36.422460556000033,34.606252671000163],[36.424142837000034,34.605360031000032],[36.426759720000121,34.60405159000004],[36.429090499000154,34.602121353000086],[36.430058994999968,34.60069789],[36.430479049000098,34.600080490000096],[36.430522897000174,34.599867668000059],[36.430635452000161,34.599321365000094],[36.431280136000055,34.596120834000033],[36.432149887000151,34.593091965000156],[36.432638313000041,34.592256501000122],[36.43272972200009,34.592100143000152],[36.432730001000039,34.592100002000052],[36.434049605000155,34.591440200000193],[36.434143070000118,34.59143829400017],[36.434236527000166,34.591436387000101],[36.437322617000063,34.591379164999978],[36.437824257000159,34.591325622999989],[36.43935966500004,34.591161728000031],[36.441434592000178,34.59105699700018],[36.44215583800019,34.591020584000091],[36.445197254000107,34.590870089000134],[36.447011948000181,34.590780258000109],[36.449071884000091,34.590604782000128],[36.449571609000145,34.590562821000162],[36.450506211000175,34.590425491000133],[36.45110130300003,34.590341568000042],[36.452260971000044,34.590280533000055],[36.453130721999969,34.590280533000055],[36.45459175100018,34.590612412000041],[36.454815802000155,34.590886610000041],[36.455392837000034,34.591592789000117],[36.455512970000086,34.591737564000084],[36.455541611000058,34.591772080000112],[36.457139968999968,34.593641281000146],[36.457731372000183,34.59493847400006],[36.458520890000102,34.596670151000069],[36.459402084000033,34.599691391000135],[36.460271835000128,34.602560043000153],[36.460271836000061,34.6054019930001],[36.460271836000061,34.605531692000113],[36.460050582,34.60905265800011],[36.459981919000143,34.610372543000153],[36.459993362000091,34.611658097000145],[36.459997177000162,34.612142563000077],[36.46004295400013,34.616819382000017],[36.460050583000111,34.61786079400008],[36.459951871000101,34.618399711000166],[36.459909439000171,34.618631363000134],[36.459928013000081,34.618900195000151],[36.45998191800004,34.619680405000054],[36.4599212870001,34.620602634000079],[36.459909439000171,34.620782852000048],[36.460049105000166,34.621266869000067],[36.460130692000064,34.621549606000087],[36.461310276000177,34.623552594999978],[36.46224021900008,34.625131607000071],[36.462304834,34.625275877000092],[36.462682724000047,34.626119614],[36.463411331000032,34.627771378000091],[36.463762283000108,34.629201889000058],[36.463762283999984,34.629800796000154],[36.46384239200006,34.631242752000105],[36.46384239200006,34.631372452000164],[36.463842391000128,34.632669449000105],[36.463783140000146,34.633212070000127],[36.463769913000192,34.633333206000032],[36.463689804000069,34.634099961000118],[36.463689804000069,34.634759903000031],[36.463666851000028,34.634796376000111],[36.463411331000032,34.635202408000168],[36.463124872000037,34.635409094000181],[36.46310997,34.635419846],[36.462553740000033,34.635289120000039],[36.460561752000046,34.634820938000189],[36.458162308000112,34.634431839000058],[36.455610275000083,34.633882522000192],[36.453556808000087,34.632967508000149],[36.453401566000025,34.632898330000103],[36.452326568000046,34.632420732000185],[36.450662613000134,34.631681442000115],[36.445199966000189,34.628820419000135],[36.44498943200017,34.628667068000141],[36.444272995000119,34.6281452180001],[36.443040770000039,34.627251753000166],[36.441400528000031,34.626062392999984],[36.439098057000024,34.623988947000043],[36.437910080000051,34.622919082000067],[36.436990738000191,34.622339249000163],[36.436181159000114,34.621828470000082],[36.435140609000143,34.621171951000179],[36.432236360000104,34.618813002000138],[36.430040359000031,34.617029190000153],[36.429192963000105,34.616299224000159],[36.429021835000128,34.616151809000144],[36.427930832000015,34.615831375000084],[36.427275773000076,34.615584666000188],[36.427049637000039,34.615499496000098],[36.426955284000144,34.615518944000087],[36.426549912000155,34.615602493000154],[36.425962448000064,34.615942002000111],[36.424730301000181,34.616601943999967],[36.423479080000106,34.61715126100006],[36.421300888000189,34.619569778000084],[36.420644972000105,34.62008280200007],[36.41954994200006,34.62093925500011],[36.417778342000076,34.622134172000131],[36.415472031000093,34.623689652000053],[36.411321640000153,34.626562118000038],[36.4100894930001,34.627271652000161],[36.406801224000048,34.629152298000122],[36.404619217000061,34.629861831000142],[36.402940751000131,34.630460739000114],[36.401052475000029,34.630640030000109],[36.401051119000101,34.630639893000193],[36.400911566000161,34.630625802],[36.399881363000134,34.630521774000101],[36.398279190000153,34.630411148000178],[36.396310805999974,34.629800796000154],[36.394781113000192,34.629201889000058],[36.394037213000104,34.628923276000194],[36.393762588000186,34.628820419000135],[36.393760112000166,34.628820041000097],[36.391939163000018,34.628541946000098],[36.389101028000141,34.629529953000031],[36.384511947000135,34.631132126000182],[36.38335228,34.631731033000051],[36.381669998000064,34.632860184000151],[36.378171921000103,34.635202407000065],[36.374822616000188,34.637899399000105],[36.373811722000028,34.638452530000109],[36.369802475000029,34.640821457000129],[36.369676323000078,34.640903084],[36.36967277500014,34.640905380000049],[36.369506252000122,34.641017334000082],[36.367181778000031,34.642580032000012],[36.364593094000043,34.644707569000104],[36.363969803000089,34.645219803000032],[36.363299521000044,34.645812315000057],[36.360715866000078,34.648096085000191],[36.360540390000097,34.64825248700015],[36.35969938900007,34.648982415000148],[36.359529496000107,34.649129867999989],[36.35918703700014,34.649551318000078],[36.357561112000155,34.651552201000129],[36.355962753000142,34.65348243700015],[36.354429245000119,34.655302048000181],[36.352170944000022,34.65810966500004],[36.350282669000194,34.660310745000061],[36.349180307000154,34.66190135100004],[36.34918022200003,34.66190147400016],[36.349186896000049,34.661930340000083],[36.349332810000021,34.662561416000074],[36.349332809000146,34.663660049999976],[36.349981308000054,34.664770127000111],[36.350230599000156,34.66491761400016],[36.350709916000142,34.665201187000036],[36.350788031000093,34.665473112000086],[36.351011277000111,34.666250229000184],[36.350572587000045,34.667299271000104],[36.350282669000194,34.667909622000082],[36.350572586000112,34.668619156000148],[36.350685627000132,34.668983399000183],[36.350709836000135,34.669061405000093],[36.350709915000039,34.669061661000114],[36.350641250000137,34.669660568000154],[36.350130081000032,34.670221329000128],[36.349111557000128,34.671369552000158],[36.346780776000116,34.674730301000181],[36.345472336,34.676931381000031],[36.344522476000122,34.678640366000138],[36.344011307000187,34.679460526000128],[36.342481613000075,34.680120467999984],[36.335779190000039,34.682542801000125],[36.332651138000188,34.683702469000025],[36.332281112000146,34.683702469000025],[36.330820083000162,34.683870316000139],[36.325441360000184,34.684362411000052],[36.324491501000182,34.684579850000034],[36.323591232000012,34.684682846000044],[36.322519303000092,34.684801101000119],[36.319169999000053,34.684862136000106],[36.318933566000112,34.684843113000056],[36.318838120000066,34.684835434000036],[36.317491531000087,34.684740066000131],[36.316259587000104,34.684579876000043],[36.316259384000034,34.684579850000034],[36.316126863000136,34.684539956000094],[36.313699722000138,34.683809281000151],[36.313013555000111,34.683365219000166],[36.31174278300017,34.682542801000125],[36.311741714000163,34.682541109000169],[36.31014061000019,34.680009842000118],[36.308903625000085,34.678906974000142],[36.308099746000096,34.678190231000087],[36.307081223000068,34.677152633000048],[36.307080453000026,34.677150463000032],[36.30591011000007,34.673849105000102],[36.305181503000142,34.672472],[36.303361893000044,34.669439315000091],[36.302969688000189,34.66896949],[36.302629471000159,34.668561935000128],[36.302419662000148,34.667459488000134],[36.302709580000112,34.665761947000078],[36.302709761000074,34.665761396000164],[36.303510666000136,34.663331985000127],[36.304601670000181,34.660959244000026],[36.306352615000037,34.658319474000052],[36.307512283000051,34.656339645000116],[36.307592392,34.655302048000181],[36.307512283000051,34.65458107],[36.30679130599998,34.65392112800015],[36.306570053000087,34.653699875000029],[36.306421280000109,34.653150558000164],[36.306211472000143,34.652929306000146],[36.305949303000034,34.652854885000124],[36.305620194000085,34.652761460000079],[36.305130563000148,34.652439334000121],[36.305040360000078,34.652379990000156],[36.304865915000107,34.651914208000164],[36.304670334000036,34.651391983000053],[36.304670002000137,34.651390000000163],[36.304311752,34.649240494000082],[36.304311752,34.648469925000029],[36.303220749000047,34.646379471000103],[36.303260213000158,34.64546084300008],[36.303289414000176,34.644781112000089],[36.302150732000086,34.643264042000169],[36.302049637000152,34.643129349000105],[36.300741195000057,34.641199111999981],[36.300451279000072,34.640321731000142],[36.300450482000088,34.640321462000031],[36.299650192000115,34.640050889000122],[36.29892158500013,34.639772416000085],[36.29826164200017,34.639112473000125],[36.298261207000053,34.639111207000155],[36.298051834000034,34.638502121000045],[36.297750473000065,34.638059616000135],[36.297540665000099,34.637620926000068],[36.297381054000141,34.637119615000074],[36.2972698210001,34.636770249000108],[36.297249720000138,34.636700809000047],[36.297101975000032,34.636190415000101],[36.296880722000139,34.635591507000072],[36.296880376000104,34.635591025000053],[36.296778404000179,34.635449153000025],[36.296442032000073,34.634981155000048],[36.296241697000085,34.634828519000052],[36.295721054000126,34.634431839000058],[36.294702530000052,34.634382248000122],[36.294042588000138,34.634321212000089],[36.293700751000188,34.634210244000144],[36.293020248000118,34.633989334000148],[36.292831160000105,34.633886324000116],[36.292509079000183,34.633710861000111],[36.291559219000078,34.632722855000054],[36.290979385000071,34.631910324000046],[36.290378318000194,34.631255233000161],[36.289960861,34.630800248000071],[36.289011001000119,34.630029678000085],[36.287977219000027,34.629819870000119],[36.287863282000103,34.629797334000045],[36.287630081000088,34.629751206000151],[36.286611557000185,34.630250930999978],[36.285951614,34.630910873000062],[36.285547256000143,34.631422042000167],[36.285299301000123,34.631731033000051],[36.284570693999967,34.632280350000144],[36.283330918000104,34.631910324000046],[36.28333082000006,34.631910245000142],[36.282091139999977,34.630910874000165],[36.282090852000124,34.630910687000039],[36.279619217000175,34.629312515000152],[36.278632043000073,34.62853657900007],[36.27787208500007,34.627939225000034],[36.277704238000126,34.627916336000169],[36.277610941000091,34.627904674000092],[36.277429580000103,34.627882004000185],[36.276632309000149,34.627992630000108],[36.274736405000112,34.62894248900011],[36.274660110000127,34.628980637000041],[36.273862839000174,34.629312515000152],[36.273130417000118,34.629529953000031],[36.273130249000133,34.629529925000043],[36.272943810000072,34.629498650000187],[36.270219802999975,34.629041671000152],[36.269384267000135,34.628743451000162],[36.268980027000111,34.628599167000118],[36.268591403000073,34.62837436600006],[36.267740250000088,34.627882004000185],[36.267194903000188,34.627624850000075],[36.266801834000091,34.627439499000104],[36.26636772400002,34.627258513000186],[36.265539169000135,34.626913070000114],[36.265489578000029,34.626890183000114],[36.264680862000091,34.626890183000114],[36.263589859000149,34.626951217000169],[36.262792587000092,34.627500534000092],[36.262792587000092,34.628370285000187],[36.262422562000097,34.628931045000058],[36.261913248000042,34.629185703000132],[36.261735916000134,34.629274368000097],[36.261568152000109,34.629359832999967],[36.261331558000052,34.629480362000095],[36.259801864000167,34.629701615000045],[36.25940971600005,34.62979086200005],[36.259248734000039,34.629827499000157],[36.25821828200003,34.630068233000145],[36.25790977500003,34.630140304000179],[36.256692887000042,34.631242752000105],[36.256452560000128,34.631460190000155],[36.255212784000094,34.632120132000182],[36.253461838000135,34.632612228000085],[36.251859664999984,34.633001326999988],[36.251131058000055,34.633001326999988],[36.250722793000079,34.632845543000087],[36.250261307000073,34.632669449000105],[36.250075490000086,34.632590408000056],[36.249750137000092,34.632452011000055],[36.248811722000141,34.632600783999976],[36.247491837000098,34.63318061800004],[36.246675738000192,34.633649238000089],[36.246515274000046,34.633741378000025],[36.246309280000048,34.633859635000135],[36.245873996000114,34.634255233000033],[36.245054246000109,34.635000229000184],[36.244920730000104,34.635122299000159],[36.24481010400018,34.635251999000047],[36.244649887000151,34.635442734000151],[36.244230270000173,34.635702133],[36.243810652999969,34.635332107000124],[36.243349074999969,34.6345310210001],[36.242944153000053,34.633819767000034],[36.24291038500013,34.633760452000047],[36.241731644000026,34.632291794000025],[36.241730858000096,34.632291070000122],[36.241655354999978,34.632221513000161],[36.240762711000059,34.631399155000167],[36.24037596300019,34.631361943000059],[36.239652634000095,34.631292342999984],[36.239160538000078,34.631502152000053],[36.238950729000067,34.631761551000125],[36.238260269000136,34.632081985000127],[36.238012314000116,34.632150650000085],[36.237699509000095,34.632242203000089],[36.237150193000105,34.632341385000132],[36.236970906000124,34.632051466],[36.236970822999979,34.632051327000113],[36.236871719000135,34.631872177000048],[36.237081528000033,34.631292344000087],[36.237453257000141,34.630434241000046],[36.237489701000129,34.630350113000191],[36.237909317,34.629041672000028],[36.237868295000169,34.628634866000141],[36.237771988000134,34.627679825000087],[36.237630844000194,34.62693977400005],[36.236871719000135,34.626729966000084],[36.236871039000107,34.626730286000111],[36.236322402999974,34.626989365000156],[36.23609532100005,34.627069174000098],[36.235269547000087,34.627359390000095],[36.234215265000103,34.627572276000137],[36.233682632000182,34.627679825000087],[36.233259332000159,34.627758689000188],[36.232290268000042,34.627939225000034],[36.232109712000067,34.627963723000107],[36.231531144000144,34.628042221000044],[36.230970382000123,34.628351212000098],[36.230142593000096,34.62878227200008],[36.229452133000166,34.628980636000165],[36.228471756000147,34.629350662000036],[36.227571487000148,34.629400254000018],[36.227571006000062,34.629399944],[36.227333974000146,34.629247567000107],[36.227090835000183,34.629091263000134],[36.227090604000068,34.629090390000158],[36.226881027000047,34.628301620000116],[36.227022170999987,34.626890182000182],[36.22688102800015,34.626001358],[36.226812363000079,34.625520706000032],[36.226810079000074,34.62552054400004],[36.226167679000184,34.625474930000166],[36.226110458000164,34.625471116000028],[36.225210190000098,34.625520706000032],[36.224241257000131,34.626310348000175],[36.223774829000092,34.626625116000127],[36.223619461,34.626729965000152],[36.223517702000038,34.626865179000163],[36.223062515000152,34.627470016000188],[36.222372056000097,34.628301621000162],[36.222272873000179,34.628412245999982],[36.221670151000012,34.629091262000031],[36.220842361000109,34.629621505000159],[36.220350266000139,34.629930496000043],[36.218332291000081,34.630350113000191],[36.216634640000052,34.630511101000025],[36.21611976700018,34.630559921000156],[36.214380264,34.630289077000157],[36.213411331000032,34.630399704000126],[36.212091445999988,34.630609512000092],[36.212090705000037,34.630609888000095],[36.209600448000117,34.631872177000048],[36.209157943000037,34.63216972400005],[36.208280564000177,34.632761002000109],[36.206682206000096,34.634279251000066],[36.206090927000105,34.634603500000139],[36.206066747000079,34.63461676300011],[36.204950332000124,34.635229111000115],[36.20286369300004,34.635858536000057],[36.202720633000126,34.635904540000126],[36.201890946000162,34.636171341000136],[36.201883316000021,34.636182785000187],[36.201471329000128,34.636911392000172],[36.201148565000096,34.637066797000102],[36.201059342000065,34.637109756000029],[36.20022010800011,34.636949539],[36.199861015000124,34.63674617200013],[36.199041366000074,34.636281967],[36.198560715000042,34.636011124000106],[36.197450637000031,34.635862350000025],[36.196821213000135,34.635591507000072],[36.195852279000121,34.635591507000072],[36.194532395000124,34.636171341000136],[36.193910599000048,34.636739731000091],[36.193910199000186,34.636739816000158],[36.193622780999988,34.636801447000039],[36.191900253000142,34.63717079200012],[36.191129685000135,34.63717079200012],[36.190092087000096,34.637269974000162],[36.18954277,34.637479782000128],[36.189541902000144,34.637479274000043],[36.188985961000071,34.637154433000092],[36.188570023000125,34.636911392000172],[36.186484648000146,34.636178632999986],[36.183782577000102,34.635229110000068],[36.18337143600013,34.635086331000025],[36.182870864000108,34.634912491000023],[36.182002059000069,34.634490742000082],[36.181692123000175,34.634340286000054],[36.180170058999977,34.634069442],[36.179342270000177,34.633859635000135],[36.178220749000161,34.633230210000193],[36.178093877000151,34.633170917000029],[36.177110672000083,34.632711411000173],[36.17684575200019,34.632330865000142],[36.176420212000153,34.63171958900017],[36.176210449000109,34.63118946100019],[36.176210403000084,34.631189346000099],[36.176249406000068,34.631142713000088],[36.176561355,34.63076973],[36.176277822000088,34.630226291999975],[36.176149368000097,34.629980087000149],[36.176063286000101,34.629784273000098],[36.175802231000091,34.629190445000177],[36.175237596000159,34.628724009000109],[36.175100326000177,34.62861061100017],[36.173849105000158,34.628351211],[36.17246055600009,34.62820243900012],[36.171079635000126,34.628511429000127],[36.168920517000174,34.62914085400007],[36.167539597000143,34.629720688000077],[36.166570664000176,34.630189896],[36.165391922000026,34.630819321000104],[36.165048599000102,34.631021500000088],[36.164762497000083,34.631189346000099],[36.164537430000166,34.631479263000188],[36.164270401000181,34.631822586000112],[36.164072037000153,34.632242202000157],[36.163862228000085,34.632761002000109],[36.163862228000085,34.633230209000146],[36.162809372000027,34.633340836000116],[36.16031074600005,34.633230210000193],[36.157201767000117,34.633180619000086],[36.155252457000131,34.633131027000104],[36.152786866000156,34.63307402099997],[36.152612686000111,34.633069992000117],[36.152279272000044,34.6330516270001],[36.151712417000113,34.633020401000181],[36.150102616000083,34.632898331000035],[36.1496295930001,34.632860184000151],[36.149080276000063,34.632921219000139],[36.148591995000061,34.633340835000013],[36.148542404000125,34.633440018000158],[36.148309708000056,34.633920669000076],[36.148101317000112,34.634102598000084],[36.147829056000091,34.634340286000054],[36.146989823000183,34.634649277000108],[36.145879746000105,34.635019302999979],[36.145673754000086,34.635057274000019],[36.145051957000078,34.635171890000095],[36.144322905000138,34.635211949000109],[36.144010544000139,34.635229111000115],[36.14385274600005,34.635125165000034],[36.143529892000174,34.634912491000023],[36.142697426000041,34.634550742000044],[36.142072678000034,34.634279251000066],[36.140680313000189,34.634279251000066],[36.140263399000162,34.634492308000176],[36.139642716000083,34.634809494000137],[36.138872146000097,34.634962082000129],[36.138856888000078,34.634965897000029],[36.138288804000126,34.635149065000064],[36.138040542,34.635229111000115],[36.137974991000192,34.63527776300009],[36.137552261000053,34.635591507000072],[36.137483597000028,34.635950089000119],[36.137422561000108,34.636281967],[36.136442185000192,34.636949539],[36.136141926000107,34.637079064000147],[36.135469436999983,34.637369156000034],[36.134943321000151,34.63769411300018],[36.134431839000115,34.638010025000028],[36.133249283000168,34.638902664000057],[36.132562638000081,34.639211655000111],[36.131792069000028,34.639112473000125],[36.131242752000162,34.638742447000027],[36.130342483000163,34.638902664000057],[36.129612399000166,34.639146026000105],[36.129449844000135,34.639200210000183],[36.129305111000122,34.639249928000027],[36.128950119000081,34.63937187200014],[36.128122330000053,34.640050888000189],[36.127828598000065,34.640554428000144],[36.127630233000104,34.640890121000098],[36.127561570000182,34.641412735000188],[36.127080917000114,34.642049789000112],[36.127080036000166,34.642049952000036],[36.127071769000111,34.642051470000183],[36.126520157000073,34.6421527870001],[36.125551224000105,34.641782760000126],[36.124650955000163,34.641622544000029],[36.123705066000127,34.641674515000147],[36.123609543000157,34.641679764000173],[36.123519834000092,34.641697796000074],[36.122850418000155,34.641832352000165],[36.122108153000113,34.641474217000109],[36.121870041000079,34.641359329000181],[36.121668683000166,34.641288101000157],[36.121309280000162,34.641160965000154],[36.120820305000109,34.640782406000142],[36.120481491000135,34.640520096000103],[36.120153384999981,34.640213063000033],[36.119649887000094,34.639741898000068],[36.118951798000126,34.638902664000057],[36.117769241000076,34.63832283000005],[36.117311477000044,34.637990952000109],[36.117253222000102,34.637948983000115],[36.116601944000024,34.637479782000128],[36.116050235000159,34.636881908000191],[36.115690232000134,34.636491775000138],[36.115480423000065,34.636011124000106],[36.115368676000173,34.635866869000154],[36.115270614000053,34.63574028000005],[36.114580155000169,34.634859085000073],[36.113821030000167,34.633970260000183],[36.11354255700013,34.633760453000093],[36.113540604000036,34.633760452000047],[36.112360001000184,34.633760453000093],[36.110971451000012,34.633501053000145],[36.109792709000033,34.633501053000145],[36.108751297000026,34.633810044000029],[36.108018558000026,34.634178649999967],[36.107500077000054,34.634439468000096],[36.106050492000122,34.634809494000137],[36.105894595000052,34.634824801000093],[36.105001450000145,34.634912491000023],[36.103479385000071,34.635282517000121],[36.102651596000044,34.635442734000151],[36.101360683000109,34.634855634000075],[36.101259232000132,34.634809494000137],[36.100770950000083,34.634649277000108],[36.100770119000117,34.634650039000178],[36.100633621000156,34.634775162000153],[36.100324630999978,34.635061264000171],[36.100080490000153,34.635282516000188],[36.099382401000184,34.636220932000015],[36.098901749000049,34.636491776000071],[36.097509384000034,34.636331558000109],[36.097089767000057,34.635862351000128],[36.096987953000166,34.635615088000179],[36.09674263,34.635019302000103],[36.09695243800013,34.634389878000036],[36.0972309120001,34.633970260000183],[36.097280138000087,34.63355457800003],[36.097299576000069,34.633390427000052],[36.095979690000149,34.632600785000079],[36.094530106000093,34.632181167000169],[36.094179153000084,34.63171958900017],[36.094441447000122,34.631280006000168],[36.09459114100008,34.631029129000069],[36.094392777000166,34.630609513000024],[36.09293174700008,34.6293010710001],[36.092931154000155,34.629301036000186],[36.092092514,34.629251480000164],[36.091890335000073,34.629560471000048],[36.091482162000148,34.630289078000033],[36.091480434000175,34.630289228000038],[36.090888770000049,34.630340678000039],[36.090780258000166,34.630350113000191],[36.090721793,34.630339837000065],[36.090150833000052,34.630239487000097],[36.089941025000087,34.629930496000043],[36.089872360000186,34.62946128800013],[36.08980740100003,34.629218542000103],[36.089799881000147,34.629190445000177],[36.089250565000157,34.62914085400007],[36.088491440000155,34.629400253000142],[36.088071823000121,34.629720688000077],[36.087171554000179,34.630922317000113],[36.086542130000169,34.631399155000167],[36.085992813000075,34.631761551000125],[36.085161209000034,34.632242203000089],[36.084531784999967,34.632081985000127],[36.083631515000093,34.631822586000112],[36.083395816000063,34.631585818000019],[36.082792282000014,34.630979538000133],[36.082686527000078,34.630892446000075],[36.082662582000125,34.63087272700011],[36.082239151000181,34.63087272700011],[36.082212448000178,34.630872726000177],[36.081762314000059,34.630872726000177],[36.081201554000017,34.630712508999977],[36.080955986000163,34.630675141000097],[36.080850601000066,34.630659104000131],[36.080442429000186,34.630659103000028],[36.080442429000186,34.630659999000102],[36.08044242800014,34.631029129000069],[36.080487097000173,34.631359682000152],[36.08049964900016,34.631452560000014],[36.08051776700006,34.631609901000161],[36.080572128000028,34.632081985000127],[36.080289835000031,34.632810592000112],[36.08025169400014,34.632951736000109],[36.080091476,34.633501053000145],[36.080091476,34.633810043000153],[36.08009147700011,34.634130478000088],[36.079612291999979,34.634243740000045],[36.079462051000064,34.634279251000066],[36.079213515000106,34.634316071000057],[36.079050064,34.634340286000054],[36.078561488000105,34.634193447000087],[36.078351974000157,34.634130478000088],[36.077992430000108,34.633484629],[36.077939988000026,34.633390427000052],[36.077897873000154,34.633302737000065],[36.077661514000056,34.632810592000112],[36.077412708000054,34.632258893000028],[36.07731056200015,34.632032394000021],[36.076918548000037,34.631173701000137],[36.076829910000185,34.630979538000133],[36.075922013000081,34.629400254000018],[36.075922012000035,34.628881454000123],[36.075878480000142,34.628755440000134],[36.075849533000167,34.628671646000157],[36.075231552999981,34.628572464000115],[36.074609757000076,34.628351211],[36.074305157000083,34.628256681000039],[36.074277878000032,34.628248215000042],[36.074269287000163,34.628245700000093],[36.07412147499997,34.628202438000073],[36.073701859000096,34.628202438000073],[36.073152542,34.628721237000093],[36.073152542,34.629091263000134],[36.073080140000059,34.62967047300009],[36.073080063000134,34.629671097000141],[36.073107013000083,34.6297606870001],[36.073221207000131,34.630140304000179],[36.073357030000068,34.630521728000133],[36.073499603000073,34.630922101000124],[36.073499680000168,34.630922318000046],[36.073450088000129,34.631196976000183],[36.07343101500004,34.631292342999984],[36.072870255,34.632032394000021],[36.072320938000132,34.632390976000067],[36.071969986000056,34.632860183000048],[36.071210861000054,34.633279800000025],[36.071210297000164,34.633279836000042],[36.071068868000111,34.633288641000149],[36.070230484000035,34.633340835000013],[36.069330216000139,34.633230209000146],[36.068571091000138,34.633501053000145],[36.067941665000092,34.633810043000153],[36.067940116000045,34.633809942000028],[36.067836441000054,34.633803188000172],[36.066419602000167,34.633710861000111],[36.065813326000125,34.632891472000097],[36.065790176000121,34.632860183000048],[36.065721512000152,34.631971360000136],[36.065710068000101,34.631921768000154],[36.065660476000062,34.63171958900017],[36.065601784000194,34.631710019000082],[36.065309525000089,34.63166236800015],[36.064821242999983,34.631822586000112],[36.064752579000185,34.63208198600006],[36.064752579000185,34.632600785000079],[36.064821242999983,34.633340835000013],[36.064752579000185,34.634069443000101],[36.064588547000085,34.634538650000138],[36.064550400000087,34.634649277000108],[36.064647736000097,34.634724740000081],[36.064889321000123,34.634912036000117],[36.064889908000112,34.634912491000023],[36.064680099000043,34.635541916000193],[36.064130783000053,34.635801315000037],[36.06336021400017,34.635911942000064],[36.062742233000108,34.63596153300017],[36.061830521000161,34.635801315000037],[36.061071396000159,34.635492325000087],[36.060789108000051,34.635122299000159],[36.060740203000194,34.634750074000181],[36.06072044300015,34.634599686000172],[36.060380935000126,34.634130478000088],[36.059892655000056,34.633501053000145],[36.059605189000081,34.633208409000076],[36.059469223000178,34.633069992000117],[36.05850029000004,34.633020401000181],[36.057882308000103,34.633230209000146],[36.057038561000184,34.633267903000046],[36.056772232000071,34.633279800000025],[36.056081771000038,34.632761002000109],[36.056080627000142,34.632760472000086],[36.055521011,34.632501602000161],[36.054899215999967,34.632452011000055],[36.054471970000179,34.632452011000055],[36.054201126000123,34.632291794000025],[36.053579330000048,34.63150215100012],[36.053300858000057,34.631082535000075],[36.053042452,34.630889906],[36.05288124100008,34.630769729000122],[36.052751541000191,34.630502701000069],[36.052751541000191,34.630289078000033],[36.052961350000032,34.629980088000082],[36.053022384000144,34.629720688000077],[36.053300857000181,34.629251480000164],[36.053299705000086,34.629250496000111],[36.052751541000191,34.62878227200008],[36.052751139000179,34.628780974000165],[36.052602768000042,34.628301620000116],[36.052600329000143,34.628301055000122],[36.051912308000112,34.628141403000086],[36.051290512000037,34.628202438000073],[36.050729752000166,34.628412247000085],[36.049901962000035,34.628831864000063],[36.049131394000085,34.629091262000031],[36.048299789999987,34.629350662000036],[36.047540665000156,34.629621506000035],[36.046850205000055,34.629671097000141],[36.046152115000041,34.629880905000107],[36.045602799000051,34.629930496000043],[36.045601726000029,34.62992984300007],[36.044832230000168,34.629461289],[36.044831995000038,34.629461217000028],[36.044141770000067,34.629251480000164],[36.043581009000093,34.629251480000164],[36.043241500000192,34.629770279000184],[36.042680740000151,34.630041122000137],[36.041849137000156,34.629930496000043],[36.039209366000136,34.629251480000164],[36.038381577000109,34.628881455],[36.038380708000147,34.628880316],[36.038322349000055,34.628803818000051],[36.038099289000058,34.628511429000127],[36.037271500000031,34.628351212000098],[36.037130356000091,34.628721237999969],[36.036642075000088,34.629091263000134],[36.035810471000048,34.628881455],[36.03553117600012,34.628493061000029],[36.035322189000112,34.628202438000073],[36.035320734000095,34.628201018000141],[36.034849167000061,34.627740860000074],[36.034845548000021,34.627735433000055],[36.034841537000148,34.627729416000193],[36.034667761000151,34.627699927000151],[36.034212112000034,34.627622605000113],[36.03338050900004,34.627782822000142],[36.032892227000161,34.628141403000086],[36.032892228000094,34.628671646000157],[36.032960762000073,34.629090471999973],[36.032960892000062,34.629091262000031],[36.03338050900004,34.629350662000036],[36.033404076000124,34.629374944000062],[36.033632278000027,34.629610062000154],[36.03396260400018,34.629953603999979],[36.034490000000119,34.630502092000086],[36.034490586000175,34.630502701000069],[36.034490585000071,34.631029129000069],[36.034490000000119,34.631029504000026],[36.034427815000186,34.631069342000103],[36.034002304000069,34.631341934000091],[36.033413950000067,34.631193490000101],[36.032762527999978,34.631029129000069],[36.031572341000185,34.63076973],[36.030462264999983,34.629980087000149],[36.030332727000143,34.629956860000107],[36.029909133000046,34.629880905000107],[36.028799057000072,34.629720688000077],[36.028242111000168,34.629671097000141],[36.027898788000073,34.629789352999978],[36.027479842000048,34.629930270000045],[36.027479171000095,34.629930496000043],[36.027419347000148,34.630033977000153],[36.027338028000031,34.630174637000096],[36.02731162900011,34.630218635000176],[36.027269364000063,34.630289078000033],[36.027200215000107,34.630509822000192],[36.027070999000102,34.630922318000046],[36.026510239000061,34.631452560000014],[36.02625036500001,34.631650291000142],[36.026159286000052,34.63171958900017],[36.025442124000051,34.631849289000058],[36.02542500200002,34.631852831],[36.025331498000128,34.631872177000048],[36.024770736999983,34.631872177000048],[36.0245724830001,34.632032305000109],[36.024572373000126,34.632032394000021],[36.024850392000133,34.632291370000132],[36.02485084500006,34.632291793000093],[36.024911881000151,34.632501603000037],[36.024499893000154,34.632921219000139],[36.024322278000113,34.63318517600004],[36.024225244000093,34.633329397000182],[36.024013795000087,34.633645450000131],[36.023999623000122,34.633666614000106],[36.023870492000015,34.633859635000135],[36.023861186000147,34.634030629999984],[36.023860701000046,34.634039780000023],[36.023851418000049,34.634210587000041],[36.023809457000027,34.635019302999979],[36.023735859000169,34.63513121200009],[36.023734068000124,34.635133916000143],[36.023530984,34.635442734000151],[36.022279764000018,34.635862351000128],[36.021299386000123,34.636491776000071],[36.020934516000125,34.636062116000062],[36.020930483000029,34.636057382],[36.02089121299997,34.636011124000106],[36.020714997000141,34.635709974000065],[36.020707207000044,34.635696640000162],[36.020681405000062,34.635652543000162],[36.020051980000119,34.635862351000128],[36.018812204000028,34.636281968000105],[36.018320108000182,34.636590958000113],[36.017390267000053,34.637063993000083],[36.017378372000053,34.637070051000023],[36.01679041400007,34.63736915700008],[36.016182918000084,34.637483186000054],[36.016178899000181,34.637483940000095],[36.015611672000034,34.637590409000097],[36.014360452000119,34.638212205000059],[36.013687955000137,34.638448757000049],[36.013685380000027,34.638449668000078],[36.01360132700006,34.638479234000044],[36.013600026000063,34.638479998000093],[36.012281442000187,34.639261246000046],[36.011102701000084,34.639890670999989],[36.010129953000103,34.64105033900006],[36.009822424000163,34.641237228000136],[36.009806650000087,34.641246822000028],[36.00943949200007,34.641469956000037],[36.009376446000033,34.641502685000148],[36.009373765000078,34.641504071000099],[36.008741403000158,34.641832352000165],[36.008050942000125,34.642049790000044],[36.008050673000184,34.642049788000065],[36.007139230000178,34.642049790000044],[36.006872201000192,34.642049790000044],[36.006871401000126,34.642050002000076],[36.00660107200008,34.642122089000054],[36.006595982000192,34.642123449000167],[36.005899452999984,34.642309189000116],[36.005802201000108,34.642564981000135],[36.005799445000093,34.642572196000117],[36.00562098100005,34.643041611000115],[36.005660773000159,34.643377739000073],[36.005662034000181,34.643388284000139],[36.005689645000075,34.643621445000122],[36.00631144100015,34.643720628000096],[36.006486917000132,34.643789292000065],[36.007009531,34.643991471000049],[36.00721933900013,34.644510270000069],[36.007352539000124,34.644623262000152],[36.007355701000051,34.644625954000048],[36.007772470000191,34.644979478000153],[36.007841134000159,34.645349503000148],[36.007631326000194,34.645662308000169],[36.007291818000169,34.645872117000181],[36.006774751000137,34.645808660000171],[36.006452584000044,34.645769120000125],[36.00631144100015,34.645399094000027],[36.006116680000105,34.645350108000059],[36.00611583400007,34.64534989200007],[36.005689645000075,34.645242691000192],[36.005193477000034,34.645200593000084],[36.005060220000132,34.645189286000118],[36.004902166000193,34.645164837000095],[36.004901493000034,34.645164731000136],[36.004369759999975,34.645082474000162],[36.002920175000042,34.645082474000162],[36.001939798000194,34.644670487000099],[36.001249337,34.644250871000168],[36.000703726000097,34.644003994000059],[36.000406289000068,34.643869401000075],[36.000094059000162,34.643729441000175],[36.00008911700013,34.643727220000073],[35.999742532000141,34.643571855000118],[35.997819924000055,34.643251420000183],[35.997343088000036,34.643323899000052],[35.997081781000134,34.643362137000167],[35.997081030000174,34.643362249000177],[35.997030282000082,34.643369675000088],[35.996869880000133,34.64336272200012],[35.9968696520001,34.643362712000112],[35.995710397000039,34.643312455000171],[35.994112039000129,34.643190385000025],[35.993524575000151,34.643190384000093],[35.993162179000024,34.643190385000025],[35.992139840000107,34.64325141900008],[35.991560007000146,34.643640518000041],[35.991411233000122,34.644021989000066],[35.991342569000096,34.645509721000053],[35.991491341000142,34.646230698000124],[35.992139840000107,34.647489548000181],[35.992139951000183,34.647489882],[35.992140003000031,34.647489999000129],[35.992143712000029,34.647500176000165],[35.99250223700011,34.648481370000184],[35.99250223700011,34.649370193999971],[35.992212319000146,34.649919510000132],[35.991411233000122,34.650140763000081],[35.989881540000113,34.650529862000042],[35.989880557000106,34.650529861000109],[35.988790536000067,34.650529862000042],[35.988759054000127,34.650532814000087],[35.988758066000059,34.65053290600008],[35.987691904000144,34.650632859000098],[35.987291361000132,34.65081977900013],[35.986749673000077,34.651071549000164],[35.98608973000006,34.651632310000139],[35.98554098600016,34.651989707000098],[35.98553677200016,34.651992460000088],[35.985509896000053,34.652009964000115],[35.985480679000034,34.652018836000138],[35.985477261000085,34.65201987],[35.984781289000068,34.652231217000178],[35.983831430000066,34.652181626000072],[35.982961679000141,34.651792527000111],[35.982450509000159,34.651460648000125],[35.981721902000174,34.651071549000164],[35.981721404000098,34.651070746000187],[35.981061958999987,34.649980545000119],[35.981042885000193,34.649797440000157],[35.98092081600015,34.648599625000088],[35.981649423000135,34.647661209000091],[35.981649726000057,34.647660369],[35.981649761000142,34.64766030800007],[35.982099557000083,34.646459580000055],[35.982229256000039,34.646120072000031],[35.982274239000105,34.645892913000125],[35.982275711000057,34.645885420000127],[35.982381844000031,34.645349503000148],[35.982160592000071,34.644460679000133],[35.982160034000174,34.644460091000099],[35.982160014000158,34.64446005700006],[35.981649423000135,34.643911363000143],[35.981346978000033,34.643740508000121],[35.98106196000009,34.643579483000053],[35.980760598000188,34.643564225000034],[35.980760334000024,34.643564890000164],[35.980215097000098,34.645002366000085],[35.971882465000078,34.66696601700005],[35.971645532000082,34.667590375000032],[35.960641885000086,34.696573258000114],[35.954129152000121,34.709193063000043],[35.953997487000152,34.70944812099998],[35.947187448000022,34.722639085000026],[35.940954232000138,34.740846634000093],[35.939256692000015,34.754941941000084],[35.938940073000026,34.757555008000168],[35.939018462000035,34.765881386000046],[35.939108502000011,34.775232756000037],[35.934498455000039,34.787055823000117],[35.90465102100012,34.841629872000169],[35.89317829099997,34.873779056000103],[35.880366421000076,34.909654257000057],[35.886374543000159,34.919905718000166],[35.888077117000137,34.926375500000063],[35.884580292000123,34.937766375000137],[35.885688760000164,34.943224785000041],[35.886220656000148,34.945843780000075],[35.882877718000088,34.967797164],[35.887798812000142,34.992022829000121],[35.890644074000193,34.995365768000056],[35.891796587000044,34.996714731000168],[35.898240175000126,34.99999873400003],[35.90292880200019,35.004340298000045],[35.904333427000154,35.011265191000064],[35.901643626000066,35.028021396000156],[35.898128853000173,35.049903801000141],[35.891655797000169,35.058920896000075],[35.892035602000021,35.063527668000177],[35.898335126000063,35.073782403],[35.900378215000103,35.086001647000103],[35.896278940000116,35.098525389000031],[35.896676774000184,35.102044748000139],[35.897320130000139,35.107735660000117],[35.901720629000181,35.111586097000099],[35.902450772000066,35.112224563000154],[35.905253471000094,35.119182197000157],[35.910236774,35.120223387000124],[35.917354844000101,35.131191893000107],[35.919689335000101,35.143188492000036],[35.930720051000094,35.154022757000178],[35.933005429000161,35.160050525000145],[35.930716776000054,35.168946475000041],[35.932730398000047,35.174731952000116],[35.957083756000145,35.187962918000096],[35.961592303000032,35.194272265000109],[35.963026395000043,35.200732224000035],[35.960213873000043,35.216274761000193],[35.954854039000111,35.232668585000056],[35.949075108999978,35.245156312000063],[35.93584087000005,35.262732116000166],[35.93574591800018,35.265256509000039],[35.937612202000025,35.267597549000129],[35.946597267000129,35.271057180000128],[35.947808001000112,35.271523292000154],[35.955921421000141,35.271264631000122],[35.959375683000133,35.268596174000038],[35.965321596000138,35.2590977750001],[35.970406399000126,35.257617845000027],[35.972036941000056,35.258803098000158],[35.971133267000084,35.260620269000128],[35.967178057000183,35.261668007000139],[35.96320647500005,35.270757133000075],[35.953560737000032,35.274650134000012],[35.944641868000076,35.273972379000156],[35.939462482000181,35.272215632000041],[35.932219626000062,35.269758508000109],[35.928654042000119,35.275409744000171],[35.928500156000155,35.276958432000072],[35.927737272000115,35.28480009600014],[35.932291657000064,35.312234458000091],[35.927088984000136,35.353652848000081],[35.927855142000112,35.370429752000177],[35.926224600000182,35.383932474000062],[35.922400358000118,35.402225324000028],[35.920065866000073,35.413393555000084],[35.920782910000071,35.416625172000067],[35.924836347000166,35.420632769000065],[35.92415859200014,35.423599177000028],[35.882619057000113,35.462502996000126],[35.882102542000098,35.462844602000132],[35.866228507000187,35.473340535000034],[35.844938234000153,35.485284521000096],[35.831548382,35.492792445000077],[35.826689497000075,35.495516563000081],[35.824332088000119,35.498440407000032],[35.81562825900005,35.504384383000172],[35.801577191000092,35.506735186000071],[35.797632218000047,35.507394791000024],[35.796474707000129,35.50650103300012],[35.795221329000185,35.505533218999972],[35.788110733000167,35.500032425000143],[35.78500175500011,35.50064277600012],[35.783029557000191,35.502275467000118],[35.777757645000122,35.506650925000088],[35.773237229000188,35.507452011000112],[35.770262946,35.511734215000047],[35.770261764999987,35.511735916000134],[35.770628266000074,35.512072130000035],[35.770723342999986,35.512159348000125],[35.771715164000113,35.513074875000143],[35.779459,35.520238876],[35.783269882000127,35.530210495000063],[35.781516401000033,35.538492267000152],[35.781190872000025,35.540029526000069],[35.780986128000166,35.540339771000049],[35.778806687000042,35.543642044000194],[35.764055253000038,35.547845840000036],[35.763612747000025,35.548906326000179],[35.761880875000088,35.553071976000069],[35.743448257000125,35.564985276000073],[35.743879068000126,35.568206825000118],[35.743879318000154,35.568208694000134],[35.754368963000047,35.579503180000131],[35.754369736000058,35.579504013000133],[35.749902725000027,35.585813522000024],[35.747485309000183,35.586170551000123],[35.745950698000115,35.586397171000044],[35.738973617000056,35.583410263000189],[35.738863967000043,35.583363447000067],[35.737955092999982,35.582975388000193],[35.733186560999968,35.582468944000027],[35.731813431000035,35.582323074000044],[35.729291916000079,35.582056045000058],[35.729291340000032,35.582056672000192],[35.727235794000137,35.584295272000134],[35.727574725000181,35.585413745000039],[35.727579117000175,35.585428238000077],[35.7275901000001,35.585464030000026],[35.728227378000099,35.587540804000071],[35.728227616000083,35.587541580000163],[35.729924624000034,35.587620722000111],[35.732072830000106,35.587720871000158],[35.73461019299998,35.587841224999977],[35.739152908000108,35.588056564000112],[35.742769241000076,35.590532303000089],[35.745435715000099,35.59235572800003],[35.749612808000109,35.593153],[35.752561569000079,35.591737746999968],[35.755048752000107,35.59054374700014],[35.75677734300001,35.590916130000153],[35.758661270000061,35.591321946000107],[35.758661575000133,35.591322317000049],[35.759088434000034,35.591841748000149],[35.763483047000136,35.597188950000088],[35.766280457000107,35.598069576000114],[35.769857286000047,35.599195442],[35.769857406000028,35.599195480000049],[35.771947860000182,35.603151321000041],[35.771062851000011,35.608018875000084],[35.77086859800005,35.609089172000097],[35.770868302,35.609090805000108],[35.771726981000086,35.610618967999983],[35.772703170000113,35.612356186000056],[35.773109481000063,35.613079834000075],[35.773225785000136,35.613286972000139],[35.774418993000097,35.613405077000039],[35.775461197000141,35.613508224000157],[35.775726887000133,35.61353600200016],[35.776300430000049,35.613595962000147],[35.782934189000116,35.609178543000098],[35.785859369000036,35.613156330000152],[35.785860061999983,35.613157273000127],[35.782270432000189,35.618803023999988],[35.782461755000099,35.619036150000113],[35.78272438099998,35.619356155000048],[35.785576155000058,35.622803680000118],[35.787893295000117,35.625604629000122],[35.790063858,35.634614945000123],[35.789762497000027,35.642179489000171],[35.786174934000144,35.650777026000185],[35.784170151000069,35.655580521],[35.77962439900017,35.658963685000174],[35.774329332000036,35.662903921],[35.77432823200013,35.662904739999988],[35.776617331000068,35.668872215000192],[35.778150559000096,35.672868729000129],[35.782227279000097,35.676937328000065],[35.783823013000131,35.678529739000112],[35.79019737200008,35.681798935000018],[35.790430069000024,35.681917191000082],[35.790840230000128,35.681960084000139],[35.791013717000169,35.681978226000069],[35.792689782000025,35.682159222999985],[35.798822403000031,35.682821274000162],[35.806835443000125,35.686242358000072],[35.806837082000129,35.68624305700007],[35.808775205000188,35.691173920000097],[35.809389114000112,35.692735671999969],[35.814019345000133,35.69652681600013],[35.814020157000186,35.696527481000089],[35.814788614000122,35.697963167000069],[35.815988540000092,35.700204849999977],[35.817451055000049,35.702924995999979],[35.819444657000133,35.706632614000171],[35.819517136000172,35.70676612900013],[35.825349808000169,35.708528519000083],[35.828161240000043,35.713323592999984],[35.829038618000027,35.714818957000091],[35.830656052000052,35.715902328000141],[35.839719773000127,35.721979141000133],[35.842723939000166,35.737156780000134],[35.843236923000177,35.739748001],[35.843408584000088,35.739892960000191],[35.843512261000058,35.739979915000049],[35.843999862000146,35.74038887],[35.850347240000076,35.74575355800016],[35.853040307000015,35.748029381000094],[35.853040695000061,35.748029709000093],[35.854139328000088,35.755861282000183],[35.847349585000075,35.771302227000149],[35.847349167000061,35.77130317700005],[35.84737103100008,35.776654009000083],[35.847402573000068,35.784383774000048],[35.840852737000091,35.793634414000053],[35.838415146000102,35.805505753000034],[35.834516525000026,35.81064415000003],[35.828325272000143,35.818792343000155],[35.828588628000091,35.822762739000041],[35.828676224000048,35.824083327999972],[35.825902939000173,35.830213547000142],[35.824815567000087,35.83104572700006],[35.81719424,35.836877629000128],[35.817193985000074,35.836877823000179],[35.817002290000119,35.839057776000175],[35.816690477000179,35.842603319000148],[35.816690445000177,35.842603684000096],[35.817471640000065,35.84414337600009],[35.820348739000167,35.849813461000053],[35.818254471000103,35.852975846000106],[35.817445755000108,35.852888108000172],[35.816751480000164,35.852811814000063],[35.807317734000151,35.851774216000024],[35.804998434000083,35.853551837000111],[35.80499839700019,35.853551865000099],[35.805022517000054,35.853570872000148],[35.806276321000041,35.854558945000122],[35.807140508000032,35.855244938000112],[35.807996750000029,35.855924607000134],[35.808858872000087,35.856077194000022],[35.810071945,35.856294632000072],[35.810377121000045,35.856348038000078],[35.813421249000044,35.856893539000168],[35.824495315000036,35.858873367000058],[35.833177567000064,35.852895737000154],[35.839330673000063,35.853971480999974],[35.843576432000077,35.851335525000025],[35.843950120000102,35.851102923000155],[35.84395027100004,35.851102829000126],[35.845631592000132,35.851436384000124],[35.854566574000103,35.853208542000175],[35.862306595000064,35.856847763000133],[35.866963719000125,35.86088751300008],[35.872114182000189,35.865354538000076],[35.873442145000183,35.865851234000161],[35.874551773000178,35.866266250000024],[35.880716324000161,35.868558884000038],[35.886720657000183,35.873533249000104],[35.892882972000166,35.888812186000166],[35.896242141000187,35.897138596000048],[35.902941439000074,35.913747406000027],[35.905241013000136,35.919446945000118],[35.910379410000075,35.925085068000044],[35.917421345000037,35.928441996000174],[35.92172050500011,35.930494308000164],[35.924865268000133,35.927851868000175],[35.925111771000047,35.927644730000111],[35.925708977000056,35.927143824000041],[35.929300308000109,35.924131394000028],[35.935800553000149,35.918672561000164],[35.943665112000076,35.920322145000057],[35.945749283000168,35.920759201000124],[35.946729221000055,35.920965370000033],[35.950899123999989,35.921842575000085],[35.963590384000099,35.927024662000122],[35.967081070000063,35.928449631000149],[35.972139358999982,35.930509568000161],[35.993650436,35.939310074],[35.997949601000187,35.940179825000143],[35.997984175000056,35.940186874000062],[35.998735428000089,35.940340042000116],[36.000556408000136,35.940704246000053],[36.001482010000188,35.940889359000039],[36.002717972000085,35.940763473000118],[36.004234831000133,35.940609129000109],[36.005754471000103,35.94045448300011],[36.007070541000076,35.940320968000151],[36.008562088000133,35.940172195],[36.00861930800005,35.94012260500017],[36.016149521000045,35.933950424000102],[36.016149573000064,35.933950350000089],[36.016282316000115,35.933760334000169],[36.018182755000055,35.931039810000129],[36.022741318000044,35.924489975000085],[36.021680832000072,35.908639908000055],[36.014822006000088,35.889871597000138],[36.015098178000187,35.888618204000068],[36.015119552000044,35.88852119400002],[36.01522486600004,35.888048624000191],[36.016191483000171,35.883710861000054],[36.016992569000024,35.882810593000158],[36.017965317,35.881708145000061],[36.018504329000052,35.881093119000127],[36.018560409000031,35.881029129000183],[36.01929501799998,35.880796645000146],[36.022562027000049,35.879762649000043],[36.03335762,35.879507065000041],[36.034551620000059,35.879476548000071],[36.042829514000175,35.879281998000124],[36.044931412000039,35.879232406000142],[36.048902512000154,35.879140854000184],[36.048940658000106,35.879140854000184],[36.049223009000116,35.879132122000158],[36.049310684000147,35.879129410000132],[36.049465036000129,35.879127540000127],[36.04994010900009,35.879121780000048],[36.073591232000069,35.873781204000124],[36.096311569000136,35.868650436000109],[36.116449356000032,35.865510941000139],[36.122129441000084,35.862180710000018],[36.134042739000108,35.855192185000078],[36.136220932000072,35.852712631000088],[36.141710281000144,35.846452713000133],[36.154840469000135,35.820180893000156],[36.160219193000046,35.817735672000026],[36.163442611000107,35.816270829000075],[36.165922165000097,35.815900803000034],[36.169069290000152,35.815431595000121],[36.175986261000048,35.825393504000033],[36.179990768000152,35.831159592000176],[36.183050155999979,35.835569382000187],[36.18451118500019,35.847482681000088],[36.186120986000049,35.860601425000027],[36.187841415000037,35.874410629000067],[36.188767785000096,35.881447742000091],[36.189069748000122,35.883741378000138],[36.189149856000029,35.884359360000133],[36.188151983000125,35.886760041000059],[36.182722092,35.899820327000157],[36.180921555000168,35.901739120000173],[36.187195815000109,35.917194789000121],[36.187730789000113,35.918512344000135],[36.195684701000062,35.930307900000173],[36.197454452000045,35.932931900000028],[36.197698843000126,35.933294539000087],[36.199220657000069,35.935552597000083],[36.204002357000149,35.941200661000039],[36.207540512000037,35.94537925700007],[36.210764686000175,35.949189991000083],[36.212720871000101,35.951501846000156],[36.220361709000144,35.955732346000048],[36.228761673000065,35.960382462000041],[36.240949631000035,35.962831497000082],[36.243352763000132,35.963310565000143],[36.244451523000066,35.963529587000096],[36.245891980000181,35.963566990000118],[36.254602432000183,35.963792801000068],[36.25600624100008,35.963460923000127],[36.258436609000114,35.96288531600004],[36.259050369000079,35.962739944000077],[36.261603007000076,35.962138561000131],[36.263422012000035,35.961709976000122],[36.27298164400014,35.95742988600017],[36.278920282000172,35.954759977000151],[36.27892112700016,35.954759598000066],[36.279522354000107,35.954710842000111],[36.284799575000193,35.954282761000115],[36.286218642999984,35.954164505000108],[36.289682389000063,35.953882218000103],[36.298490524000101,35.956300735000127],[36.302530289000117,35.957410813000138],[36.306089401000122,35.960710526000184],[36.305069731000117,35.962441553000133],[36.302835465000157,35.966234208000174],[36.300809860000186,35.969671249000044],[36.294641494000132,35.980150223000066],[36.297151565999968,35.989072800000145],[36.297891617,35.99170112600018],[36.298772811000106,35.99255180300014],[36.300493144000086,35.994200515000159],[36.30280113200007,35.996412277000161],[36.312601382000025,36.001644553],[36.313383102000046,36.002061844000025],[36.313640575000136,36.002199462000192],[36.317201614000169,36.004102707000186],[36.336462021000102,35.995729446999974],[36.344160080000165,35.992376328000091],[36.344171524000046,35.992372513000078],[36.350961685000073,35.992170334000093],[36.356889724000041,35.991991043000098],[36.368371963000186,35.994791031000148],[36.374189377000107,35.997682571000098],[36.378590122000162,36.001000291000025],[36.378591537000034,36.001001358000167],[36.382291794000025,36.00985145500016],[36.38126182600007,36.020990372000142],[36.380800248000071,36.026029587000039],[36.381055958000104,36.02654831600006],[36.38120079000015,36.026842117000172],[36.381559499000105,36.027563826000062],[36.383451462000039,36.03137016300019],[36.383790970000064,36.031679153000141],[36.392492294000078,36.039812088000076],[36.395082473000059,36.04598045400013],[36.394960403000084,36.047792435000019],[36.394838333000109,36.049631119000139],[36.394651413000076,36.052469254000187],[36.392789839999978,36.05742073100015],[36.388750289000143,36.068200496000088],[36.388750076000065,36.068201066000142],[36.38925492300018,36.069065600999977],[36.390222550000033,36.070722580000051],[36.39656090699998,36.081571423000184],[36.397839901000111,36.083760189000088],[36.397840500000086,36.083761214999981],[36.394231796000099,36.090581894000081],[36.389459610000131,36.094270706000145],[36.388731003000146,36.094820023000182],[36.387430191000192,36.097032547000083],[36.38604164100002,36.099359513000081],[36.385881424000047,36.10103035000003],[36.385655361000033,36.103222482000035],[36.385629654000127,36.10347175600009],[36.385616843000093,36.103611438000087],[36.385511398000119,36.104761124000163],[36.385210037000149,36.107831955000165],[36.382001877000107,36.11651039100019],[36.381181717000118,36.118761061999976],[36.391992569000024,36.142629624000108],[36.388311386000169,36.151510239000118],[36.376710892000119,36.169401168999968],[36.380502700000136,36.177999496999973],[36.381711851000091,36.180742017000057],[36.381711960000189,36.180742264000173],[36.38378334000015,36.183000565000043],[36.384950638000078,36.184270859000037],[36.385078111999974,36.184409767000147],[36.385801316000141,36.18519783000005],[36.38681880300004,36.186308762000124],[36.388502122000148,36.188146591000077],[36.388799667000171,36.188470841000083],[36.394208908000167,36.189210892000119],[36.396699905000105,36.189550400000144],[36.398660659000029,36.18982124300004],[36.400579452000045,36.191461563000075],[36.400711132000083,36.191875723000067],[36.401052475000029,36.192949295000062],[36.402974035,36.198997009000038],[36.403149860000099,36.199550335000026],[36.403150559000039,36.199552536000112],[36.401952743000095,36.202409744000079],[36.398172559000102,36.211404495000124],[36.397619248000069,36.212720871000101],[36.397550583000168,36.223070145000065],[36.397550583000168,36.223152457000083],[36.397550582000065,36.22324031200003],[36.397550583000168,36.223241806000146],[36.40337944099997,36.226362228000028],[36.411882400000025,36.223470688000077],[36.412851334000038,36.223150253000085],[36.419862747000138,36.218801499000165],[36.426740646000155,36.214532852000048],[36.435342789000174,36.211290359000088],[36.436250687000154,36.211172104000127],[36.457529068000099,36.208372117000181],[36.462755022000124,36.205834920000143],[36.465299607000077,36.204599381000151],[36.467141092000134,36.203705078000155],[36.469022751000125,36.202791214],[36.47012361700007,36.202255220000097],[36.471059800000035,36.201799393000101],[36.47726249700014,36.202859878000027],[36.478028696000024,36.203317450000043],[36.478891373000067,36.203832626],[36.481700307000153,36.205490546000078],[36.481702805000168,36.205492020000179],[36.483519305000186,36.208721057000105],[36.485269546000154,36.211832047000144],[36.488425787000097,36.217413414000191],[36.489171982000073,36.218732834000093],[36.489553452000052,36.220411301000127],[36.490652084000146,36.22525215100012],[36.491651536000063,36.229631424000161],[36.492372498000066,36.232801369000185],[36.492372513000134,36.232801436999978],[36.492631653000103,36.232943377000026],[36.495290756000088,36.234399796000162],[36.495320786000093,36.234416577000047],[36.495420455000101,36.23447227500003],[36.50045204200012,36.232862473000068],[36.50530052199997,36.231309891000024],[36.509450913000137,36.229982376000066],[36.515569687000152,36.234640121000098],[36.515971315000115,36.234942488000115],[36.516912459000025,36.235651018000112],[36.522771835000071,36.238080979000188],[36.532484118000127,36.238073408],[36.537099839,36.238069534000033],[36.538180489000069,36.238068055000042],[36.542600632000131,36.238061905000052],[36.557382584000038,36.228082657000186],[36.578180313000189,36.232450485000072],[36.578748703000144,36.232416153000088],[36.578908920000117,36.232408524000107],[36.582529067999985,36.232191086000057],[36.583860398000184,36.232110977000048],[36.587732315000039,36.229890823000062],[36.589117995000095,36.229094061000183],[36.589410782000073,36.228925705000108],[36.59140863000016,36.22778043600016],[36.609262466000189,36.217542648],[36.618349076000072,36.216592788000128],[36.622392655000056,36.217092514000058],[36.62342262300001,36.217222214000174],[36.627380287000108,36.217710249000106],[36.627382278000027,36.217710495000119],[36.640591569000037,36.229230002000179],[36.640592575000142,36.229230880000046],[36.641140403000179,36.229230881000149],[36.641233444000136,36.229230881000149],[36.643522577000113,36.229234664000046],[36.655515671000103,36.229253769000081],[36.665655136000169,36.229269028000033],[36.674850552,36.229280470000106],[36.6748523710001,36.229280472000085],[36.684232712000039,36.23727989200006],[36.700712204000013,36.244279861000109],[36.704771042000118,36.250329971000099],[36.705430985000135,36.252840042000059],[36.706041336000055,36.255170822000139],[36.699853898000072,36.261678695000114],[36.695779801000015,36.26596260000008],[36.695619508,36.26626569900003],[36.695569992000173,36.266359330000057],[36.695268152000097,36.266926139000134],[36.692762375000143,36.27163124100008],[36.692557847000103,36.273931464000043],[36.692499161,36.274591446000102],[36.692444379000108,36.275195313999973],[36.692331314000057,36.276441574000103],[36.692522326000073,36.276744632000089],[36.693918228000086,36.278959274000044],[36.699079514000118,36.287130356000034],[36.699659348000125,36.289491654000187],[36.699887061000084,36.290416179000033],[36.700040817000172,36.291040420000058],[36.700262069000189,36.291929245000176],[36.700330735000193,36.292211532000181],[36.696649551000064,36.295331955000165],[36.694791794000082,36.296899795],[36.681112290000158,36.30005073600006],[36.671102524000048,36.302362442000174],[36.668882370000063,36.309419632000015],[36.668901452,36.310428229000081],[36.668909073,36.31083107000012],[36.669092177999971,36.320497512000031],[36.669111416000192,36.321483940000121],[36.669202804000065,36.326169968000045],[36.66884040900004,36.326662063000185],[36.666231156000038,36.33023262100005],[36.663431167000113,36.331750870000121],[36.659311295000123,36.333982468000045],[36.656106949000048,36.334714889000168],[36.653271502000166,36.335359462000099],[36.652700424000159,36.335489273000121],[36.650171280000166,36.336069107000128],[36.640161515000159,36.335641861000113],[36.640066147000084,36.335638047000145],[36.639894166000147,36.335631128000045],[36.639402390000157,36.335611343999972],[36.621480941000129,36.328802108000048],[36.611589432000187,36.327901839999981],[36.607839947000173,36.329881476000025],[36.607839584000033,36.329881668000041],[36.607821615999967,36.33039478],[36.607770920000064,36.331842423000182],[36.607740408000041,36.332860754000137],[36.607740402000047,36.332860947000086],[36.607812006000074,36.332993066000085],[36.609586716000024,36.336267471000042],[36.611454394000191,36.33972345900014],[36.612009049000164,36.340749741000138],[36.618230820000065,36.34605217],[36.627740027000016,36.354161507000185],[36.627740859000085,36.354162217000066],[36.627832412000146,36.359029770000177],[36.627851486000111,36.359670639000171],[36.62618738499998,36.362988434000158],[36.625429154000074,36.36450004600016],[36.623461275000011,36.368449248000104],[36.620260445000042,36.374871792000192],[36.620260239000061,36.374872207000124],[36.62073900300004,36.376800956000125],[36.623521805000053,36.388010025000028],[36.622900009000148,36.390050888000019],[36.622560502,36.391199111999981],[36.622560245999978,36.391199166000035],[36.618368261000171,36.392092173000094],[36.615701675000139,36.392660141000192],[36.615700302000107,36.392659936000086],[36.606660843000157,36.391309738000075],[36.606244896000078,36.391365594000092],[36.602029800000025,36.391931534000037],[36.59926033000005,36.392290115000151],[36.596830368000042,36.393072128000085],[36.593229294000025,36.394231797000032],[36.58937710500004,36.397602475000042],[36.589139938000073,36.397809982000069],[36.586729049000155,36.401880264000056],[36.586632195000107,36.402444016000118],[36.586431503000028,36.403612137000039],[36.585327879000033,36.409801953000112],[36.584989548000181,36.411699295000062],[36.583658445000083,36.413855803000104],[36.579900741000074,36.419942856000091],[36.576890945000059,36.424821854000186],[36.576391220000176,36.430101394000019],[36.575582504000067,36.438550949000046],[36.573549271000161,36.442281723],[36.573541641000077,36.44230079700003],[36.570791245,36.44381141700012],[36.568552017000059,36.44505119300004],[36.568384211000193,36.450043453999967],[36.568382744000132,36.450043372000152],[36.567790000000116,36.467730000000188],[36.56292,36.47459],[36.55497,36.48579],[36.55508,36.486130000000117],[36.55704,36.491800000000126],[36.555110001000173,36.49421],[36.552890000000104,36.49698],[36.553030000000149,36.50111],[36.558400000000177,36.504010000000164],[36.57341,36.51212],[36.58329,36.522660000000144],[36.58388,36.52375],[36.59133,36.537510000000111],[36.5944,36.549200000000155],[36.595850000000155,36.55471],[36.59612,36.55573],[36.59989,36.5620100000001],[36.60416,36.579070000000172],[36.603030870000111,36.589906196000015],[36.603482561000078,36.589988564000123],[36.603033064999977,36.589906692000056],[36.602922440000157,36.590970993000099],[36.60061073300011,36.600542068000038],[36.590953449000096,36.623417589000155],[36.587949752000156,36.630529403000082],[36.587964268000121,36.631331339000155],[36.588010788000076,36.633901596000101],[36.588052749000042,36.63604164100019],[36.590581893999968,36.645391464000113],[36.591852188000132,36.650110245000178],[36.606381185000089,36.671520395000073],[36.606382370000119,36.67152214000015],[36.606732774000136,36.671637592000081],[36.607042311999976,36.671739578000029],[36.608226628000125,36.672127220000107],[36.608941601000026,36.672361233],[36.60894203200013,36.672361374000104],[36.618852616000027,36.679990768000096],[36.625371933000054,36.691171646000043],[36.627782821000039,36.695299148000174],[36.631439580000176,36.699244110000052],[36.631509781000034,36.699319839],[36.632370222000077,36.700247575000049],[36.636880874000042,36.705110550000143],[36.638692856000091,36.711572647000082],[36.638261795000176,36.713521957000069],[36.635072708000052,36.728021622000085],[36.629041671999971,36.736921310000184],[36.625242233000108,36.742521286000056],[36.623971939000171,36.747091293999972],[36.624921798000173,36.750329972000088],[36.626591904000179,36.756061246000172],[36.627069473000176,36.757699966000075],[36.628551504000143,36.759929220000117],[36.630300522000084,36.762559889999977],[36.630821160000153,36.763339690000066],[36.632799148,36.766302109000094],[36.646310806000145,36.778390885000078],[36.648624442000084,36.780458537000072],[36.659280776000173,36.789979934000144],[36.662352527000053,36.79272577100005],[36.670270920000178,36.79980278000005],[36.67590141300019,36.807882309000036],[36.676109955000072,36.808182165000119],[36.678201675000082,36.811189652],[36.678350449000163,36.813661575000026],[36.67843158200003,36.815004352000187],[36.678579331000094,36.817449570000178],[36.678565893000041,36.818204746000106],[36.678560257000129,36.818521500000031],[36.677850724000109,36.820451737000155],[36.677626586000031,36.821053218000088],[36.677549362000036,36.821260452000161],[36.676689384000099,36.822662844000035],[36.673284531000036,36.828214645000116],[36.670232773000123,36.833192826000186],[36.668352127000162,36.836252212000147],[36.670732287000078,36.842721364000056],[36.670732498000177,36.842721940000104],[36.67326164200017,36.844232559000091],[36.675542832000133,36.84560203500007],[36.684202194000193,36.835992813000132],[36.685311912000145,36.834749625000086],[36.685312272000033,36.834749222000141],[36.691247340000075,36.83358311500001],[36.739030838000076,36.824182511000117],[36.745920180999974,36.821470261000059],[36.760183335000079,36.815866471000163],[36.797990798000058,36.801000595000119],[36.804182051999987,36.798570633000168],[36.879602433000059,36.78137016300019],[36.892930985000135,36.779241562000038],[36.897603988000128,36.778497696000102],[36.902669906000085,36.777692794000131],[36.927087783000104,36.779771805000109],[36.929227828000137,36.779954910000072],[36.932058335000136,36.780195236000054],[36.93205975800015,36.780194761000132],[36.932069779000187,36.780191422000087],[36.936881611000047,36.780605],[36.939882279000187,36.780862809000155],[36.944349289000115,36.781240464],[36.965662003000148,36.772020340000097],[36.988832474000162,36.762010574000044],[36.991670608000163,36.760122299000045],[36.998861312000031,36.755319595000174],[37.009469986000113,36.743131637000033],[37.019796371000155,36.737077713000019],[37.019876171000192,36.737029834000055],[37.019910812000148,36.737009049000051],[37.021185233000153,36.736603468000169],[37.02565193200013,36.735181809000039],[37.029191971000046,36.73405265800011],[37.045743943000161,36.728769303000036],[37.051709075000076,36.726861808000081],[37.051839828000141,36.726819992000173],[37.052839279000125,36.726209640000093],[37.055361795000124,36.724673297000095],[37.056039810000186,36.724260330000106],[37.056040003000135,36.724260001000175],[37.058129973,36.720739855000033],[37.05813026400017,36.720739364999986],[37.057979289000173,36.719916359000138],[37.057699204000187,36.718389511000112],[37.05677609300011,36.713374542],[37.056650162000096,36.712690352999971],[37.056650030000071,36.712690161000125],[37.033239365000099,36.678449631000035],[37.031450272000086,36.674112320000063],[37.030693834000033,36.672278323000114],[37.027902603000143,36.665510176999987],[37.027921677000109,36.664770127000054],[37.028030171000182,36.660916877000091],[37.028039932000183,36.660570145000179],[37.028039997000121,36.6605700880001],[37.031400201000167,36.65765994700007],[37.03140068099998,36.657659531000036],[37.034460068000101,36.656850815000098],[37.04137582900006,36.655024689000186],[37.048471451000069,36.653150559000039],[37.055795670000066,36.64822959900016],[37.06191062900001,36.644121170000119],[37.063970566000194,36.642732620000174],[37.064580918000104,36.642320633000111],[37.065019607000067,36.641950607000069],[37.067941665000035,36.639482498],[37.079881668000041,36.629411697000137],[37.086211698000113,36.626131280000038],[37.086889267000174,36.625780105000047],[37.087511629000119,36.625457074000053],[37.090990066000074,36.623651505000169],[37.096260833000031,36.623510391000025],[37.09626197800003,36.623510361000172],[37.096876516000066,36.623799625000117],[37.098409653000147,36.624521255000161],[37.103065744000048,36.626730593000161],[37.103570938000075,36.626970291000134],[37.112592697000025,36.646272660000193],[37.113790060000099,36.647958028000176],[37.117189407000069,36.652742386000057],[37.120467881000081,36.657358338999984],[37.12191149500012,36.65939068800003],[37.121912002999977,36.659391402999972],[37.126840592,36.661661148000121],[37.143911362000097,36.663152695000178],[37.144739150000191,36.663232804000131],[37.144990921000158,36.663240433000169],[37.146757228000183,36.663300377000155],[37.150163650000138,36.663415909000094],[37.150913417000083,36.66344226800004],[37.15114021300019,36.663450241000078],[37.15290488300019,36.662776989000179],[37.158128739000063,36.660783767000112],[37.158136368000044,36.660779953000144],[37.163701734000085,36.658658931000161],[37.163831711000114,36.658609391000141],[37.165918350000027,36.657815933000052],[37.174451109000188,36.654569899000194],[37.174451829000077,36.654569626000125],[37.175179356000115,36.65450336300006],[37.176420212000153,36.654390335000073],[37.178110123000067,36.6542301180001],[37.180902480999976,36.65398216300008],[37.185010910000187,36.653600693000158],[37.190252304000069,36.653902054000127],[37.194344311000179,36.654139267000119],[37.196241379000128,36.654249191000133],[37.225622177000162,36.663339614999984],[37.250241860000131,36.664300505000085],[37.266450882000129,36.664930343000151],[37.270238876000064,36.664590835000126],[37.303129196000043,36.661630630000104],[37.308221817000117,36.66058158900006],[37.331331253000144,36.655839920000062],[37.332081208000091,36.65568387400009],[37.333879471000103,36.655309677000162],[37.334055592000027,36.655275689000177],[37.334749222000028,36.655141831000094],[37.349580765000042,36.654512406000151],[37.360826492000115,36.654043198000068],[37.372671127000046,36.653551102000051],[37.394538748000059,36.650438835000159],[37.403593063000073,36.649148941000192],[37.411955088000127,36.647958023000058],[37.427232743000047,36.645780563000017],[37.435750961,36.643861770000171],[37.461141586000053,36.638151169000082],[37.472539902000051,36.637971878000087],[37.473822152000139,36.638288444000182],[37.474069596000163,36.638349533000167],[37.474401610000086,36.638433301000191],[37.476987839000117,36.639085770000065],[37.484979629,36.641092300000025],[37.496330761000081,36.646546278000073],[37.502042771000163,36.649290085000189],[37.512508222000179,36.659180178000042],[37.521009445000061,36.667211533000113],[37.53434181200015,36.676351547000138],[37.550092696999968,36.684312821],[37.555718966000029,36.687156201000107],[37.560811996000041,36.689729690000092],[37.573088215000155,36.695945417000075],[37.57533073500008,36.697080613000026],[37.578161240000099,36.698511124000163],[37.58751855800017,36.701750161],[37.602632523000068,36.706979752000109],[37.612097568000081,36.710932713000034],[37.630590439000116,36.718652725000027],[37.63554954600005,36.720720291000191],[37.636358542000153,36.721165431000088],[37.637220382000066,36.721639633000052],[37.640468801000168,36.723411629000111],[37.645528793000153,36.726171494000141],[37.645529278000083,36.726170863000164],[37.655140000000188,36.731410000000153],[37.67399,36.736820000000137],[37.69448,36.738230000000101],[37.701820001000101,36.74119],[37.706820000000164,36.74321],[37.71032,36.744620000000168],[37.719690000000128,36.747020000000134],[37.726770000000101,36.74884],[37.728779999000039,36.749030000000175],[37.7337500000001,36.749500000000182],[37.76702,36.746580000000165],[37.789216423000141,36.748424539000098],[37.791210000000149,36.74859],[37.80817,36.756340000000137],[37.814390000000117,36.75919],[37.85031000000015,36.770350000000121],[37.862320000000125,36.77407],[37.87902,36.778320000000178],[37.908030000000167,36.7857],[37.92871,36.79441],[37.95811,36.81043],[37.97654000000017,36.818190000000129],[37.990320000000111,36.8218],[37.99208,36.822250000000167],[37.997990000000186,36.823800000000176],[38.024466320000101,36.826761009999984],[38.02768,36.82712],[38.04086,36.82859000000019],[38.047100000000171,36.83306],[38.05173000100018,36.836370000000159],[38.052800000000161,36.83966],[38.054050000000188,36.84351],[38.0582500000001,36.84871],[38.0631,36.85261],[38.070520000000101,36.858560000000125],[38.122919999000089,36.879680000000178],[38.125000000000114,36.88052],[38.126440001000162,36.8811],[38.137721122000187,36.884383533000062],[38.137724548000108,36.884384530000034],[38.162290573000121,36.891530991000081],[38.172800064000057,36.894582748000118],[38.187810898000066,36.90458107000012],[38.19154930100018,36.905920029000129],[38.192107883000062,36.906119966000063],[38.194341660000191,36.906919479000067],[38.199528853000118,36.907842674000165],[38.200471878000087,36.908010483000112],[38.212731953000116,36.907127140999989],[38.216299057000185,36.906869889000063],[38.217968717000133,36.906750140000156],[38.230489730999977,36.90585136500016],[38.234189987000093,36.907361984000147],[38.240528202000064,36.909947449000128],[38.245412826000063,36.911939621000101],[38.247834077000107,36.912447118000102],[38.252820968000037,36.913492202000043],[38.258180618000097,36.913480759000095],[38.261898443000121,36.913474785000119],[38.265241623000179,36.91346931400011],[38.265702859000157,36.913372048000042],[38.269021988000077,36.912672043000157],[38.278390974000047,36.910654444999977],[38.282129288000078,36.909849167000175],[38.290508610000074,36.908046348000141],[38.295602799000164,36.906949997000083],[38.296369552000101,36.906892777000166],[38.311601639000173,36.905752182000185],[38.316186589000097,36.905400918000112],[38.316330634000167,36.905389879000154],[38.316331864000119,36.905389786000057],[38.318380266000133,36.905000665000102],[38.328859329000068,36.903009414999985],[38.336086703000092,36.901645292000012],[38.34251976000013,36.900430679000181],[38.349882126000182,36.899816513000133],[38.353005492000136,36.899555456000144],[38.353670121000164,36.899499893000041],[38.355345226000111,36.899359534999974],[38.381540299000051,36.897161484000094],[38.398542404000011,36.897161484000094],[38.402532578000148,36.896402359000092],[38.407842636,36.895391464000056],[38.422681809000096,36.890550614000063],[38.427419662000148,36.888998032000018],[38.449392318999969,36.881799697000133],[38.456922531000089,36.878507614000171],[38.463861465999969,36.875471115000039],[38.492971421000107,36.862710953000089],[38.506132126000182,36.858732224000164],[38.519065036000029,36.854825419000122],[38.521600724000052,36.854059219000135],[38.528886621000083,36.851404848000129],[38.557802200000083,36.840864181000086],[38.563402176000125,36.838819503000025],[38.56372261100006,36.838632584000095],[38.564988766000113,36.837876670000128],[38.565000534000035,36.837869644000079],[38.565036835000114,36.837847759000113],[38.568132400000025,36.835981369000024],[38.573671341000079,36.830121994000081],[38.577947616000131,36.825586319000081],[38.5796527870001,36.823781968000105],[38.588907242000118,36.818582535000189],[38.590761044000033,36.817537419000075],[38.590970638000158,36.81741925200015],[38.590970993000099,36.817419052000105],[38.591791153000088,36.816461563000018],[38.600622177000162,36.806009293000102],[38.602071762000094,36.804990769000028],[38.622850418000155,36.790311813000187],[38.633581161000109,36.779291153000145],[38.637861252000164,36.774892807000185],[38.638952255000106,36.773771286],[38.644205093000039,36.769804001000125],[38.666493109000101,36.752952116000131],[38.667619706000153,36.75209999100008],[38.671598434000032,36.749086380000051],[38.672170045000144,36.748653543000046],[38.673311233000049,36.747789383000111],[38.673627854000074,36.747529983000163],[38.676130295000064,36.745481491000135],[38.697000503000083,36.728429794000135],[38.723619461000055,36.710432053000034],[38.726110458,36.709501266000188],[38.730125271000134,36.707986815000027],[38.73147010800011,36.707479477000163],[38.740998301000047,36.705784109000035],[38.762132645000065,36.702020645],[38.773420333000161,36.700010300000031],[38.77469062800003,36.6997814180001],[38.777391434000037,36.699300766000135],[38.787340164,36.698511124000163],[38.795278468000106,36.697877238000103],[38.800760269000079,36.69743919400014],[38.81456947300012,36.698179245000176],[38.845712534000029,36.696742387000086],[38.847059250000086,36.696680069000081],[38.918272018999971,36.697580337000147],[38.921224967000057,36.697654966000187],[38.92537117,36.697759628000142],[38.928098654999985,36.697828547000086],[38.92975044200017,36.697870255000169],[38.943960190000098,36.698221207000074],[38.969682693000038,36.698850631000084],[38.999010086000055,36.702932357000122],[39.001871109000035,36.702981949000161],[39.020145886000194,36.703308494000112],[39.02023,36.703309995000097],[39.020231247000027,36.703310013000134],[39.055929184000036,36.699922561000164],[39.085489273000121,36.697111130000167],[39.106916426999987,36.692590713000129],[39.118249894000087,36.690198898000062],[39.148382186000106,36.683832169000027],[39.150091172000145,36.68346977300007],[39.150312424000163,36.683420181000031],[39.164430618000154,36.679662705],[39.166613166000104,36.679078227000161],[39.166681290000042,36.679059983000059],[39.167935574000069,36.678725806000045],[39.215532302000042,36.666032791000077],[39.219770432000075,36.665662765000036],[39.227350236000177,36.665002823000123],[39.275899887000037,36.673711777000051],[39.289030075000028,36.676740647000031],[39.299219131000029,36.679090500000029],[39.344839096000157,36.689599991000136],[39.348949775000165,36.689968227000065],[39.397981643000094,36.694349289000172],[39.43045,36.694540006000068],[39.430452347000141,36.694540023000116],[39.437224472000139,36.69524167000003],[39.439140288000033,36.695440092000069],[39.439142227000104,36.695440293],[39.440557996000052,36.695892682000078],[39.446222305000049,36.697702408000055],[39.44702657900018,36.697956664000117],[39.447404861,36.698076248000064],[39.449067435000075,36.698606058000053],[39.452600479000182,36.699731826000118],[39.45910453800019,36.698915481000142],[39.461599350000029,36.698602676000121],[39.467061996000098,36.697912216000191],[39.498270035000075,36.70129203800002],[39.503306111000029,36.701985523000133],[39.503976822000027,36.702077865000149],[39.506078832000185,36.702368359],[39.526239395,36.705152512000097],[39.545730915000036,36.70783021200009],[39.545732498000064,36.707830429000069],[39.562692429000094,36.711757744000181],[39.596639633000109,36.719610214000113],[39.599620835000053,36.71998301300016],[39.61095237800015,36.72139930700007],[39.615078568000115,36.721911565000028],[39.626291275000028,36.723302841000191],[39.63348198000017,36.723772049000104],[39.65469954800011,36.725154352000175],[39.664770126000064,36.725809097000081],[39.671209248000139,36.72795649700015],[39.673440933000109,36.728700638000134],[39.678922653000029,36.730531692000113],[39.693929673000184,36.735540390000097],[39.712030411000057,36.741571426000178],[39.718332291000081,36.742902755999978],[39.722730637000041,36.74382209800001],[39.807291031000034,36.749532700000032],[39.816999436000174,36.751180649000048],[39.82318557800005,36.752230069000177],[39.831731795999985,36.753679276000071],[39.841829300000029,36.755319595000174],[39.848882675000027,36.757909773999984],[39.855981827000164,36.760530472000141],[39.864550254000051,36.764641852000125],[39.86882209800001,36.766691208000054],[39.877531051000062,36.770872116000135],[39.890470505000053,36.777082444000087],[39.929059982000012,36.786951065000096],[39.946039200000143,36.792661667000118],[39.963239670000121,36.79845237700016],[39.98991966300008,36.811422348000065],[39.998306921000164,36.815497080000057],[40.000001907000069,36.816320420000181],[40.007346017000032,36.81988888300009],[40.008111954000128,36.820261002000052],[40.009094379000146,36.820740140000112],[40.015840531000151,36.824029922000193],[40.01603875800015,36.824095194000051],[40.017091751000123,36.824441910000132],[40.017678168000089,36.824639145000049],[40.01836204500006,36.824869156000148],[40.018965277000063,36.825071752000042],[40.019372940000153,36.825208664000172],[40.027980308000167,36.828076171000191],[40.035795212000039,36.830678940000155],[40.051024293000182,36.835751776000166],[40.051919937000036,36.836050034000152],[40.060461044000192,36.841402053000024],[40.067232945000171,36.845643778000067],[40.072751999000104,36.849100113000134],[40.079400885000098,36.855789635000122],[40.07962226900014,36.856012344000192],[40.080110550000086,36.85650062600007],[40.081369399999971,36.857259749999969],[40.082102341000166,36.857706202000145],[40.086999892999984,36.860689164000064],[40.099115237000035,36.863644581000074],[40.116628647000141,36.867914200000143],[40.132669449000048,36.87182045000003],[40.158491135000133,36.874601364000057],[40.171499252000046,36.876974106000091],[40.17617629200015,36.877826138999978],[40.180860520000124,36.878679276000184],[40.181367704000138,36.878852556000083],[40.182390213000133,36.879201889000171],[40.205303355000069,36.88686502500002],[40.207952499000044,36.887750625000137],[40.217190022000068,36.892462278000153],[40.220502852999971,36.894151687000033],[40.222157128000163,36.89499486699998],[40.232801438000024,36.900419236000175],[40.235195234000173,36.901639528000089],[40.238279342999988,36.90321159400014],[40.256021499000042,36.916791916000022],[40.260210037000036,36.919992447000084],[40.278432846000101,36.926141739000116],[40.295007706000149,36.935159683000052],[40.325929642000176,36.951971054000069],[40.326803207000069,36.952280045000123],[40.333827901000063,36.954763932000048],[40.340322494000134,36.957059860000072],[40.356146272000046,36.962642905999985],[40.365442276000067,36.965921402000049],[40.369313788000113,36.967288869000129],[40.369600296000044,36.967390060000014],[40.374991413000146,36.969790451000165],[40.378271102000156,36.971250534000092],[40.386011123000117,36.974691391000079],[40.397539139,36.981340408],[40.399257143000057,36.982764852000116],[40.402181626000186,36.985189438000191],[40.411033737000139,36.992538575000083],[40.419111251,36.999242782000124],[40.420434858000192,36.999905741000191],[40.420435010000062,36.999905818000116],[40.43814,37.0088],[40.44164000100011,37.009700000000123],[40.46183,37.014870000000144],[40.501920000000155,37.01991],[40.502680001000044,37.020010000000184],[40.50321999900018,37.020070000000146],[40.53263,37.02377],[40.54177,37.025740000000155],[40.546270000000106,37.02671],[40.582420000000127,37.04122],[40.60225,37.05407],[40.608920000000182,37.055850000000135],[40.635180000000105,37.062860000000171],[40.64586,37.06767],[40.67482,37.07845],[40.678380000000118,37.08083],[40.68845,37.08757],[40.69064,37.088720000000194],[40.70782,37.09766],[40.72077,37.10105],[40.74055,37.102410000000134],[40.7435,37.10327],[40.75266,37.10594],[40.755096206000189,37.107168319000095],[40.757934828000032,37.108599418000097],[40.764799118000099,37.112062454000124],[40.778767521000077,37.119089455000051],[40.781731172000036,37.120579975999988],[40.781732559000091,37.120580673000177],[40.786203384000089,37.120485301000087],[40.800592422000079,37.120180130000165],[40.815317153000137,37.119867325000087],[40.822530747000144,37.119710922000024],[40.825052261000053,37.118089676000181],[40.828180313000189,37.116090773999986],[40.830789566000192,37.113111496000045],[40.834062576000122,37.109361648000117],[40.837232589000109,37.108831406000149],[40.838268221000192,37.108656759000155],[40.838521957000012,37.1086139680001],[40.840270229000112,37.108322671000053],[40.850469590000102,37.106622696000159],[40.854349137000042,37.107511520000173],[40.858102801000143,37.108362197000133],[40.870470048000129,37.118051529000127],[40.885931015000097,37.124261857000079],[40.921079635000069,37.12709999100008],[40.921079755000108,37.127099980000025],[40.935949326000184,37.125719071000049],[40.94031133600015,37.125312085000132],[40.944860458000107,37.124887466000075],[40.9499492650001,37.124410629000124],[40.95452871700013,37.12299245000014],[40.964445115000103,37.119920731000093],[40.964586277000024,37.119877877000079],[40.964872360000186,37.119791031000034],[40.968851089000111,37.118551254000181],[40.972429276000184,37.117452621000155],[41.000520706000088,37.112001419000137],[41.003252030000112,37.111612320000177],[41.032350540999971,37.107412338000131],[41.059522629000071,37.105401993000157],[41.068025589000172,37.103803634000144],[41.083819057000085,37.100829809000061],[41.084192276000124,37.100759505999974],[41.08516847500016,37.100576045000025],[41.109083175000194,37.096078873000067],[41.114542008000058,37.09505271900008],[41.118616104000125,37.09459114100008],[41.118799210000191,37.094572067000058],[41.120528725000042,37.094378845000051],[41.120882034000033,37.094339370000114],[41.129886844000112,37.093330644000105],[41.132390976000181,37.093050003000087],[41.133167275000176,37.093033419000108],[41.158510208000166,37.092489242000113],[41.161864890000118,37.092415426000059],[41.16613197300012,37.092321396000102],[41.169740677000107,37.092241287000149],[41.18470191900002,37.086652756000035],[41.204351425000141,37.079301834000034],[41.206922531000032,37.077169417999983],[41.207719803000145,37.076501845999985],[41.210760186000073,37.069645341000182],[41.211919784000088,37.067029953000144],[41.212452341000187,37.066748680000046],[41.218412399000044,37.063600540000152],[41.223722458000168,37.063982010000075],[41.23319784600011,37.064655674000051],[41.234239578000143,37.064729690000149],[41.234484615000042,37.064747405999981],[41.236772537000036,37.064912795999987],[41.248750686000164,37.069070816000135],[41.250051498000118,37.069952011000112],[41.257490158999985,37.074991226000066],[41.264299393000101,37.077131271000155],[41.270670639000059,37.079118482000126],[41.271060355000145,37.079240020999976],[41.271062850000078,37.079240799000047],[41.285982132000129,37.080141068000046],[41.347913742000117,37.080011367000054],[41.365312576000122,37.079969406000032],[41.370512009000038,37.07995414700008],[41.387079239000172,37.079912186000115],[41.409810780999976,37.079837738000151],[41.418191910000075,37.079809189000173],[41.500852585000189,37.079549790000158],[41.512691825000104,37.080724601999975],[41.5441608430001,37.083841324000105],[41.550859452,37.084512711000173],[41.557439824000028,37.085160771000119],[41.558141708,37.085229873000173],[41.570057708000093,37.08793881400004],[41.574201584000093,37.088880539000058],[41.589719772000137,37.092420578000144],[41.626482010000188,37.105112076000069],[41.62900294800005,37.105711693000046],[41.630170822000082,37.105989455999975],[41.63993038600006,37.108299879000128],[41.655187933999969,37.11190879000003],[41.657350541000142,37.112421035000068],[41.657709122000028,37.112440109000033],[41.686922073000119,37.114461899000162],[41.694040299000051,37.114301682000132],[41.695539474000043,37.114271164000115],[41.728429795000125,37.113512039000057],[41.743421555000111,37.115480423000065],[41.75774643900013,37.117353225000102],[41.758639791000178,37.117469959000175],[41.758640000000128,37.11747],[41.784872055000108,37.122591019000026],[41.800672532000135,37.125677109000151],[41.849939346000099,37.135282516000075],[41.871870041000193,37.139543533999984],[41.892122702,37.143475476000106],[41.934442520000175,37.151681899999971],[41.97514000100017,37.159569996000187],[42.000379562000148,37.170522690000155],[42.011208208000085,37.17521423900007],[42.014890671000046,37.176809311000056],[42.015306043000123,37.176990766000074],[42.016340227000057,37.177439984000102],[42.017372957000077,37.177728511000112],[42.057329177000099,37.188882828000089],[42.067486972000097,37.194738817000143],[42.071722031000093,37.197179794000022],[42.079301834000091,37.201559067000119],[42.106111526000063,37.21285057100016],[42.109311370000114,37.215855064000152],[42.112791061000166,37.219121933],[42.113394189000189,37.220140597000125],[42.12243080200011,37.235399246000043],[42.123380661000112,37.23620033300017],[42.126470565000147,37.238779068000099],[42.127204091000067,37.239396926000097],[42.128599167000061,37.240571976000126],[42.139169692000053,37.249452591000136],[42.148146292000092,37.255789306000167],[42.153772354000182,37.259759903000145],[42.172582626000121,37.269319533999976],[42.183909997000058,37.275090005000038],[42.18391227800015,37.275091171000156],[42.187228864000133,37.277433951000035],[42.193951499999969,37.282181944],[42.193952560000071,37.282182692999982],[42.207841874000167,37.300191879000067],[42.210535195000148,37.304890158000035],[42.216459275000034,37.315221786000109],[42.219213486000115,37.317220688000134],[42.219717168000045,37.317585158000099],[42.22044181900003,37.318109512000149],[42.221548420000033,37.318362558000103],[42.22281074600005,37.318651200000033],[42.224376506999988,37.319010375000175],[42.224939346000099,37.319139480000104],[42.226516872000104,37.318753428000093],[42.232202529000062,37.317361832000074],[42.234251022000194,37.316080093000153],[42.234861373000115,37.315690994000022],[42.234342575000028,37.314912796000158],[42.233682632000011,37.313909530000103],[42.233071201000143,37.308314494000058],[42.232999801000119,37.307661057000075],[42.228937555000073,37.299111459000017],[42.228590011000108,37.298379898000178],[42.227923816000157,37.297397966000119],[42.218809128000032,37.283960342000114],[42.218528161000165,37.282621311000071],[42.218091965000156,37.280542373000173],[42.219320296999967,37.279161453000143],[42.219831466000073,37.27859687800003],[42.220830202000116,37.277479971999981],[42.220830917000114,37.277479172000142],[42.222010012000055,37.277317258000039],[42.225469590000102,37.276842117000058],[42.226921245000085,37.276635224000074]]],[[[35.857824343000118,34.859098146000065],[35.859692634000055,34.858572133000166],[35.860960484000145,34.858018207000157],[35.861283595000145,34.857742484000028],[35.861496135000152,34.857283849000169],[35.861461576000067,34.856895071000167],[35.861314705000041,34.856851873000153],[35.86111980700008,34.8571992090001],[35.860813613000175,34.857663987000024],[35.86034708,34.857949091000137],[35.859912034999979,34.858094048000169],[35.859431291000192,34.858277392000048],[35.85894459900004,34.85840075800013],[35.858368632000122,34.858579775000123],[35.858195451000086,34.858699283000021],[35.857843181000078,34.858821705000025],[35.857627427000125,34.858688686000164],[35.85752537500008,34.85846383900008],[35.857567325000161,34.858272033000048],[35.857748644000139,34.858095780000099],[35.857961591000105,34.857794832000081],[35.858351962000143,34.857531219],[35.858856027,34.857327197000188],[35.85929470700006,34.85724633000018],[35.85988896300006,34.857239792000144],[35.859699112000044,34.857110983000098],[35.859515359000056,34.856877861000157],[35.859444305000181,34.856644686000152],[35.85947260100005,34.856367659000057],[35.859612878,34.856075053000154],[35.859758011000054,34.855886756000132],[35.859982128000183,34.855740932000117],[35.860208333000173,34.855672907000098],[35.860523533000162,34.855669468000087],[35.860765253000068,34.855738262000102],[35.861357902000179,34.855849688999967],[35.861824436000063,34.856186631000128],[35.862100901000076,34.856247107000172],[35.862152737000144,34.856057038000188],[35.862005866000118,34.855884248000109],[35.86181579600003,34.855530028000089],[35.861601792000101,34.854977772000041],[35.861652491000143,34.854191934000028],[35.859675218,34.853786339000123],[35.857571197000141,34.853482143],[35.857398807000038,34.853773269000158],[35.857267722000131,34.853900200000055],[35.857000635000134,34.854064102000109],[35.856760812000118,34.854101049000064],[35.856323479000082,34.854239393000171],[35.856151883000109,34.854384073000062],[35.855919899000071,34.854674705000093],[35.855839924000122,34.854829945000176],[35.855756349000046,34.855246050000062],[35.855737597000086,34.855607651000014],[35.855655055,34.855839641000046],[35.855466465000063,34.856117416000188],[35.855363230000137,34.856240572000104],[35.855246640000075,34.85651520100015],[35.855204011000183,34.856804030000148],[35.855246191000106,34.857127198000057],[35.855320779000067,34.857323371000064],[35.855452135000121,34.857537292000075],[35.855655542000136,34.857753882000054],[35.85575929100014,34.857945181000161],[35.855768679,34.858138926000152],[35.855810518000169,34.858361154000022],[35.855925123000191,34.858617858000116],[35.855964550000124,34.85866779800017],[35.856122592000077,34.858780443000171],[35.856315958999971,34.858829991],[35.856694585000071,34.858923072000152],[35.857824343000118,34.859098146000065]]]]}}
]
}
