{"type":"FeatureCollection","name":"subdistricts","xy_coordinate_resolution":1e-05,"features":[{"type":"Feature","properties":{"pcode":"SY010000","name":"دمشق","district":"دمشق","gov":"دمشق","POP2004":1552161,"mh_mean":0.7081,"seis_mean":0.739,"flood_mean":0.5463,"pop_dens":13292.5725,"frag_pct":0.1247,"old_pct":0.17,"nonstd_pct":0.0007,"vuln_idx":0.4967,"risk_ahp":0.6278,"risk_class":5},"geometry":{"type":"MultiPolygon","coordinates":[[[[36.32194,33.57172],[36.31409,33.57016],[36.31529,33.56513],[36.28374,33.56241],[36.28038,33.56364],[36.27375,33.55585],[36.26991,33.55793],[36.23154,33.54192],[36.22703,33.54638],[36.22307,33.54497],[36.22257,33.53957],[36.21488,33.53689],[36.21237,33.53934],[36.20896,33.53498],[36.20404,33.5339],[36.20285,33.53058],[36.2049,33.5296],[36.19715,33.5251],[36.19925,33.5146],[36.20865,33.51596],[36.21025,33.48595],[36.20513,33.48564],[36.20966,33.47904],[36.20586,33.47315],[36.20698,33.46935],[36.21875,33.47236],[36.22226,33.46827],[36.2263,33.47003],[36.22517,33.47194],[36.22992,33.47161],[36.24329,33.48004],[36.24713,33.47608],[36.26634,33.46852],[36.27205,33.46999],[36.2789,33.47582],[36.27745,33.46515],[36.28317,33.4612],[36.28275,33.45861],[36.29742,33.46241],[36.29907,33.4613],[36.296,33.46507],[36.29845,33.46807],[36.3032,33.46744],[36.30375,33.46474],[36.30711,33.46517],[36.31065,33.46138],[36.31366,33.4619],[36.31537,33.47041],[36.31375,33.47163],[36.31867,33.46931],[36.31735,33.4737],[36.32141,33.47395],[36.32178,33.47795],[36.31567,33.4783],[36.31451,33.48056],[36.31728,33.48081],[36.31746,33.48453],[36.32513,33.48583],[36.32389,33.49001],[36.32736,33.48866],[36.34019,33.51848],[36.3505,33.52086],[36.34823,33.52681],[36.34373,33.52566],[36.35593,33.55668],[36.33617,33.55888],[36.33434,33.56495],[36.32519,33.56409],[36.327,33.56707],[36.32356,33.56932],[36.32075,33.56804],[36.32194,33.57172]]]]}},{"type":"Feature","properties":{"pcode":"SY020000","name":"مركز جبل سمعان","district":"جبل سمعان","gov":"حلب","POP2004":2181061,"mh_mean":0.6193,"seis_mean":0.5376,"flood_mean":0.6536,"pop_dens":3285.3673,"frag_pct":0.5525,"old_pct":0.0805,"nonstd_pct":0.0003,"vuln_idx":0.6476,"risk_ahp":0.6407,"risk_class":5},"geometry":{"type":"MultiPolygon","coordinates":[[[[37.20994,36.36165],[37.19784,36.36905],[37.18507,36.36434],[37.15347,36.33946],[37.12993,36.32534],[37.11111,36.29778],[37.099,36.26618],[37.08757,36.25004],[37.0748,36.24533],[37.06001,36.24332],[37.02437,36.24063],[37.01772,36.24219],[37.0188,36.22622],[37.01181,36.20602],[36.99783,36.1897],[37.00519,36.18318],[36.99874,36.12037],[37.00501,36.11969],[37.03639,36.10311],[37.05432,36.09639],[37.06642,36.08787],[37.07359,36.07532],[37.07673,36.06008],[37.07679,36.04186],[37.09904,36.03992],[37.1384,36.00309],[37.14233,36.01472],[37.15582,36.02703],[37.20381,36.03168],[37.20399,36.03917],[37.20824,36.04805],[37.23028,36.06836],[37.24692,36.10841],[37.25995,36.12719],[37.27068,36.14176],[37.30097,36.17089],[37.28202,36.19611],[37.2811,36.21],[37.26721,36.24518],[37.26351,36.26369],[37.26999,36.28128],[37.28625,36.29568],[37.29068,36.31647],[37.29813,36.32784],[37.30138,36.34143],[37.29368,36.35484],[37.2852,36.35387],[37.27927,36.35058],[37.25892,36.33491],[37.24434,36.33219],[37.22884,36.33331],[37.21694,36.3426],[37.20994,36.36165]]]]}},{"type":"Feature","properties":{"pcode":"SY020001","name":"أتارب","district":"جبل سمعان","gov":"حلب","POP2004":76873,"mh_mean":0.7076,"seis_mean":0.6607,"flood_mean":0.6427,"pop_dens":249.3783,"frag_pct":0.5525,"old_pct":0.0805,"nonstd_pct":0.0003,"vuln_idx":0.5332,"risk_ahp":0.65,"risk_class":5},"geometry":{"type":"MultiPolygon","coordinates":[[[[36.80077,36.2163],[36.78057,36.20749],[36.77402,36.19539],[36.76869,36.19544],[36.76623,36.19317],[36.76646,36.18883],[36.77344,36.18585],[36.76015,36.16506],[36.74323,36.16289],[36.73286,36.15686],[36.71498,36.15458],[36.70923,36.1508],[36.71026,36.14648],[36.71806,36.14246],[36.72105,36.13353],[36.72882,36.12317],[36.73788,36.11794],[36.74956,36.11485],[36.75581,36.10932],[36.75464,36.10483],[36.74442,36.0997],[36.74139,36.08478],[36.77071,36.06694],[36.78077,36.06631],[36.78896,36.06981],[36.80704,36.0716],[36.82269,36.06595],[36.83158,36.06671],[36.83913,36.04734],[36.84546,36.04041],[36.85668,36.0444],[36.87941,36.04395],[36.88184,36.04258],[36.88276,36.02989],[36.89564,36.03319],[36.91761,36.05111],[36.91985,36.0668],[36.9185,36.0807],[36.92299,36.08921],[36.94898,36.09952],[36.95974,36.10669],[36.96646,36.11835],[36.97767,36.12283],[36.99874,36.12037],[37.00519,36.18318],[36.99783,36.1897],[36.98,36.17799],[36.92774,36.18856],[36.91626,36.18377],[36.89901,36.18254],[36.88183,36.18482],[36.84555,36.19125],[36.83001,36.19747],[36.81646,36.21565],[36.80492,36.21473],[36.80077,36.2163]]]]}},{"type":"Feature","properties":{"pcode":"SY020002","name":"تل الضمان","district":"جبل سمعان","gov":"حلب","POP2004":48108,"mh_mean":0.4285,"seis_mean":0.2986,"flood_mean":0.6422,"pop_dens":41.9515,"frag_pct":0.5525,"old_pct":0.0805,"nonstd_pct":0.0003,"vuln_idx":0.4548,"risk_ahp":0.3637,"risk_class":2},"geometry":{"type":"MultiPolygon","coordinates":[[[[37.24157,36.04213],[37.21349,36.0324],[37.15582,36.02703],[37.14233,36.01472],[37.13236,35.98247],[37.12767,35.97895],[37.10979,35.97514],[37.09601,35.96957],[37.09074,35.95521],[37.0925,35.94788],[37.10598,35.92472],[37.10803,35.91505],[37.10334,35.9086],[37.08868,35.90273],[37.0667,35.90449],[37.05468,35.89951],[37.05233,35.89482],[37.04999,35.88104],[37.05382,35.83731],[37.06073,35.83696],[37.0662,35.84023],[37.07037,35.8369],[37.06807,35.83304],[37.08806,35.82272],[37.09156,35.81868],[37.10322,35.82038],[37.10338,35.82907],[37.10921,35.83119],[37.12045,35.82905],[37.11454,35.80949],[37.11527,35.80172],[37.13671,35.79627],[37.13682,35.7814],[37.12121,35.78028],[37.10777,35.76675],[37.11968,35.75798],[37.11545,35.74936],[37.10351,35.74715],[37.10482,35.74161],[37.11698,35.73987],[37.12018,35.72701],[37.1198,35.70775],[37.10481,35.69594],[37.09957,35.67947],[37.10336,35.67359],[37.11117,35.67068],[37.123,35.67318],[37.13329,35.67012],[37.1353,35.66772],[37.12816,35.65057],[37.12818,35.64444],[37.13416,35.63961],[37.14548,35.63594],[37.11797,35.61033],[37.12093,35.60475],[37.11085,35.59139],[37.14292,35.58764],[37.15645,35.58291],[37.16665,35.55304],[37.17008,35.55041],[37.17495,35.55022],[37.17763,35.55337],[37.1913,35.55773],[37.20166,35.55443],[37.20217,35.5499],[37.19905,35.54618],[37.21544,35.54418],[37.21947,35.54571],[37.22164,35.55873],[37.23414,35.56063],[37.24056,35.55472],[37.2504,35.53339],[37.26056,35.53061],[37.2691,35.53313],[37.28316,35.53258],[37.28419,35.53934],[37.3009,35.54677],[37.30031,35.54171],[37.30366,35.53939],[37.32459,35.54163],[37.32277,35.52739],[37.31386,35.52403],[37.32533,35.51611],[37.32774,35.51182],[37.33531,35.51586],[37.34613,35.50691],[37.36801,35.51534],[37.38546,35.50833],[37.38308,35.53618],[37.41699,35.55561],[37.43412,35.55003],[37.43412,35.60301],[37.42301,35.64005],[37.40612,35.65998],[37.38568,35.67482],[37.36996,35.69476],[37.37073,35.71508],[37.36687,35.75129],[37.332,35.77835],[37.32967,35.7889],[37.34766,35.79567],[37.34657,35.80366],[37.33737,35.81018],[37.32242,35.81626],[37.32519,35.83551],[37.32142,35.83758],[37.3182,35.84546],[37.31781,35.8608],[37.31998,35.86524],[37.29271,35.87546],[37.27024,35.8879],[37.26502,35.91117],[37.27425,35.95571],[37.27505,35.97939],[37.28147,35.99865],[37.27987,36.00948],[37.26141,36.01952],[37.24157,36.04213]]]]}},{"type":"Feature","properties":{"pcode":"SY020003","name":"حريتان","district":"جبل سمعان","gov":"حلب","POP2004":67745,"mh_mean":0.5895,"seis_mean":0.5124,"flood_mean":0.6359,"pop_dens":291.0937,"frag_pct":0.5525,"old_pct":0.0805,"nonstd_pct":0.0003,"vuln_idx":0.54,"risk_ahp":0.5598,"risk_class":5},"geometry":{"type":"MultiPolygon","coordinates":[[[[37.3226,36.36237],[37.30979,36.37663],[37.27467,36.36089],[37.26034,36.35154],[37.23637,36.34306],[37.23139,36.34511],[37.22292,36.35504],[37.21678,36.3682],[37.2086,36.37405],[37.19807,36.37434],[37.1858,36.37288],[37.17615,36.3682],[37.15804,36.35638],[37.14955,36.34686],[37.13698,36.34306],[37.07614,36.34081],[37.05933,36.33812],[37.04209,36.3395],[37.01736,36.33091],[36.99725,36.33058],[36.99143,36.32534],[36.98718,36.2671],[37.00151,36.24601],[37.02437,36.24063],[37.0748,36.24533],[37.08757,36.25004],[37.099,36.26618],[37.11111,36.29778],[37.12993,36.32534],[37.15347,36.33946],[37.18507,36.36434],[37.19784,36.36905],[37.20994,36.36165],[37.21694,36.3426],[37.22884,36.33331],[37.23648,36.33242],[37.25121,36.33263],[37.25892,36.33491],[37.27927,36.35058],[37.2852,36.35387],[37.29368,36.35484],[37.30138,36.34143],[37.29813,36.32784],[37.29068,36.31647],[37.28625,36.29568],[37.26999,36.28128],[37.26351,36.26369],[37.26721,36.24518],[37.2811,36.21],[37.28202,36.19611],[37.29598,36.17621],[37.30097,36.17089],[37.31132,36.18047],[37.3255,36.18814],[37.33777,36.19006],[37.40945,36.19504],[37.42308,36.19228],[37.4155,36.20684],[37.40219,36.21476],[37.38122,36.21566],[37.36364,36.20934],[37.35846,36.21372],[37.33983,36.21247],[37.34706,36.23531],[37.33667,36.25413],[37.32369,36.26776],[37.32174,36.28464],[37.32381,36.29094],[37.31073,36.31468],[37.30937,36.32734],[37.31826,36.35573],[37.3226,36.36237]]]]}},{"type":"Feature","properties":{"pcode":"SY020004","name":"دارة عزة","district":"جبل سمعان","gov":"حلب","POP2004":38766,"mh_mean":0.662,"seis_mean":0.6817,"flood_mean":0.5381,"pop_dens":170.3969,"frag_pct":0.5525,"old_pct":0.0805,"nonstd_pct":0.0003,"vuln_idx":0.5163,"risk_ahp":0.6058,"risk_class":5},"geometry":{"type":"MultiPolygon","coordinates":[[[[36.84603,36.34316],[36.83309,36.34416],[36.81517,36.34217],[36.79824,36.3362],[36.79549,36.32234],[36.77516,36.31452],[36.7603,36.31274],[36.76899,36.30225],[36.78698,36.30267],[36.79342,36.28137],[36.81519,36.28439],[36.82189,36.28353],[36.81615,36.26763],[36.82386,36.25841],[36.82242,36.25022],[36.83564,36.24913],[36.84037,36.23841],[36.84031,36.2338],[36.83309,36.23102],[36.82821,36.21716],[36.81646,36.21565],[36.83001,36.19747],[36.84555,36.19125],[36.89901,36.18254],[36.91626,36.18377],[36.92774,36.18856],[36.98,36.17799],[36.99783,36.1897],[37.01181,36.20602],[37.0188,36.22622],[37.01772,36.24219],[37.00151,36.24601],[36.98721,36.26969],[36.96364,36.27905],[36.93723,36.28138],[36.91496,36.30586],[36.91274,36.30234],[36.89382,36.29936],[36.87889,36.30633],[36.85599,36.3362],[36.84603,36.34316]]]]}},{"type":"Feature","properties":{"pcode":"SY020005","name":"الزربة","district":"جبل سمعان","gov":"حلب","POP2004":58816,"mh_mean":0.5991,"seis_mean":0.4809,"flood_mean":0.6934,"pop_dens":165.7741,"frag_pct":0.5525,"old_pct":0.0805,"nonstd_pct":0.0003,"vuln_idx":0.5151,"risk_ahp":0.5548,"risk_class":5},"geometry":{"type":"MultiPolygon","coordinates":[[[[36.97767,36.12283],[36.96646,36.11835],[36.95974,36.10669],[36.94898,36.09952],[36.92299,36.08921],[36.9185,36.0807],[36.91985,36.0668],[36.91761,36.05111],[36.89564,36.03319],[36.88276,36.02989],[36.88274,36.0244],[36.87541,36.01523],[36.87186,36.00119],[36.87333,35.98845],[36.86764,35.98151],[36.86809,35.97094],[36.87485,35.96037],[36.87761,35.93404],[36.88846,35.93611],[36.8931,35.92864],[36.90049,35.9253],[36.90159,35.91356],[36.90434,35.91194],[36.93554,35.91577],[36.94096,35.91112],[36.94212,35.90424],[36.93686,35.90008],[36.93571,35.89521],[36.93953,35.88714],[36.9526,35.88568],[36.95846,35.87861],[36.95955,35.87007],[36.95415,35.86608],[36.95404,35.86342],[36.95945,35.85034],[36.96287,35.84783],[36.97657,35.84515],[36.98087,35.83806],[36.99053,35.83616],[36.98516,35.82535],[36.9869,35.80532],[36.99046,35.80567],[37.0105,35.82022],[37.02714,35.81809],[37.03133,35.82454],[37.0339,35.84373],[37.05382,35.83731],[37.04999,35.88104],[37.05468,35.89951],[37.06069,35.902],[37.0619,35.91581],[37.05569,35.92976],[37.04859,35.93332],[37.02656,35.93758],[37.01234,35.93616],[37.00168,35.93758],[36.99244,35.95535],[36.99102,35.96814],[36.9832,35.98804],[36.98107,36.00509],[36.99031,36.01575],[37.0031,36.01931],[37.01234,36.01789],[37.04148,36.02357],[37.06649,36.04147],[37.07679,36.04186],[37.07673,36.06008],[37.07359,36.07532],[37.06642,36.08787],[37.05432,36.09639],[37.03639,36.10311],[37.00501,36.11969],[36.97767,36.12283]]]]}},{"type":"Feature","properties":{"pcode":"SY020006","name":"الحاضر","district":"جبل سمعان","gov":"حلب","POP2004":19382,"mh_mean":0.5724,"seis_mean":0.4487,"flood_mean":0.6903,"pop_dens":147.5844,"frag_pct":0.5525,"old_pct":0.0805,"nonstd_pct":0.0003,"vuln_idx":0.51,"risk_ahp":0.5294,"risk_class":4},"geometry":{"type":"MultiPolygon","coordinates":[[[[37.09904,36.03992],[37.06649,36.04147],[37.04148,36.02357],[37.01234,36.01789],[37.0031,36.01931],[36.99031,36.01575],[36.98107,36.00509],[36.9832,35.98804],[36.99102,35.96814],[36.99244,35.95535],[37.00168,35.93758],[37.01234,35.93616],[37.02656,35.93758],[37.04859,35.93332],[37.05569,35.92976],[37.0619,35.91581],[37.06069,35.902],[37.0667,35.90449],[37.08868,35.90273],[37.10334,35.9086],[37.10803,35.91505],[37.10598,35.92472],[37.0925,35.94788],[37.09074,35.95521],[37.09601,35.96957],[37.10979,35.97514],[37.12767,35.97895],[37.13236,35.98247],[37.1384,36.00309],[37.09904,36.03992]]]]}},{"type":"Feature","properties":{"pcode":"SY020200","name":"مركز الباب","district":"الباب","gov":"حلب","POP2004":112384,"mh_mean":0.497,"seis_mean":0.4,"flood_mean":0.6259,"pop_dens":229.7654,"frag_pct":0.6281,"old_pct":0.0925,"nonstd_pct":0.0015,"vuln_idx":0.5997,"risk_ahp":0.4983,"risk_class":4},"geometry":{"type":"MultiPolygon","coordinates":[[[[37.41583,36.56908],[37.41642,36.56051],[37.41937,36.55078],[37.43022,36.53795],[37.43793,36.50857],[37.43163,36.47535],[37.42087,36.46951],[37.40054,36.4644],[37.3747,36.46131],[37.37607,36.4493],[37.35188,36.40802],[37.34251,36.39823],[37.31826,36.35573],[37.30937,36.32734],[37.31073,36.31468],[37.32381,36.29094],[37.32174,36.28464],[37.32369,36.26776],[37.33667,36.25413],[37.34706,36.23531],[37.33983,36.21247],[37.35846,36.21372],[37.36364,36.20934],[37.38626,36.21574],[37.38535,36.22687],[37.39854,36.26843],[37.43143,36.27545],[37.43609,36.27881],[37.42653,36.30284],[37.41435,36.31831],[37.42902,36.32331],[37.44788,36.32455],[37.46692,36.33299],[37.47929,36.33528],[37.48915,36.34339],[37.50504,36.35165],[37.5442,36.35333],[37.55018,36.35089],[37.55244,36.34448],[37.56774,36.3476],[37.5775,36.35366],[37.58397,36.36772],[37.58591,36.38589],[37.59565,36.38914],[37.60976,36.37678],[37.63377,36.37581],[37.64173,36.38265],[37.64674,36.39284],[37.61981,36.41521],[37.59619,36.45292],[37.58542,36.4583],[37.53514,36.46975],[37.52563,36.47578],[37.51645,36.49129],[37.5166,36.516],[37.52017,36.53494],[37.4953,36.5326],[37.46779,36.52301],[37.46226,36.52322],[37.46357,36.52844],[37.45833,36.54058],[37.44285,36.54135],[37.43874,36.54335],[37.43562,36.55318],[37.43569,36.56431],[37.43124,36.56825],[37.41583,36.56908]]]]}},{"type":"Feature","properties":{"pcode":"SY020201","name":"تادف","district":"الباب","gov":"حلب","POP2004":41786,"mh_mean":0.4861,"seis_mean":0.339,"flood_mean":0.6872,"pop_dens":130.13,"frag_pct":0.6281,"old_pct":0.0925,"nonstd_pct":0.0015,"vuln_idx":0.5746,"risk_ahp":0.476,"risk_class":4},"geometry":{"type":"MultiPolygon","coordinates":[[[[37.65477,36.38443],[37.64674,36.39284],[37.64173,36.38265],[37.63377,36.37581],[37.61727,36.37611],[37.60976,36.37678],[37.59565,36.38914],[37.58591,36.38589],[37.58397,36.36772],[37.5775,36.35366],[37.56774,36.3476],[37.55244,36.34448],[37.55018,36.35089],[37.5442,36.35333],[37.50504,36.35165],[37.48915,36.34339],[37.47929,36.33528],[37.46692,36.33299],[37.44788,36.32455],[37.41901,36.32127],[37.41435,36.31831],[37.42653,36.30284],[37.43609,36.27881],[37.43143,36.27545],[37.39854,36.26843],[37.39249,36.25478],[37.38843,36.23487],[37.39003,36.2304],[37.3939,36.22639],[37.39985,36.22657],[37.40796,36.23354],[37.42371,36.24021],[37.45999,36.2457],[37.4918,36.23661],[37.50738,36.23726],[37.53628,36.24973],[37.55151,36.24634],[37.56449,36.23791],[37.57748,36.23726],[37.64433,36.24375],[37.65017,36.24505],[37.6639,36.25424],[37.67128,36.26866],[37.67935,36.27422],[37.6913,36.276],[37.70418,36.28129],[37.71521,36.27981],[37.7162,36.29047],[37.72116,36.29815],[37.73528,36.30162],[37.72204,36.32666],[37.7144,36.33601],[37.6745,36.34971],[37.66552,36.35015],[37.66425,36.35332],[37.66904,36.37503],[37.65477,36.38443]]]]}},{"type":"Feature","properties":{"pcode":"SY020202","name":"دير حافر","district":"الباب","gov":"حلب","POP2004":34366,"mh_mean":0.5236,"seis_mean":0.3489,"flood_mean":0.7388,"pop_dens":306.382,"frag_pct":0.6281,"old_pct":0.0925,"nonstd_pct":0.0015,"vuln_idx":0.6125,"risk_ahp":0.5318,"risk_class":4},"geometry":{"type":"MultiPolygon","coordinates":[[[[37.60184,36.18471],[37.60636,36.17021],[37.60502,36.13134],[37.60109,36.12426],[37.59086,36.11718],[37.57817,36.08244],[37.61273,36.07513],[37.64588,36.07513],[37.66839,36.0695],[37.69759,36.07423],[37.70142,36.11554],[37.72265,36.152],[37.64433,36.18403],[37.60184,36.18471]]]]}},{"type":"Feature","properties":{"pcode":"SY020203","name":"الراعي","district":"الباب","gov":"حلب","POP2004":15378,"mh_mean":0.4473,"seis_mean":0.3341,"flood_mean":0.6278,"pop_dens":41.4364,"frag_pct":0.6281,"old_pct":0.0925,"nonstd_pct":0.0015,"vuln_idx":0.5244,"risk_ahp":0.4126,"risk_class":3},"geometry":{"type":"MultiPolygon","coordinates":[[[[37.63821,36.73571],[37.61544,36.72176],[37.52471,36.68761],[37.49885,36.67574],[37.48921,36.66836],[37.48764,36.6509],[37.47415,36.63301],[37.47081,36.63495],[37.44364,36.63297],[37.42522,36.64406],[37.40618,36.64393],[37.40153,36.64606],[37.39136,36.63203],[37.3776,36.60451],[37.38629,36.59655],[37.41275,36.58453],[37.41325,36.5724],[37.41583,36.56908],[37.43124,36.56825],[37.43569,36.56431],[37.43562,36.55318],[37.43874,36.54335],[37.44285,36.54135],[37.45833,36.54058],[37.46357,36.52844],[37.46226,36.52322],[37.46779,36.52301],[37.48556,36.53023],[37.50602,36.53448],[37.51613,36.53538],[37.55554,36.53032],[37.56449,36.53254],[37.57457,36.54513],[37.57037,36.56322],[37.57648,36.5787],[37.59136,36.58692],[37.60869,36.59217],[37.61166,36.59215],[37.61398,36.582],[37.61935,36.57509],[37.61203,36.5503],[37.61363,36.54277],[37.62118,36.5365],[37.62488,36.53386],[37.64752,36.53008],[37.65162,36.51975],[37.66052,36.51985],[37.68905,36.53073],[37.6924,36.54661],[37.70077,36.5575],[37.70014,36.5642],[37.68897,36.57639],[37.67544,36.57674],[37.67113,36.59283],[37.67909,36.60955],[37.67882,36.61433],[37.67511,36.62176],[37.65069,36.64034],[37.64884,36.64405],[37.65096,36.66688],[37.64789,36.69636],[37.65016,36.71597],[37.63821,36.73571]]]]}},{"type":"Feature","properties":{"pcode":"SY020204","name":"كويرس شرقي","district":"الباب","gov":"حلب","POP2004":26729,"mh_mean":0.5159,"seis_mean":0.3352,"flood_mean":0.7436,"pop_dens":122.2969,"frag_pct":0.6281,"old_pct":0.0925,"nonstd_pct":0.0015,"vuln_idx":0.5718,"risk_ahp":0.5061,"risk_class":4},"geometry":{"type":"MultiPolygon","coordinates":[[[[37.47362,36.24245],[37.45999,36.2457],[37.42371,36.24021],[37.40796,36.23354],[37.39985,36.22657],[37.3939,36.22639],[37.38843,36.23487],[37.38535,36.22687],[37.38626,36.21574],[37.40219,36.21476],[37.4155,36.20684],[37.43495,36.16326],[37.43562,36.14985],[37.43964,36.14381],[37.44702,36.14046],[37.45151,36.13093],[37.46915,36.12236],[37.47652,36.11364],[37.48658,36.07274],[37.49787,36.0681],[37.57817,36.08244],[37.59086,36.11718],[37.60109,36.12426],[37.60502,36.13134],[37.60636,36.17021],[37.60184,36.18471],[37.59441,36.18603],[37.56579,36.20416],[37.53269,36.21194],[37.49083,36.21141],[37.48076,36.21973],[37.47362,36.24245]]]]}},{"type":"Feature","properties":{"pcode":"SY020205","name":"رسم حرمل الامام","district":"الباب","gov":"حلب","POP2004":30029,"mh_mean":0.4941,"seis_mean":0.3185,"flood_mean":0.728,"pop_dens":147.5733,"frag_pct":0.6281,"old_pct":0.0925,"nonstd_pct":0.0015,"vuln_idx":0.5801,"risk_ahp":0.4869,"risk_class":4},"geometry":{"type":"MultiPolygon","coordinates":[[[[37.70418,36.28129],[37.6913,36.276],[37.67935,36.27422],[37.67128,36.26866],[37.6639,36.25424],[37.65017,36.24505],[37.64433,36.24375],[37.57748,36.23726],[37.56449,36.23791],[37.55151,36.24634],[37.53628,36.24973],[37.50738,36.23726],[37.4918,36.23661],[37.47362,36.24245],[37.48076,36.21973],[37.49083,36.21141],[37.53269,36.21194],[37.56579,36.20416],[37.59441,36.18603],[37.60928,36.18338],[37.64433,36.18403],[37.72265,36.152],[37.74601,36.1863],[37.7641,36.20312],[37.80236,36.21883],[37.83405,36.22821],[37.8587,36.24269],[37.86962,36.25598],[37.84806,36.26469],[37.83269,36.26395],[37.8084,36.24834],[37.7675,36.24338],[37.73826,36.24387],[37.72314,36.25404],[37.71422,36.26915],[37.71521,36.27981],[37.70418,36.28129]]]]}},{"type":"Feature","properties":{"pcode":"SY020206","name":"عريمة","district":"الباب","gov":"حلب","POP2004":32041,"mh_mean":0.4375,"seis_mean":0.3294,"flood_mean":0.6173,"pop_dens":100.9991,"frag_pct":0.6281,"old_pct":0.0925,"nonstd_pct":0.0015,"vuln_idx":0.5634,"risk_ahp":0.4159,"risk_class":3},"geometry":{"type":"MultiPolygon","coordinates":[[[[37.61166,36.59215],[37.59136,36.58692],[37.57648,36.5787],[37.57037,36.56322],[37.57457,36.54513],[37.56449,36.53254],[37.55554,36.53032],[37.52017,36.53494],[37.51634,36.50504],[37.51645,36.49129],[37.52029,36.48253],[37.52563,36.47578],[37.53514,36.46975],[37.58542,36.4583],[37.59619,36.45292],[37.61981,36.41521],[37.65477,36.38443],[37.66904,36.37503],[37.66425,36.35332],[37.66552,36.35015],[37.6745,36.34971],[37.7144,36.33601],[37.72204,36.32666],[37.73528,36.30162],[37.74222,36.30063],[37.75412,36.3046],[37.75437,36.31104],[37.74421,36.32294],[37.73727,36.32641],[37.73102,36.3357],[37.73888,36.34474],[37.75146,36.34445],[37.75604,36.34651],[37.76503,36.35739],[37.76503,36.36532],[37.75287,36.37454],[37.74872,36.39817],[37.74127,36.40622],[37.73016,36.41151],[37.72975,36.42261],[37.73566,36.42508],[37.74396,36.44116],[37.74318,36.44796],[37.73854,36.45153],[37.73457,36.46401],[37.75881,36.48509],[37.76081,36.49495],[37.76823,36.50747],[37.76328,36.51345],[37.75249,36.50864],[37.73922,36.50868],[37.73219,36.51524],[37.72377,36.5298],[37.70431,36.53367],[37.67212,36.52564],[37.66052,36.51985],[37.65439,36.51973],[37.65162,36.51975],[37.64752,36.53008],[37.64479,36.53158],[37.62488,36.53386],[37.61363,36.54277],[37.61203,36.5503],[37.61935,36.57509],[37.61398,36.582],[37.61166,36.59215]]]]}},{"type":"Feature","properties":{"pcode":"SY020300","name":"مركز عفرين","district":"عفرين","gov":"حلب","POP2004":64758,"mh_mean":0.6119,"seis_mean":0.5625,"flood_mean":0.6091,"pop_dens":151.3869,"frag_pct":0.7623,"old_pct":0.1793,"nonstd_pct":0.0007,"vuln_idx":0.7557,"risk_ahp":0.6848,"risk_class":5},"geometry":{"type":"MultiPolygon","coordinates":[[[[36.86066,36.56605],[36.84222,36.56981],[36.84044,36.56506],[36.82739,36.55715],[36.79296,36.54844],[36.78032,36.5393],[36.78132,36.50645],[36.79128,36.48454],[36.79725,36.45766],[36.79128,36.42879],[36.78431,36.35013],[36.79028,36.34018],[36.79824,36.3362],[36.81517,36.34217],[36.83309,36.34416],[36.84603,36.34316],[36.85599,36.3362],[36.87889,36.30633],[36.89382,36.29936],[36.91274,36.30234],[36.92469,36.32126],[36.93066,36.34018],[36.92469,36.38199],[36.92668,36.40191],[36.93265,36.41286],[36.96451,36.41684],[36.98044,36.41385],[36.99936,36.40489],[37.01131,36.40788],[37.01927,36.41883],[37.02027,36.44273],[37.00633,36.4706],[36.98841,36.48653],[36.98542,36.49749],[37.00601,36.52815],[36.99493,36.53501],[36.97962,36.53449],[36.9775,36.54452],[36.98183,36.5653],[36.97283,36.5678],[36.95647,36.5678],[36.92901,36.56488],[36.89337,36.53801],[36.87877,36.53801],[36.87,36.54852],[36.86066,36.56605]]]]}},{"type":"Feature","properties":{"pcode":"SY020301","name":"بلبل","district":"عفرين","gov":"حلب","POP2004":12573,"mh_mean":0.6336,"seis_mean":0.7262,"flood_mean":0.4333,"pop_dens":62.5931,"frag_pct":0.7623,"old_pct":0.1793,"nonstd_pct":0.0007,"vuln_idx":0.7168,"risk_ahp":0.6876,"risk_class":5},"geometry":{"type":"MultiPolygon","coordinates":[[[[36.75965,36.81365],[36.75468,36.79754],[36.73438,36.77231],[36.72946,36.75878],[36.73266,36.74373],[36.74685,36.73459],[36.75345,36.70711],[36.76637,36.67696],[36.77867,36.66613],[36.81137,36.65896],[36.81924,36.65394],[36.8365,36.65112],[36.84952,36.65149],[36.84644,36.66199],[36.87657,36.66958],[36.88674,36.6814],[36.89714,36.70076],[36.90297,36.72928],[36.91088,36.73641],[36.92077,36.75421],[36.92552,36.76648],[36.92708,36.78308],[36.92392,36.78632],[36.9174,36.78594],[36.90027,36.77873],[36.88478,36.77868],[36.85108,36.78739],[36.79336,36.79683],[36.75965,36.81365]]]]}},{"type":"Feature","properties":{"pcode":"SY020302","name":"جنديرس","district":"عفرين","gov":"حلب","POP2004":32947,"mh_mean":0.6535,"seis_mean":0.6411,"flood_mean":0.5769,"pop_dens":98.9494,"frag_pct":0.7623,"old_pct":0.1793,"nonstd_pct":0.0007,"vuln_idx":0.7369,"risk_ahp":0.7159,"risk_class":5},"geometry":{"type":"MultiPolygon","coordinates":[[[[36.78132,36.50645],[36.77933,36.52238],[36.75256,36.51648],[36.74176,36.49606],[36.72032,36.49735],[36.71653,36.5004],[36.7038,36.49774],[36.69588,36.50112],[36.68431,36.49128],[36.67765,36.49161],[36.65579,36.50447],[36.65974,36.5094],[36.65746,36.51162],[36.66065,36.51945],[36.6493,36.51844],[36.6387,36.50616],[36.63145,36.4805],[36.63369,36.46732],[36.62587,36.46041],[36.6175,36.45427],[36.60411,36.45204],[36.55762,36.45002],[36.55508,36.44317],[36.56128,36.43832],[36.56476,36.43996],[36.56612,36.43736],[36.56336,36.42668],[36.56571,36.41852],[36.5715,36.41947],[36.57494,36.41664],[36.58622,36.39171],[36.60738,36.39323],[36.60487,36.38894],[36.60506,36.37613],[36.60224,36.373],[36.59671,36.37287],[36.59946,36.36853],[36.61859,36.35753],[36.61235,36.35281],[36.5992,36.34952],[36.60563,36.32653],[36.60654,36.33168],[36.61187,36.33078],[36.61307,36.33732],[36.62483,36.3334],[36.62928,36.33711],[36.62649,36.33674],[36.62484,36.33919],[36.63621,36.34296],[36.6419,36.33559],[36.65696,36.3376],[36.66371,36.32968],[36.6654,36.32643],[36.65765,36.31774],[36.6795,36.3223],[36.71541,36.32257],[36.72943,36.32771],[36.7228,36.33448],[36.72574,36.33804],[36.73216,36.33877],[36.74513,36.33783],[36.74859,36.33549],[36.7603,36.31274],[36.77516,36.31452],[36.79549,36.32234],[36.79824,36.3362],[36.79028,36.34018],[36.78431,36.35013],[36.78431,36.36806],[36.78929,36.39593],[36.79128,36.42879],[36.79725,36.45766],[36.79128,36.48454],[36.78132,36.50645]]]]}},{"type":"Feature","properties":{"pcode":"SY020303","name":"راجو","district":"عفرين","gov":"حلب","POP2004":21955,"mh_mean":0.6579,"seis_mean":0.7636,"flood_mean":0.4269,"pop_dens":72.4755,"frag_pct":0.7623,"old_pct":0.1793,"nonstd_pct":0.0007,"vuln_idx":0.7233,"risk_ahp":0.7132,"risk_class":5},"geometry":{"type":"MultiPolygon","coordinates":[[[[36.67005,36.82893],[36.66518,36.82803],[36.66915,36.82434],[36.66891,36.82141],[36.67153,36.82103],[36.66689,36.81337],[36.67136,36.81009],[36.66863,36.80607],[36.67042,36.80095],[36.66434,36.798],[36.66206,36.79312],[36.65813,36.79308],[36.65571,36.78903],[36.64595,36.78644],[36.64269,36.78149],[36.64355,36.7778],[36.63945,36.77399],[36.64033,36.76952],[36.63465,36.77116],[36.63484,36.76778],[36.62801,36.76685],[36.62898,36.76283],[36.62537,36.76193],[36.61295,36.74553],[36.61604,36.74182],[36.6187,36.72821],[36.62541,36.72053],[36.63048,36.71979],[36.63148,36.71272],[36.62875,36.70539],[36.61939,36.69404],[36.61318,36.69123],[36.60812,36.67701],[36.6031,36.67708],[36.60091,36.67298],[36.58925,36.66894],[36.58794,36.6618],[36.57363,36.6592],[36.57871,36.60773],[36.5888,36.58731],[36.6076,36.59074],[36.63827,36.58821],[36.65159,36.59074],[36.68147,36.60451],[36.69543,36.6061],[36.70435,36.60331],[36.71644,36.60707],[36.71839,36.62831],[36.72802,36.63184],[36.74507,36.6332],[36.7536,36.64112],[36.77957,36.63981],[36.7863,36.64252],[36.78914,36.64993],[36.78607,36.6642],[36.77867,36.66613],[36.76637,36.67696],[36.75345,36.70711],[36.74685,36.73459],[36.73266,36.74373],[36.72946,36.75878],[36.73438,36.77231],[36.75468,36.79754],[36.75965,36.81365],[36.75193,36.81937],[36.74674,36.82084],[36.7383,36.81884],[36.72949,36.82077],[36.72424,36.82519],[36.7166,36.82751],[36.71129,36.82551],[36.69765,36.82734],[36.68519,36.82525],[36.67005,36.82893]]]]}},{"type":"Feature","properties":{"pcode":"SY020304","name":"شران","district":"عفرين","gov":"حلب","POP2004":13632,"mh_mean":0.5682,"seis_mean":0.5657,"flood_mean":0.5306,"pop_dens":46.3986,"frag_pct":0.7623,"old_pct":0.1793,"nonstd_pct":0.0007,"vuln_idx":0.7038,"risk_ahp":0.6176,"risk_class":5},"geometry":{"type":"MultiPolygon","coordinates":[[[[36.92725,36.78303],[36.92552,36.76648],[36.92077,36.75421],[36.91088,36.73641],[36.90297,36.72928],[36.89714,36.70076],[36.88674,36.6814],[36.87657,36.66958],[36.84644,36.66199],[36.85041,36.6468],[36.85548,36.64223],[36.85588,36.62837],[36.85429,36.61413],[36.84519,36.5987],[36.84222,36.56981],[36.86066,36.56605],[36.87,36.54852],[36.87877,36.53801],[36.89337,36.53801],[36.92901,36.56488],[36.95647,36.5678],[36.97283,36.5678],[36.98183,36.5653],[36.99862,36.59785],[37.01605,36.61685],[37.02661,36.63481],[37.02661,36.64536],[37.02978,36.65434],[37.0423,36.66105],[37.03604,36.66478],[37.02074,36.66616],[37.02009,36.68361],[37.01559,36.68773],[37.01751,36.69121],[37.01599,36.69552],[37.01857,36.69765],[37.03156,36.69899],[37.04018,36.70321],[37.04096,36.71053],[37.0467,36.71539],[37.04766,36.71981],[37.04293,36.73341],[37.03488,36.73685],[37.015,36.73694],[36.99659,36.74049],[36.9929,36.74325],[36.99961,36.75058],[36.99321,36.75948],[36.99675,36.76082],[36.99772,36.76547],[36.98473,36.76183],[36.97084,36.76432],[36.94587,36.77691],[36.94152,36.77398],[36.93859,36.77544],[36.93314,36.77418],[36.93483,36.77966],[36.929,36.77858],[36.92725,36.78303]]]]}},{"type":"Feature","properties":{"pcode":"SY020305","name":"شيخ الحديد","district":"عفرين","gov":"حلب","POP2004":13871,"mh_mean":0.7089,"seis_mean":0.7713,"flood_mean":0.5054,"pop_dens":123.8137,"frag_pct":0.7623,"old_pct":0.1793,"nonstd_pct":0.0007,"vuln_idx":0.7468,"risk_ahp":0.7705,"risk_class":5},"geometry":{"type":"MultiPolygon","coordinates":[[[[36.66402,36.57656],[36.66459,36.59624],[36.65159,36.59074],[36.63827,36.58821],[36.6076,36.59074],[36.5888,36.58731],[36.57373,36.52867],[36.54395,36.50173],[36.5464,36.50062],[36.54543,36.49676],[36.54802,36.4974],[36.54854,36.49229],[36.54841,36.48905],[36.5428,36.48567],[36.54471,36.48076],[36.55009,36.47972],[36.55351,36.47638],[36.55498,36.47364],[36.55262,36.46739],[36.56171,36.46375],[36.55776,36.45867],[36.5589,36.45326],[36.55559,36.45175],[36.55762,36.45002],[36.6175,36.45427],[36.63369,36.46732],[36.63145,36.4805],[36.6387,36.50616],[36.6493,36.51844],[36.66065,36.51945],[36.66356,36.52911],[36.66306,36.53997],[36.65626,36.55284],[36.65672,36.56424],[36.66402,36.57656]]]]}},{"type":"Feature","properties":{"pcode":"SY020306","name":"معبطلي","district":"عفرين","gov":"حلب","POP2004":12359,"mh_mean":0.6099,"seis_mean":0.6423,"flood_mean":0.5012,"pop_dens":59.2605,"frag_pct":0.7623,"old_pct":0.1793,"nonstd_pct":0.0007,"vuln_idx":0.7145,"risk_ahp":0.6639,"risk_class":5},"geometry":{"type":"MultiPolygon","coordinates":[[[[36.78607,36.6642],[36.7893,36.65655],[36.7863,36.64252],[36.77957,36.63981],[36.7536,36.64112],[36.74507,36.6332],[36.72802,36.63184],[36.71839,36.62831],[36.71644,36.60707],[36.70435,36.60331],[36.69543,36.6061],[36.68147,36.60451],[36.66459,36.59624],[36.66402,36.57656],[36.65672,36.56424],[36.65626,36.55284],[36.66306,36.53997],[36.66356,36.52911],[36.65746,36.51162],[36.65974,36.5094],[36.65579,36.50447],[36.67384,36.49288],[36.68431,36.49128],[36.69588,36.50112],[36.7038,36.49774],[36.71653,36.5004],[36.72032,36.49735],[36.74176,36.49606],[36.75256,36.51648],[36.77933,36.52238],[36.78032,36.5393],[36.78583,36.54488],[36.79296,36.54844],[36.82739,36.55715],[36.84044,36.56506],[36.84401,36.57456],[36.84519,36.5987],[36.85429,36.61413],[36.85548,36.64223],[36.85041,36.6468],[36.84952,36.65149],[36.8365,36.65112],[36.81924,36.65394],[36.81137,36.65896],[36.78607,36.6642]]]]}},{"type":"Feature","properties":{"pcode":"SY020400","name":"مركز اعزاز","district":"اعزاز","gov":"حلب","POP2004":47570,"mh_mean":0.5765,"seis_mean":0.518,"flood_mean":0.6067,"pop_dens":246.6248,"frag_pct":0.6354,"old_pct":0.1143,"nonstd_pct":0.0028,"vuln_idx":0.6417,"risk_ahp":0.5978,"risk_class":5},"geometry":{"type":"MultiPolygon","coordinates":[[[[37.14219,36.67742],[37.12467,36.66561],[37.11439,36.67206],[37.10583,36.6721],[37.09895,36.64867],[37.08589,36.63456],[37.05709,36.64536],[37.05755,36.65488],[37.0423,36.66105],[37.02978,36.65434],[37.02661,36.64536],[37.02661,36.63481],[37.01605,36.61685],[36.99862,36.59785],[36.98278,36.56986],[36.9775,36.54452],[36.97962,36.53449],[36.99493,36.53501],[37.0171,36.52129],[37.04509,36.50861],[37.0567,36.51125],[37.05987,36.5197],[37.06937,36.53079],[37.08099,36.53132],[37.11161,36.52234],[37.14812,36.52419],[37.14466,36.53803],[37.15504,36.57538],[37.15642,36.59198],[37.1495,36.60374],[37.13636,36.61273],[37.13152,36.62103],[37.15139,36.66582],[37.14219,36.67742]]]]}},{"type":"Feature","properties":{"pcode":"SY020401","name":"اخترين","district":"اعزاز","gov":"حلب","POP2004":39132,"mh_mean":0.5014,"seis_mean":0.401,"flood_mean":0.6321,"pop_dens":113.0937,"frag_pct":0.6354,"old_pct":0.1143,"nonstd_pct":0.0028,"vuln_idx":0.6072,"risk_ahp":0.5061,"risk_class":4},"geometry":{"type":"MultiPolygon","coordinates":[[[[37.28383,36.6701],[37.27824,36.66991],[37.27787,36.66437],[37.26997,36.66639],[37.27886,36.61135],[37.28785,36.59751],[37.29615,36.59751],[37.30307,36.59336],[37.30514,36.58368],[37.30238,36.57192],[37.27886,36.55463],[37.26433,36.55186],[37.25672,36.54633],[37.2498,36.53249],[37.26018,36.50136],[37.26364,36.473],[37.26295,36.4564],[37.2581,36.45156],[37.24358,36.44464],[37.23943,36.43634],[37.2415,36.42458],[37.24704,36.4232],[37.26225,36.42804],[37.2754,36.42942],[37.29546,36.42527],[37.29615,36.41836],[37.29269,36.4066],[37.29798,36.37054],[37.30979,36.37663],[37.3226,36.36237],[37.34251,36.39823],[37.35188,36.40802],[37.37607,36.4493],[37.3747,36.46131],[37.40054,36.4644],[37.4273,36.47187],[37.43163,36.47535],[37.43793,36.50857],[37.43022,36.53795],[37.41937,36.55078],[37.41325,36.5724],[37.41275,36.58453],[37.38629,36.59655],[37.3776,36.60451],[37.39136,36.63203],[37.40153,36.64606],[37.37594,36.65339],[37.28383,36.6701]]]]}},{"type":"Feature","properties":{"pcode":"SY020402","name":"تل رفعت","district":"اعزاز","gov":"حلب","POP2004":43781,"mh_mean":0.5634,"seis_mean":0.47,"flood_mean":0.6469,"pop_dens":214.0825,"frag_pct":0.6354,"old_pct":0.1143,"nonstd_pct":0.0028,"vuln_idx":0.6354,"risk_ahp":0.5821,"risk_class":5},"geometry":{"type":"MultiPolygon","coordinates":[[[[37.08099,36.53132],[37.06937,36.53079],[37.05987,36.5197],[37.0567,36.51125],[37.04509,36.50861],[37.00601,36.52815],[36.98542,36.49749],[36.98841,36.48653],[37.00633,36.4706],[37.02027,36.44273],[37.01992,36.43446],[37.03319,36.43398],[37.04689,36.42737],[37.07099,36.4009],[37.11022,36.37633],[37.12735,36.34242],[37.13698,36.34306],[37.14955,36.34686],[37.15804,36.35638],[37.1671,36.36229],[37.16085,36.37859],[37.15402,36.44219],[37.15559,36.45902],[37.16768,36.47636],[37.17136,36.50002],[37.15919,36.52073],[37.14812,36.52419],[37.11161,36.52234],[37.08099,36.53132]]]]}},{"type":"Feature","properties":{"pcode":"SY020403","name":"مارع","district":"اعزاز","gov":"حلب","POP2004":39306,"mh_mean":0.5433,"seis_mean":0.4355,"flood_mean":0.6579,"pop_dens":205.3729,"frag_pct":0.6354,"old_pct":0.1143,"nonstd_pct":0.0028,"vuln_idx":0.6336,"risk_ahp":0.5612,"risk_class":5},"geometry":{"type":"MultiPolygon","coordinates":[[[[37.25657,36.54601],[37.23466,36.53608],[37.2083,36.54356],[37.19862,36.54356],[37.18548,36.5401],[37.1751,36.52696],[37.15919,36.52073],[37.17136,36.50002],[37.16768,36.47636],[37.15559,36.45902],[37.15402,36.44219],[37.16085,36.37859],[37.1671,36.36229],[37.1858,36.37288],[37.2086,36.37405],[37.21678,36.3682],[37.22292,36.35504],[37.23139,36.34511],[37.23637,36.34306],[37.26034,36.35154],[37.27467,36.36089],[37.29798,36.37054],[37.29269,36.4066],[37.29615,36.41836],[37.29546,36.42527],[37.2754,36.42942],[37.26225,36.42804],[37.24704,36.4232],[37.2415,36.42458],[37.23943,36.43634],[37.24358,36.44464],[37.2581,36.45156],[37.26295,36.4564],[37.26364,36.473],[37.26018,36.50136],[37.2498,36.53249],[37.25657,36.54601]]]]}},{"type":"Feature","properties":{"pcode":"SY020404","name":"نبل","district":"اعزاز","gov":"حلب","POP2004":51948,"mh_mean":0.622,"seis_mean":0.5874,"flood_mean":0.5932,"pop_dens":297.212,"frag_pct":0.6354,"old_pct":0.1143,"nonstd_pct":0.0028,"vuln_idx":0.6499,"risk_ahp":0.6443,"risk_class":5},"geometry":{"type":"MultiPolygon","coordinates":[[[[37.03319,36.43398],[37.01992,36.43446],[37.01927,36.41883],[37.01131,36.40788],[36.99936,36.40489],[36.98044,36.41385],[36.96451,36.41684],[36.93265,36.41286],[36.92668,36.40191],[36.92469,36.38199],[36.93066,36.34018],[36.92469,36.32126],[36.91496,36.30586],[36.93723,36.28138],[36.96364,36.27905],[36.98721,36.26969],[36.99143,36.32534],[36.99725,36.33058],[37.01736,36.33091],[37.04209,36.3395],[37.05933,36.33812],[37.07614,36.34081],[37.12735,36.34242],[37.11022,36.37633],[37.07099,36.4009],[37.04689,36.42737],[37.03319,36.43398]]]]}},{"type":"Feature","properties":{"pcode":"SY020405","name":"صوران","district":"اعزاز","gov":"حلب","POP2004":30032,"mh_mean":0.5671,"seis_mean":0.4695,"flood_mean":0.654,"pop_dens":170.3818,"frag_pct":0.6354,"old_pct":0.1143,"nonstd_pct":0.0028,"vuln_idx":0.6253,"risk_ahp":0.5811,"risk_class":5},"geometry":{"type":"MultiPolygon","coordinates":[[[[37.21675,36.67531],[37.16256,36.65687],[37.15139,36.66582],[37.13844,36.6404],[37.13152,36.62103],[37.13636,36.61273],[37.1495,36.60374],[37.15642,36.59198],[37.15504,36.57538],[37.14466,36.53803],[37.14812,36.52419],[37.15919,36.52073],[37.1751,36.52696],[37.18548,36.5401],[37.19862,36.54356],[37.2083,36.54356],[37.23466,36.53608],[37.25657,36.54601],[37.26433,36.55186],[37.27886,36.55463],[37.30238,36.57192],[37.30514,36.58368],[37.30307,36.59336],[37.29615,36.59751],[37.28785,36.59751],[37.27886,36.61135],[37.26997,36.66639],[37.21675,36.67531]]]]}},{"type":"Feature","properties":{"pcode":"SY020500","name":"مركز منبج","district":"منبج","gov":"حلب","POP2004":204766,"mh_mean":0.4548,"seis_mean":0.3267,"flood_mean":0.6502,"pop_dens":167.9534,"frag_pct":0.6547,"old_pct":0.061,"nonstd_pct":0.0011,"vuln_idx":0.5638,"risk_ahp":0.4366,"risk_class":3},"geometry":{"type":"MultiPolygon","coordinates":[[[[37.94733,36.67203],[37.94106,36.67342],[37.92632,36.66728],[37.92268,36.65669],[37.90925,36.63853],[37.8753,36.63853],[37.86114,36.64883],[37.83619,36.65971],[37.82317,36.66222],[37.81218,36.66096],[37.79286,36.63341],[37.78285,36.62999],[37.76215,36.63344],[37.74958,36.62367],[37.74814,36.5991],[37.74088,36.58849],[37.72976,36.54012],[37.72377,36.5298],[37.73219,36.51524],[37.73922,36.50868],[37.75249,36.50864],[37.76328,36.51345],[37.76823,36.50747],[37.76081,36.49495],[37.75881,36.48509],[37.73457,36.46401],[37.73854,36.45153],[37.74318,36.44796],[37.74396,36.44116],[37.73566,36.42508],[37.72975,36.42261],[37.73016,36.41151],[37.74127,36.40622],[37.74872,36.39817],[37.75287,36.37454],[37.76503,36.36532],[37.76503,36.35739],[37.75604,36.34651],[37.75146,36.34445],[37.73888,36.34474],[37.73102,36.3357],[37.73727,36.32641],[37.74421,36.32294],[37.75437,36.31104],[37.75412,36.3046],[37.74222,36.30063],[37.73528,36.30162],[37.72116,36.29815],[37.7162,36.29047],[37.71422,36.26915],[37.72314,36.25404],[37.73826,36.24387],[37.7675,36.24338],[37.8084,36.24834],[37.83269,36.26395],[37.84806,36.26469],[37.8664,36.25627],[37.883,36.25478],[37.89937,36.263],[37.90232,36.28612],[37.92523,36.31654],[37.92651,36.32507],[37.92229,36.32792],[37.92814,36.34462],[37.93177,36.3493],[37.94428,36.35188],[37.94801,36.35599],[37.94721,36.36025],[37.92138,36.37199],[37.91879,36.37556],[37.91818,36.37985],[37.93481,36.38717],[37.94249,36.39754],[37.94174,36.40349],[37.92491,36.41416],[37.92489,36.41886],[37.96182,36.43521],[37.97495,36.42852],[37.98611,36.42753],[37.99701,36.4315],[38.00037,36.45152],[37.99407,36.45749],[37.99172,36.46372],[37.99528,36.47413],[38.00471,36.47713],[38.02105,36.47413],[38.02233,36.47619],[38.01871,36.47785],[38.0181,36.48229],[38.0494,36.5001],[38.05036,36.5029],[38.04724,36.50677],[38.05117,36.51399],[38.12493,36.49255],[38.14144,36.50957],[38.149,36.51158],[38.16636,36.50479],[38.1819,36.50422],[38.1943,36.51601],[38.21215,36.50436],[38.23653,36.50551],[38.24431,36.51876],[38.26503,36.52811],[38.27272,36.53627],[38.27443,36.5444],[38.27178,36.55236],[38.25278,36.56808],[38.239,36.58305],[38.23099,36.60142],[38.21884,36.62014],[38.16289,36.66307],[38.15505,36.66413],[38.15077,36.65577],[38.13393,36.65998],[38.13062,36.6675],[38.12352,36.67232],[38.10591,36.66904],[38.09247,36.67039],[38.0794,36.65827],[38.06322,36.65906],[38.05651,36.64367],[38.02176,36.62866],[38.01032,36.62037],[37.98702,36.61564],[37.97518,36.60971],[37.97044,36.60971],[37.96579,36.61278],[37.96,36.62666],[37.95033,36.62767],[37.95075,36.65688],[37.94733,36.67203]]]]}},{"type":"Feature","properties":{"pcode":"SY020501","name":"أبو قلقل","district":"منبج","gov":"حلب","POP2004":46178,"mh_mean":0.434,"seis_mean":0.3037,"flood_mean":0.6452,"pop_dens":117.1658,"frag_pct":0.6547,"old_pct":0.061,"nonstd_pct":0.0011,"vuln_idx":0.5479,"risk_ahp":0.4059,"risk_class":3},"geometry":{"type":"MultiPolygon","coordinates":[[[[38.19901,36.51453],[38.19145,36.51479],[38.1819,36.50422],[38.16636,36.50479],[38.149,36.51158],[38.14144,36.50957],[38.12493,36.49255],[38.05117,36.51399],[38.04724,36.50677],[38.05036,36.5029],[38.0494,36.5001],[38.0181,36.48229],[38.01871,36.47785],[38.02233,36.47619],[38.02105,36.47413],[38.00471,36.47713],[37.99528,36.47413],[37.99172,36.46372],[37.99407,36.45749],[38.00037,36.45152],[37.99701,36.4315],[37.98611,36.42753],[37.97495,36.42852],[37.96182,36.43521],[37.92489,36.41886],[37.92491,36.41416],[37.94174,36.40349],[37.94249,36.39754],[37.93481,36.38717],[37.91818,36.37985],[37.92138,36.37199],[37.94721,36.36025],[37.94823,36.35593],[37.96654,36.35917],[37.99076,36.35354],[38.03185,36.35311],[38.0488,36.33862],[38.06819,36.33494],[38.07857,36.33494],[38.09976,36.34576],[38.12053,36.34576],[38.13264,36.34835],[38.13696,36.34489],[38.13696,36.33927],[38.1322,36.33105],[38.13437,36.3224],[38.14907,36.32197],[38.17614,36.3269],[38.17798,36.37461],[38.19887,36.41187],[38.2173,36.43071],[38.22876,36.43849],[38.26046,36.4484],[38.26537,36.45437],[38.25783,36.46985],[38.23823,36.48803],[38.23547,36.49653],[38.23653,36.50551],[38.21215,36.50436],[38.19901,36.51453]]]]}},{"type":"Feature","properties":{"pcode":"SY020502","name":"الخفسة","district":"منبج","gov":"حلب","POP2004":92368,"mh_mean":0.3968,"seis_mean":0.2267,"flood_mean":0.6824,"pop_dens":30.1691,"frag_pct":0.6547,"old_pct":0.061,"nonstd_pct":0.0011,"vuln_idx":0.4887,"risk_ahp":0.338,"risk_class":2},"geometry":{"type":"MultiPolygon","coordinates":[[[[37.97649,36.35744],[37.95703,36.3583],[37.94801,36.35599],[37.94428,36.35188],[37.93177,36.3493],[37.92229,36.32792],[37.92651,36.32507],[37.92523,36.31654],[37.90232,36.28612],[37.89937,36.263],[37.883,36.25478],[37.86962,36.25598],[37.8587,36.24269],[37.83405,36.22821],[37.80236,36.21883],[37.7641,36.20312],[37.75604,36.19675],[37.74464,36.18456],[37.72451,36.15545],[37.70142,36.11554],[37.6966,36.07738],[37.7011,36.06308],[37.70293,36.02713],[37.71206,35.97127],[37.71344,35.93916],[37.71327,35.92089],[37.70826,35.90124],[37.71048,35.88573],[37.71959,35.86065],[37.72175,35.81598],[37.72613,35.79586],[37.77477,35.71863],[37.85138,35.62227],[37.88464,35.56407],[37.92898,35.46706],[37.94012,35.43437],[37.96529,35.43216],[38.04837,35.4171],[38.17591,35.38513],[38.22596,35.38094],[38.31675,35.39538],[38.24477,35.44421],[38.27947,35.50577],[38.2904,35.51551],[38.29967,35.52834],[38.30276,35.56803],[38.26711,35.58134],[38.26897,35.59439],[38.26491,35.5991],[38.25696,35.59835],[38.25356,35.59156],[38.20698,35.60653],[38.21031,35.61675],[38.19249,35.65264],[38.19882,35.67814],[38.19428,35.70458],[38.18692,35.71844],[38.16367,35.72485],[38.16248,35.73007],[38.15739,35.73223],[38.16966,35.78653],[38.14513,35.79266],[38.03988,35.84579],[38.03157,35.85849],[38.03347,35.87341],[38.03125,35.8826],[38.02537,35.89031],[38.00904,35.90245],[38.00336,35.92096],[37.98473,35.92367],[37.93181,35.91914],[37.9196,35.92095],[37.91237,35.92548],[37.91237,35.93588],[37.91734,35.94176],[37.94583,35.94673],[37.96257,35.95668],[37.97562,35.97368],[37.99377,35.97672],[37.99691,35.97986],[37.9957,35.98396],[37.97785,35.9883],[37.97423,36.0023],[37.97083,36.00539],[37.95715,36.00855],[37.95459,36.01184],[37.96233,36.02645],[37.96367,36.04054],[37.96242,36.05769],[37.95692,36.0793],[37.95789,36.12002],[37.95246,36.13902],[37.94092,36.15735],[37.93413,36.16346],[37.93413,36.17296],[37.9382,36.18043],[37.94771,36.18518],[37.96535,36.18178],[37.98436,36.1621],[38.0054,36.15599],[38.03255,36.15056],[38.08012,36.14731],[38.07915,36.15069],[38.08667,36.17223],[38.10821,36.17692],[38.11517,36.20879],[38.13421,36.22323],[38.1374,36.22957],[38.13412,36.23636],[38.13647,36.23906],[38.13459,36.2537],[38.14068,36.25651],[38.16294,36.25722],[38.17184,36.26401],[38.17419,36.26296],[38.18513,36.26944],[38.19684,36.27232],[38.19713,36.2977],[38.19273,36.3054],[38.17676,36.32055],[38.17614,36.3269],[38.14907,36.32197],[38.13437,36.3224],[38.1322,36.33105],[38.13696,36.33927],[38.13696,36.34489],[38.13264,36.34835],[38.12053,36.34576],[38.09976,36.34576],[38.07857,36.33494],[38.06819,36.33494],[38.0488,36.33862],[38.03185,36.35311],[37.99076,36.35354],[37.97649,36.35744]]]]}},{"type":"Feature","properties":{"pcode":"SY020503","name":"مسكنة","district":"منبج","gov":"حلب","POP2004":64831,"mh_mean":0.4585,"seis_mean":0.2717,"flood_mean":0.7288,"pop_dens":128.1349,"frag_pct":0.6547,"old_pct":0.061,"nonstd_pct":0.0011,"vuln_idx":0.5519,"risk_ahp":0.4362,"risk_class":3},"geometry":{"type":"MultiPolygon","coordinates":[[[[37.96535,36.18178],[37.94771,36.18518],[37.9382,36.18043],[37.93413,36.17296],[37.93413,36.16346],[37.94092,36.15735],[37.95246,36.13902],[37.95789,36.12002],[37.95692,36.0793],[37.96242,36.05769],[37.96367,36.04054],[37.96233,36.02645],[37.95446,36.01246],[37.95715,36.00855],[37.97083,36.00539],[37.97423,36.0023],[37.97785,35.9883],[37.9957,35.98396],[37.99691,35.97986],[37.99377,35.97672],[37.97562,35.97368],[37.96257,35.95668],[37.94583,35.94673],[37.91734,35.94176],[37.91237,35.93588],[37.91237,35.92548],[37.9196,35.92095],[37.93181,35.91914],[37.98473,35.92367],[38.00336,35.92096],[38.0089,35.90264],[38.02537,35.89031],[38.03139,35.88232],[38.03347,35.8731],[38.03144,35.85908],[38.03887,35.84665],[38.14513,35.79266],[38.17226,35.83646],[38.12788,35.83698],[38.12583,35.83063],[38.11533,35.83352],[38.13036,35.86028],[38.13592,35.87717],[38.15733,35.90249],[38.20071,35.94224],[38.1911,35.94985],[38.18581,35.94949],[38.17667,35.9533],[38.16413,35.9517],[38.16083,35.95706],[38.16351,35.97065],[38.16182,35.97762],[38.15282,35.97926],[38.15352,35.99126],[38.14718,35.99667],[38.1328,35.99902],[38.12372,36.00991],[38.11055,36.0122],[38.10309,36.01664],[38.09597,36.04024],[38.10544,36.05157],[38.08506,36.07236],[38.06823,36.07927],[38.05926,36.08559],[38.05829,36.09151],[38.06262,36.09892],[38.069,36.09851],[38.07968,36.08843],[38.08581,36.08709],[38.09247,36.08883],[38.09968,36.09934],[38.1005,36.10201],[38.08197,36.11807],[38.08176,36.12301],[38.07423,36.13509],[38.08012,36.14731],[38.03255,36.15056],[37.98436,36.1621],[37.96535,36.18178]]]]}},{"type":"Feature","properties":{"pcode":"SY020600","name":"مركز عين العرب","district":"عين العرب","gov":"حلب","POP2004":78130,"mh_mean":0.4466,"seis_mean":0.3669,"flood_mean":0.5839,"pop_dens":103.0405,"frag_pct":0.6389,"old_pct":0.0421,"nonstd_pct":0.0007,"vuln_idx":0.5088,"risk_ahp":0.4056,"risk_class":3},"geometry":{"type":"MultiPolygon","coordinates":[[[[38.24203,36.9241],[38.23682,36.92293],[38.21391,36.90772],[38.18352,36.90904],[38.17282,36.91184],[38.1645,36.90863],[38.16418,36.90174],[38.16117,36.89875],[38.14404,36.89384],[38.13342,36.8949],[38.14413,36.87108],[38.14317,36.86317],[38.1477,36.85384],[38.14668,36.85086],[38.1367,36.84795],[38.1349,36.84418],[38.14066,36.83429],[38.14804,36.82854],[38.16606,36.82821],[38.17327,36.82395],[38.18113,36.80668],[38.18685,36.80679],[38.18917,36.80063],[38.19239,36.79966],[38.1962,36.79979],[38.20524,36.81137],[38.22036,36.81298],[38.23134,36.79076],[38.22929,36.77514],[38.24017,36.75786],[38.23695,36.74858],[38.2427,36.74255],[38.23903,36.73218],[38.24321,36.73183],[38.24261,36.7227],[38.26944,36.72154],[38.27941,36.72862],[38.29383,36.73156],[38.31029,36.72891],[38.32017,36.71663],[38.33631,36.70793],[38.33842,36.70478],[38.34282,36.70508],[38.35626,36.70019],[38.36246,36.70096],[38.38589,36.71977],[38.39408,36.71944],[38.40194,36.71551],[38.39822,36.70472],[38.39956,36.70242],[38.43863,36.69782],[38.46779,36.68373],[38.47893,36.6857],[38.50284,36.71289],[38.52211,36.71983],[38.53069,36.71813],[38.53691,36.69848],[38.54576,36.69651],[38.55461,36.69946],[38.57261,36.69904],[38.57364,36.70414],[38.57887,36.70641],[38.59197,36.70383],[38.60474,36.69581],[38.61286,36.69361],[38.62202,36.69304],[38.63257,36.69666],[38.6578,36.69003],[38.67051,36.68208],[38.67265,36.68422],[38.66457,36.71557],[38.64985,36.71747],[38.63607,36.73315],[38.64414,36.74645],[38.63655,36.75524],[38.63488,36.76854],[38.64618,36.77007],[38.63576,36.77951],[38.59529,36.80523],[38.59079,36.81469],[38.59113,36.8233],[38.58826,36.82634],[38.56945,36.82518],[38.5542,36.8449],[38.39241,36.90186],[38.33953,36.90006],[38.26548,36.91466],[38.24203,36.9241]]]]}},{"type":"Feature","properties":{"pcode":"SY020601","name":"شيوخ تحتاني","district":"عين العرب","gov":"حلب","POP2004":43861,"mh_mean":0.4908,"seis_mean":0.3296,"flood_mean":0.7084,"pop_dens":130.9868,"frag_pct":0.6389,"old_pct":0.0421,"nonstd_pct":0.0007,"vuln_idx":0.5194,"risk_ahp":0.4574,"risk_class":4},"geometry":{"type":"MultiPolygon","coordinates":[[[[38.13342,36.8949],[38.12234,36.89039],[38.11127,36.88062],[38.10382,36.88039],[38.09695,36.87606],[38.08831,36.87787],[38.07896,36.87592],[38.06642,36.86398],[38.0556,36.86602],[38.0357,36.86043],[38.02868,36.85275],[38.03168,36.83692],[38.02221,36.82841],[38.03039,36.82078],[38.03404,36.8113],[38.027,36.78769],[38.02834,36.77331],[38.03909,36.75287],[38.05729,36.73734],[38.05945,36.71407],[38.07171,36.69196],[38.0752,36.67805],[38.09795,36.66942],[38.12352,36.67232],[38.13062,36.6675],[38.13393,36.65998],[38.15077,36.65577],[38.15505,36.66413],[38.16289,36.66307],[38.18064,36.68894],[38.19091,36.68616],[38.22262,36.68379],[38.24229,36.68578],[38.24428,36.69757],[38.26324,36.70152],[38.26988,36.71642],[38.26944,36.72154],[38.24261,36.7227],[38.24321,36.73183],[38.23903,36.73218],[38.2427,36.74255],[38.23695,36.74858],[38.24017,36.75786],[38.22929,36.77514],[38.23134,36.79076],[38.22036,36.81298],[38.20524,36.81137],[38.1962,36.79979],[38.19239,36.79966],[38.18917,36.80063],[38.18685,36.80679],[38.18113,36.80668],[38.17327,36.82395],[38.16606,36.82821],[38.14804,36.82854],[38.14066,36.83429],[38.1349,36.84418],[38.1367,36.84795],[38.14668,36.85086],[38.1477,36.85384],[38.14317,36.86317],[38.14413,36.87108],[38.13342,36.8949]]]]}},{"type":"Feature","properties":{"pcode":"SY020602","name":"صرين","district":"عين العرب","gov":"حلب","POP2004":70522,"mh_mean":0.3877,"seis_mean":0.2528,"flood_mean":0.6332,"pop_dens":35.2239,"frag_pct":0.6389,"old_pct":0.0421,"nonstd_pct":0.0007,"vuln_idx":0.4619,"risk_ahp":0.317,"risk_class":2},"geometry":{"type":"MultiPolygon","coordinates":[[[[38.31029,36.72891],[38.29383,36.73156],[38.27941,36.72862],[38.26944,36.72154],[38.26988,36.71642],[38.26324,36.70152],[38.24428,36.69757],[38.24229,36.68578],[38.22262,36.68379],[38.19091,36.68616],[38.18064,36.68894],[38.16289,36.66307],[38.21692,36.62227],[38.23003,36.60315],[38.239,36.58305],[38.25343,36.56748],[38.27094,36.55356],[38.27444,36.54405],[38.27288,36.5366],[38.26789,36.53019],[38.24922,36.52206],[38.24181,36.51634],[38.23548,36.50082],[38.23861,36.48738],[38.25872,36.46871],[38.265,36.45727],[38.26488,36.45258],[38.26005,36.44823],[38.22876,36.43849],[38.2173,36.43071],[38.19887,36.41187],[38.17798,36.37461],[38.17676,36.32055],[38.19273,36.3054],[38.19713,36.2977],[38.19684,36.27232],[38.20749,36.28239],[38.21508,36.2789],[38.21956,36.28254],[38.22796,36.28254],[38.25663,36.27543],[38.28057,36.27351],[38.29863,36.27496],[38.31172,36.27834],[38.31341,36.28198],[38.32881,36.28338],[38.33189,36.2761],[38.3389,36.27106],[38.34394,36.27106],[38.35178,36.26321],[38.34842,36.25145],[38.34394,36.24556],[38.33666,36.24444],[38.33778,36.23632],[38.33437,36.23501],[38.33521,36.22801],[38.33152,36.22029],[38.33428,36.21245],[38.36036,36.20003],[38.3839,36.19454],[38.38455,36.19038],[38.37948,36.18658],[38.38542,36.17932],[38.38393,36.16586],[38.38709,36.15962],[38.40249,36.15705],[38.41341,36.15256],[38.43807,36.15536],[38.4415,36.19273],[38.43829,36.19853],[38.42811,36.20621],[38.41762,36.22259],[38.42378,36.22707],[38.48093,36.24024],[38.50277,36.23794],[38.50989,36.23204],[38.51258,36.2041],[38.52687,36.20606],[38.54648,36.22007],[38.5518,36.22819],[38.55769,36.22988],[38.55797,36.23184],[38.54816,36.23156],[38.54686,36.23764],[38.53696,36.24696],[38.52855,36.24696],[38.53415,36.26041],[38.53892,36.26041],[38.53945,36.28058],[38.54725,36.29009],[38.57109,36.28741],[38.57213,36.25993],[38.57408,36.25763],[38.60875,36.27497],[38.63156,36.2821],[38.62752,36.30347],[38.64723,36.31297],[38.63844,36.32818],[38.64604,36.33934],[38.64034,36.34433],[38.64676,36.34789],[38.64296,36.36832],[38.63583,36.37212],[38.64034,36.38993],[38.63536,36.39943],[38.64201,36.40466],[38.64224,36.41202],[38.65175,36.41172],[38.6565,36.41867],[38.6641,36.42057],[38.66383,36.43545],[38.65341,36.44622],[38.65697,36.45501],[38.6717,36.45976],[38.6774,36.47686],[38.6565,36.48233],[38.65314,36.49844],[38.66671,36.52888],[38.68381,36.54337],[38.68215,36.55216],[38.67265,36.55974],[38.6755,36.57543],[38.69569,36.61367],[38.69426,36.6189],[38.70329,36.63814],[38.71469,36.63743],[38.72015,36.64147],[38.71493,36.64455],[38.70994,36.64123],[38.70946,36.65026],[38.70495,36.65168],[38.67621,36.63885],[38.66837,36.63814],[38.66315,36.65358],[38.62871,36.64384],[38.63441,36.63695],[38.63417,36.61083],[38.62372,36.6056],[38.59575,36.61354],[38.58904,36.63315],[38.5926,36.64574],[38.58024,36.6645],[38.58453,36.6778],[38.61612,36.67472],[38.62158,36.66688],[38.66054,36.67567],[38.66837,36.67994],[38.67051,36.68208],[38.6578,36.69003],[38.63257,36.69666],[38.62202,36.69304],[38.61286,36.69361],[38.60474,36.69581],[38.59197,36.70383],[38.57887,36.70641],[38.57364,36.70414],[38.57261,36.69904],[38.55461,36.69946],[38.54576,36.69651],[38.53691,36.69848],[38.53069,36.71813],[38.52211,36.71983],[38.50284,36.71289],[38.47893,36.6857],[38.46779,36.68373],[38.43863,36.69782],[38.39956,36.70242],[38.39822,36.70472],[38.40194,36.71551],[38.39408,36.71944],[38.38589,36.71977],[38.37901,36.71584],[38.36246,36.70096],[38.35626,36.70019],[38.34282,36.70508],[38.33842,36.70478],[38.33631,36.70793],[38.32017,36.71663],[38.31029,36.72891]]]]}},{"type":"Feature","properties":{"pcode":"SY020700","name":"مركز السفيرة","district":"السفيرة","gov":"حلب","POP2004":132658,"mh_mean":0.5261,"seis_mean":0.3624,"flood_mean":0.7256,"pop_dens":156.7903,"frag_pct":0.5513,"old_pct":0.1228,"nonstd_pct":0.0017,"vuln_idx":0.5702,"risk_ahp":0.5156,"risk_class":4},"geometry":{"type":"MultiPolygon","coordinates":[[[[37.42308,36.19228],[37.40945,36.19504],[37.33777,36.19006],[37.3255,36.18814],[37.31132,36.18047],[37.27068,36.14176],[37.25995,36.12719],[37.24692,36.10841],[37.23028,36.06836],[37.20824,36.04805],[37.20399,36.03917],[37.20381,36.03168],[37.21349,36.0324],[37.25228,36.04554],[37.27183,36.04822],[37.28717,36.04592],[37.31898,36.02522],[37.3692,35.99839],[37.38108,35.98114],[37.38913,35.95967],[37.39833,35.94702],[37.46043,35.91827],[37.47576,35.90524],[37.498,35.89719],[37.50873,35.90026],[37.51601,35.90984],[37.5279,35.91827],[37.54783,35.92364],[37.57045,35.92479],[37.58195,35.92249],[37.59522,35.91378],[37.6021,35.89627],[37.62274,35.86812],[37.64088,35.86499],[37.65651,35.86499],[37.71456,35.87587],[37.70826,35.90124],[37.71327,35.92089],[37.71206,35.97127],[37.70293,36.02713],[37.7011,36.06308],[37.69759,36.07423],[37.66839,36.0695],[37.64588,36.07513],[37.61273,36.07513],[37.57817,36.08244],[37.49787,36.0681],[37.48658,36.07274],[37.47652,36.11364],[37.46915,36.12236],[37.45151,36.13093],[37.44702,36.14046],[37.43964,36.14381],[37.43562,36.14985],[37.43495,36.16326],[37.42308,36.19228]]]]}},{"type":"Feature","properties":{"pcode":"SY020701","name":"خناصر","district":"السفيرة","gov":"حلب","POP2004":18034,"mh_mean":0.3351,"seis_mean":0.1981,"flood_mean":0.6152,"pop_dens":11.248,"frag_pct":0.5513,"old_pct":0.1228,"nonstd_pct":0.0017,"vuln_idx":0.4566,"risk_ahp":0.2368,"risk_class":1},"geometry":{"type":"MultiPolygon","coordinates":[[[[37.58195,35.92249],[37.56469,35.9245],[37.56475,35.913],[37.52141,35.86369],[37.49866,35.84852],[37.45369,35.82902],[37.44177,35.80193],[37.39897,35.75859],[37.38976,35.75154],[37.36687,35.75129],[37.37073,35.71508],[37.36996,35.69476],[37.38568,35.67482],[37.40612,35.65998],[37.42301,35.64005],[37.43412,35.60301],[37.43412,35.55003],[37.4427,35.54756],[37.48499,35.51869],[37.49636,35.498],[37.4988,35.47293],[37.59915,35.46103],[37.73289,35.46298],[37.73201,35.48052],[37.78586,35.48052],[37.80782,35.44279],[37.87549,35.44013],[37.94012,35.43437],[37.92898,35.46706],[37.88464,35.56407],[37.85138,35.62227],[37.77477,35.71863],[37.72613,35.79586],[37.72175,35.81598],[37.71959,35.86065],[37.71456,35.87587],[37.65651,35.86499],[37.64088,35.86499],[37.62274,35.86812],[37.6021,35.89627],[37.59522,35.91378],[37.58195,35.92249]]]]}},{"type":"Feature","properties":{"pcode":"SY020702","name":"بنان","district":"السفيرة","gov":"حلب","POP2004":17193,"mh_mean":0.4928,"seis_mean":0.395,"flood_mean":0.6255,"pop_dens":122.7862,"frag_pct":0.5513,"old_pct":0.1228,"nonstd_pct":0.0017,"vuln_idx":0.5594,"risk_ahp":0.4768,"risk_class":4},"geometry":{"type":"MultiPolygon","coordinates":[[[[37.28717,36.04592],[37.27183,36.04822],[37.24157,36.04213],[37.26141,36.01952],[37.27987,36.00948],[37.28147,35.99865],[37.27505,35.97939],[37.27425,35.95571],[37.26502,35.91117],[37.26744,35.89471],[37.27024,35.8879],[37.29271,35.87546],[37.31998,35.86524],[37.33814,35.89454],[37.35117,35.93557],[37.37456,35.94746],[37.38913,35.95967],[37.38108,35.98114],[37.3692,35.99839],[37.31898,36.02522],[37.28717,36.04592]]]]}},{"type":"Feature","properties":{"pcode":"SY020703","name":"الحاجب","district":"السفيرة","gov":"حلب","POP2004":10408,"mh_mean":0.4126,"seis_mean":0.317,"flood_mean":0.5913,"pop_dens":40.0183,"frag_pct":0.5513,"old_pct":0.1228,"nonstd_pct":0.0017,"vuln_idx":0.5103,"risk_ahp":0.3657,"risk_class":2},"geometry":{"type":"MultiPolygon","coordinates":[[[[37.39833,35.94702],[37.38913,35.95967],[37.37456,35.94746],[37.35117,35.93557],[37.33814,35.89454],[37.32625,35.87805],[37.31781,35.8608],[37.3182,35.84546],[37.32142,35.83758],[37.32519,35.83551],[37.32242,35.81626],[37.33737,35.81018],[37.34657,35.80366],[37.34766,35.79567],[37.32967,35.7889],[37.332,35.77835],[37.36687,35.75129],[37.38976,35.75154],[37.39897,35.75859],[37.44177,35.80193],[37.45369,35.82902],[37.49866,35.84852],[37.52141,35.86369],[37.56475,35.913],[37.56469,35.9245],[37.54783,35.92364],[37.5279,35.91827],[37.51601,35.90984],[37.50873,35.90026],[37.498,35.89719],[37.47576,35.90524],[37.46043,35.91827],[37.39833,35.94702]]]]}},{"type":"Feature","properties":{"pcode":"SY020800","name":"مركز جرابلس","district":"جرابلس","gov":"حلب","POP2004":41575,"mh_mean":0.4681,"seis_mean":0.3207,"flood_mean":0.6808,"pop_dens":123.3157,"frag_pct":0.6841,"old_pct":0.0873,"nonstd_pct":0.0026,"vuln_idx":0.6102,"risk_ahp":0.47,"risk_class":4},"geometry":{"type":"MultiPolygon","coordinates":[[[[37.99435,36.83207],[37.96339,36.82093],[37.94061,36.8187],[37.92492,36.81094],[37.90243,36.79128],[37.87885,36.78788],[37.82595,36.76832],[37.79971,36.76328],[37.78895,36.75307],[37.79009,36.74185],[37.79594,36.74041],[37.81366,36.74236],[37.83863,36.75445],[37.85118,36.7518],[37.85761,36.73899],[37.86886,36.7403],[37.87175,36.73881],[37.87846,36.71117],[37.87925,36.68867],[37.87254,36.64406],[37.8753,36.63853],[37.90925,36.63853],[37.92268,36.65669],[37.92632,36.66728],[37.94479,36.6738],[37.95034,36.66292],[37.95033,36.62767],[37.96,36.62666],[37.96579,36.61278],[37.97044,36.60971],[37.97518,36.60971],[37.98702,36.61564],[38.01032,36.62037],[38.02176,36.62866],[38.05651,36.64367],[38.06322,36.65906],[38.0794,36.65827],[38.09247,36.67039],[38.0752,36.67805],[38.07171,36.69196],[38.05945,36.71407],[38.05729,36.73734],[38.03926,36.75266],[38.02894,36.77173],[38.02695,36.78736],[38.03413,36.80808],[38.03121,36.81952],[38.02221,36.82841],[38.01515,36.82564],[37.99435,36.83207]]]]}},{"type":"Feature","properties":{"pcode":"SY020801","name":"غندورة","district":"جرابلس","gov":"حلب","POP2004":17314,"mh_mean":0.4476,"seis_mean":0.3083,"flood_mean":0.6619,"pop_dens":57.2946,"frag_pct":0.6841,"old_pct":0.0873,"nonstd_pct":0.0026,"vuln_idx":0.5765,"risk_ahp":0.433,"risk_class":3},"geometry":{"type":"MultiPolygon","coordinates":[[[[37.70544,36.75754],[37.69763,36.75597],[37.68254,36.74396],[37.67329,36.744],[37.66534,36.7491],[37.65818,36.74905],[37.63821,36.73571],[37.6499,36.72048],[37.64789,36.69636],[37.65096,36.66688],[37.64884,36.64405],[37.65069,36.64034],[37.67511,36.62176],[37.67882,36.61433],[37.67909,36.60955],[37.67113,36.59283],[37.67544,36.57674],[37.68897,36.57639],[37.70014,36.5642],[37.70077,36.5575],[37.6924,36.54661],[37.68905,36.53073],[37.70431,36.53367],[37.72377,36.5298],[37.72976,36.54012],[37.74088,36.58849],[37.74814,36.5991],[37.74958,36.62367],[37.75684,36.62999],[37.76215,36.63344],[37.78285,36.62999],[37.79286,36.63341],[37.81218,36.66096],[37.82317,36.66222],[37.83619,36.65971],[37.86114,36.64883],[37.8753,36.63853],[37.87254,36.64406],[37.87925,36.68867],[37.87846,36.71117],[37.87175,36.73881],[37.86886,36.7403],[37.85761,36.73899],[37.85118,36.7518],[37.84646,36.75346],[37.83863,36.75445],[37.81366,36.74236],[37.79594,36.74041],[37.79009,36.74185],[37.78895,36.75307],[37.78289,36.74933],[37.77351,36.74919],[37.72787,36.75178],[37.70544,36.75754]]]]}},{"type":"Feature","properties":{"pcode":"SY030101","name":"الكسوة","district":"مركز ريف دمشق","gov":"ريف دمشق","POP2004":112095,"mh_mean":0.5553,"seis_mean":0.5279,"flood_mean":0.5579,"pop_dens":213.8636,"frag_pct":0.0911,"old_pct":0.0296,"nonstd_pct":0.0009,"vuln_idx":0.1843,"risk_ahp":0.3092,"risk_class":1},"geometry":{"type":"MultiPolygon","coordinates":[[[[36.16521,33.4029],[36.16224,33.40092],[36.15976,33.38159],[36.15555,33.37639],[36.14368,33.37113],[36.1273,33.37472],[36.12573,33.37323],[36.13225,33.35632],[36.13126,33.35285],[36.12342,33.35261],[36.11937,33.34938],[36.11714,33.34318],[36.10747,33.33624],[36.10574,33.33253],[36.10698,33.32806],[36.11218,33.32385],[36.12194,33.32226],[36.13101,33.31493],[36.14093,33.31741],[36.15239,33.31116],[36.16249,33.30427],[36.16843,33.29461],[36.16596,33.28359],[36.14682,33.27282],[36.14613,33.26784],[36.15084,33.26239],[36.15803,33.24356],[36.16577,33.21382],[36.18285,33.21821],[36.19019,33.21539],[36.19366,33.2114],[36.20334,33.20862],[36.20867,33.20988],[36.2165,33.21734],[36.22651,33.26953],[36.22976,33.27299],[36.23601,33.27346],[36.24446,33.26688],[36.26714,33.25591],[36.2763,33.24608],[36.28249,33.23438],[36.29778,33.22718],[36.31596,33.22517],[36.32236,33.20968],[36.3386,33.1984],[36.34641,33.19887],[36.36829,33.18386],[36.39773,33.19357],[36.39325,33.21727],[36.42587,33.24871],[36.43964,33.25541],[36.44956,33.26795],[36.46605,33.2696],[36.4909,33.27949],[36.49406,33.28385],[36.46674,33.31374],[36.46039,33.31798],[36.44768,33.32186],[36.4385,33.32857],[36.43956,33.34516],[36.43709,33.3554],[36.41485,33.38894],[36.40385,33.38066],[36.3759,33.3781],[36.37024,33.38125],[36.36939,33.39129],[36.36243,33.39676],[36.33228,33.39805],[36.31328,33.39419],[36.29259,33.40241],[36.2759,33.39553],[36.25852,33.39829],[36.24427,33.39795],[36.23658,33.39151],[36.23857,33.3863],[36.22023,33.38234],[36.20635,33.38952],[36.20387,33.38704],[36.19669,33.3868],[36.18702,33.39126],[36.17884,33.39894],[36.16521,33.4029]]]]}},{"type":"Feature","properties":{"pcode":"SY030102","name":"ببيلا","district":"مركز ريف دمشق","gov":"ريف دمشق","POP2004":341625,"mh_mean":0.6821,"seis_mean":0.6221,"flood_mean":0.6497,"pop_dens":4560.4092,"frag_pct":0.0911,"old_pct":0.0296,"nonstd_pct":0.0009,"vuln_idx":0.3201,"risk_ahp":0.489,"risk_class":4},"geometry":{"type":"MultiPolygon","coordinates":[[[[36.34474,33.47831],[36.32938,33.49465],[36.32736,33.48866],[36.32367,33.48965],[36.32513,33.48583],[36.31746,33.48453],[36.31728,33.48081],[36.31451,33.48056],[36.31567,33.4783],[36.32174,33.47802],[36.32141,33.47395],[36.31735,33.4737],[36.31867,33.46931],[36.31375,33.47163],[36.31444,33.46293],[36.31014,33.46183],[36.31133,33.45489],[36.30724,33.44517],[36.29507,33.44107],[36.275,33.44528],[36.27301,33.43859],[36.29408,33.41554],[36.29507,33.40637],[36.29259,33.40241],[36.31328,33.39419],[36.33228,33.39805],[36.36243,33.39676],[36.3687,33.39244],[36.36968,33.3822],[36.37527,33.3782],[36.40385,33.38066],[36.41485,33.38894],[36.40646,33.39196],[36.39024,33.40442],[36.38618,33.41775],[36.37285,33.43774],[36.37053,33.44818],[36.36329,33.45716],[36.36676,33.47686],[36.36358,33.47889],[36.34474,33.47831]]]]}},{"type":"Feature","properties":{"pcode":"SY030103","name":"جرمانا","district":"مركز ريف دمشق","gov":"ريف دمشق","POP2004":114363,"mh_mean":0.729,"seis_mean":0.6763,"flood_mean":0.6582,"pop_dens":10903.7682,"frag_pct":0.0911,"old_pct":0.0296,"nonstd_pct":0.0009,"vuln_idx":0.3205,"risk_ahp":0.5161,"risk_class":4},"geometry":{"type":"MultiPolygon","coordinates":[[[[36.33618,33.50998],[36.32938,33.49465],[36.34474,33.47831],[36.36358,33.47889],[36.36543,33.48722],[36.37773,33.49943],[36.37893,33.50323],[36.37285,33.50555],[36.36561,33.50497],[36.33618,33.50998]]]]}},{"type":"Feature","properties":{"pcode":"SY030104","name":"المليحة","district":"مركز ريف دمشق","gov":"ريف دمشق","POP2004":56652,"mh_mean":0.6948,"seis_mean":0.6283,"flood_mean":0.663,"pop_dens":759.7995,"frag_pct":0.0911,"old_pct":0.0296,"nonstd_pct":0.0009,"vuln_idx":0.2405,"risk_ahp":0.4302,"risk_class":3},"geometry":{"type":"MultiPolygon","coordinates":[[[[36.41773,33.50486],[36.40655,33.50146],[36.37893,33.50323],[36.37773,33.49943],[36.36543,33.48722],[36.36358,33.47889],[36.36676,33.47686],[36.36329,33.45716],[36.37053,33.44818],[36.37285,33.43774],[36.38618,33.41775],[36.39024,33.40442],[36.40646,33.39196],[36.41485,33.38894],[36.42332,33.40059],[36.41697,33.41047],[36.4212,33.42],[36.4279,33.42123],[36.44627,33.41824],[36.45192,33.42671],[36.46039,33.43059],[36.46004,33.44472],[36.46295,33.45028],[36.45391,33.47459],[36.43716,33.48156],[36.43331,33.48568],[36.42095,33.48382],[36.41805,33.49135],[36.42269,33.49657],[36.43029,33.49837],[36.41773,33.50486]]]]}},{"type":"Feature","properties":{"pcode":"SY030105","name":"كفر بطنا","district":"مركز ريف دمشق","gov":"ريف دمشق","POP2004":123474,"mh_mean":0.7458,"seis_mean":0.6898,"flood_mean":0.6691,"pop_dens":4621.6917,"frag_pct":0.0911,"old_pct":0.0296,"nonstd_pct":0.0009,"vuln_idx":0.3205,"risk_ahp":0.5254,"risk_class":4},"geometry":{"type":"MultiPolygon","coordinates":[[[[36.40426,33.54498],[36.39255,33.54346],[36.38711,33.53042],[36.37216,33.5225],[36.35045,33.52217],[36.34874,33.51949],[36.34019,33.51848],[36.33618,33.50998],[36.38759,33.50186],[36.39318,33.50346],[36.40655,33.50146],[36.41773,33.50486],[36.43029,33.49837],[36.43956,33.49767],[36.44733,33.50155],[36.44733,33.50544],[36.43003,33.51603],[36.43078,33.52353],[36.4233,33.52646],[36.41443,33.54231],[36.40426,33.54498]]]]}},{"type":"Feature","properties":{"pcode":"SY030106","name":"عربين","district":"مركز ريف دمشق","gov":"ريف دمشق","POP2004":89595,"mh_mean":0.7597,"seis_mean":0.7167,"flood_mean":0.6575,"pop_dens":10381.0496,"frag_pct":0.0911,"old_pct":0.0296,"nonstd_pct":0.0009,"vuln_idx":0.3205,"risk_ahp":0.533,"risk_class":4},"geometry":{"type":"MultiPolygon","coordinates":[[[[36.36013,33.54921],[36.35339,33.54661],[36.34373,33.52566],[36.34823,33.52681],[36.35001,33.52207],[36.35355,33.52148],[36.37216,33.5225],[36.38711,33.53042],[36.39255,33.54346],[36.38413,33.54003],[36.36013,33.54921]]]]}},{"type":"Feature","properties":{"pcode":"SY030107","name":"قدسيا","district":"مركز ريف دمشق","gov":"ريف دمشق","POP2004":64412,"mh_mean":0.6955,"seis_mean":0.7726,"flood_mean":0.4806,"pop_dens":1111.6271,"frag_pct":0.0911,"old_pct":0.0296,"nonstd_pct":0.0009,"vuln_idx":0.2574,"risk_ahp":0.4455,"risk_class":4},"geometry":{"type":"MultiPolygon","coordinates":[[[[36.24922,33.62608],[36.24365,33.61722],[36.23487,33.61209],[36.19783,33.61151],[36.18631,33.59966],[36.18697,33.59037],[36.2047,33.58143],[36.20321,33.57861],[36.17046,33.56859],[36.17722,33.55367],[36.19227,33.54629],[36.18415,33.52143],[36.2049,33.5296],[36.20285,33.53058],[36.20404,33.5339],[36.20896,33.53498],[36.21237,33.53934],[36.21488,33.53689],[36.22257,33.53957],[36.22322,33.54508],[36.22768,33.54641],[36.23154,33.54192],[36.26991,33.55793],[36.27286,33.55575],[36.26799,33.57539],[36.26904,33.57899],[36.25481,33.60711],[36.24922,33.62608]]]]}},{"type":"Feature","properties":{"pcode":"SY030200","name":"مركز دوما","district":"دوما","gov":"ريف دمشق","POP2004":181934,"mh_mean":0.7589,"seis_mean":0.7364,"flood_mean":0.6399,"pop_dens":871.1647,"frag_pct":0.1644,"old_pct":0.0564,"nonstd_pct":0.0033,"vuln_idx":0.341,"risk_ahp":0.5493,"risk_class":5},"geometry":{"type":"MultiPolygon","coordinates":[[[[36.51211,33.66951],[36.4861,33.66387],[36.47222,33.66474],[36.45445,33.6565],[36.44317,33.66214],[36.43407,33.66344],[36.42583,33.65953],[36.42385,33.64744],[36.43537,33.60837],[36.43181,33.60193],[36.41384,33.59619],[36.41279,33.58972],[36.3871,33.57574],[36.38485,33.56163],[36.38885,33.55713],[36.40525,33.55806],[36.41876,33.55245],[36.42179,33.5482],[36.42088,33.54562],[36.41443,33.54231],[36.4233,33.52646],[36.43078,33.52353],[36.43073,33.52062],[36.44523,33.52903],[36.45731,33.52865],[36.47325,33.52361],[36.48227,33.52796],[36.49545,33.52009],[36.50802,33.51693],[36.52244,33.51784],[36.53079,33.53211],[36.54308,33.54501],[36.55067,33.54729],[36.5991,33.55138],[36.59652,33.56201],[36.58528,33.57021],[36.57445,33.58338],[36.57672,33.5889],[36.58884,33.59378],[36.58622,33.60497],[36.57081,33.61463],[36.55928,33.63357],[36.54116,33.63851],[36.5284,33.64469],[36.51211,33.66951]]]]}},{"type":"Feature","properties":{"pcode":"SY030201","name":"حرستا","district":"دوما","gov":"ريف دمشق","POP2004":88816,"mh_mean":0.7799,"seis_mean":0.7587,"flood_mean":0.6376,"pop_dens":3666.0122,"frag_pct":0.1644,"old_pct":0.0564,"nonstd_pct":0.0033,"vuln_idx":0.4049,"risk_ahp":0.6112,"risk_class":5},"geometry":{"type":"MultiPolygon","coordinates":[[[[36.38627,33.59571],[36.3594,33.58645],[36.34013,33.55906],[36.35593,33.55668],[36.35339,33.54661],[36.36013,33.54921],[36.38413,33.54003],[36.39755,33.54533],[36.41096,33.54462],[36.41443,33.54231],[36.42088,33.54562],[36.42179,33.5482],[36.41876,33.55245],[36.40525,33.55806],[36.38984,33.55694],[36.38506,33.56045],[36.3871,33.57574],[36.41279,33.58972],[36.41384,33.59619],[36.38627,33.59571]]]]}},{"type":"Feature","properties":{"pcode":"SY030202","name":"السبع بيار","district":"دوما","gov":"ريف دمشق","POP2004":395,"mh_mean":0.2758,"seis_mean":0.1119,"flood_mean":0.6263,"pop_dens":0.0307,"frag_pct":0.1644,"old_pct":0.0564,"nonstd_pct":0.0033,"vuln_idx":0.1289,"risk_ahp":0.0459,"risk_class":1},"geometry":{"type":"MultiPolygon","coordinates":[[[[37.55176,33.98746],[37.48383,33.98113],[37.45279,33.96919],[37.42269,33.9522],[37.39622,33.95683],[37.29572,33.93159],[37.36833,33.8099],[37.621,33.08347],[37.05771,33.04407],[37.09485,33.03303],[37.12836,33.01853],[37.2016,33.006],[37.25679,33.003],[37.27671,32.99532],[37.27691,32.94329],[37.27898,32.92677],[37.28723,32.90662],[37.46307,32.66599],[39.1163,33.54255],[38.93344,33.7597],[38.26937,33.8361],[37.70418,33.90191],[37.65567,33.90953],[37.6207,33.91785],[37.61104,33.92351],[37.60571,33.93184],[37.60405,33.94183],[37.60938,33.94649],[37.61371,33.95848],[37.60971,33.97313],[37.60172,33.98079],[37.59206,33.98446],[37.55176,33.98746]]]]}},{"type":"Feature","properties":{"pcode":"SY030203","name":"الضمير","district":"دوما","gov":"ريف دمشق","POP2004":26192,"mh_mean":0.4049,"seis_mean":0.3179,"flood_mean":0.5771,"pop_dens":4.4173,"frag_pct":0.1644,"old_pct":0.0564,"nonstd_pct":0.0033,"vuln_idx":0.1289,"risk_ahp":0.179,"risk_class":1},"geometry":{"type":"MultiPolygon","coordinates":[[[[37.29572,33.93159],[37.26728,33.91016],[37.24188,33.89504],[37.09488,33.79523],[36.91591,33.71078],[36.82624,33.67543],[36.75424,33.66867],[36.73475,33.66244],[36.72305,33.65542],[36.71585,33.66012],[36.69077,33.6644],[36.66821,33.6484],[36.64763,33.64491],[36.64493,33.64213],[36.64121,33.61998],[36.6338,33.6134],[36.6091,33.61793],[36.57781,33.61134],[36.58631,33.60485],[36.58939,33.59548],[36.58633,33.59136],[36.57624,33.58853],[36.57461,33.58285],[36.58528,33.57021],[36.59652,33.56201],[36.5991,33.55138],[36.63447,33.54476],[36.64322,33.54101],[36.66051,33.53205],[36.68154,33.51203],[36.68759,33.49992],[36.6931,33.46305],[36.69695,33.45259],[36.71071,33.44874],[36.74373,33.44544],[36.76134,33.44599],[36.72502,33.31005],[36.71181,33.29684],[36.65732,33.26437],[36.64191,33.25666],[36.60889,33.25171],[36.62045,33.22199],[36.62277,33.18694],[36.70791,33.19406],[36.71226,33.1929],[36.86507,33.066],[36.88491,33.05645],[36.91349,33.05181],[37.03678,33.04887],[37.05771,33.04407],[37.621,33.08347],[37.36833,33.8099],[37.29572,33.93159]]]]}},{"type":"Feature","properties":{"pcode":"SY030204","name":"النشابية","district":"دوما","gov":"ريف دمشق","POP2004":76814,"mh_mean":0.6567,"seis_mean":0.578,"flood_mean":0.6641,"pop_dens":276.4291,"frag_pct":0.1644,"old_pct":0.0564,"nonstd_pct":0.0033,"vuln_idx":0.2901,"risk_ahp":0.451,"risk_class":4},"geometry":{"type":"MultiPolygon","coordinates":[[[[36.60468,33.55101],[36.57709,33.54987],[36.54308,33.54501],[36.53079,33.53211],[36.52244,33.51784],[36.50802,33.51693],[36.49545,33.52009],[36.48314,33.52788],[36.47538,33.52619],[36.47325,33.52361],[36.45731,33.52865],[36.44523,33.52903],[36.43073,33.52062],[36.43003,33.51603],[36.44733,33.50544],[36.44733,33.50155],[36.43956,33.49767],[36.43179,33.49873],[36.42269,33.49657],[36.41805,33.49135],[36.42095,33.48382],[36.43331,33.48568],[36.43716,33.48156],[36.45391,33.47459],[36.46295,33.45028],[36.47926,33.44563],[36.49845,33.44408],[36.49783,33.45368],[36.49381,33.46049],[36.49628,33.46172],[36.51609,33.46079],[36.52661,33.46606],[36.54239,33.46667],[36.55601,33.46358],[36.57272,33.46946],[36.58293,33.46667],[36.61536,33.44941],[36.6841,33.37801],[36.74155,33.37405],[36.76134,33.44599],[36.74373,33.44544],[36.71071,33.44874],[36.69695,33.45259],[36.6931,33.46305],[36.68759,33.49992],[36.68154,33.51203],[36.67053,33.52414],[36.66051,33.53205],[36.63447,33.54476],[36.60468,33.55101]]]]}},{"type":"Feature","properties":{"pcode":"SY030205","name":"الغزلانية","district":"دوما","gov":"ريف دمشق","POP2004":36715,"mh_mean":0.5401,"seis_mean":0.4464,"flood_mean":0.6384,"pop_dens":94.5792,"frag_pct":0.1644,"old_pct":0.0564,"nonstd_pct":0.0033,"vuln_idx":0.2427,"risk_ahp":0.3454,"risk_class":2},"geometry":{"type":"MultiPolygon","coordinates":[[[[36.47926,33.44563],[36.46295,33.45028],[36.46004,33.44472],[36.46039,33.43059],[36.45192,33.42671],[36.44627,33.41824],[36.4279,33.42123],[36.4212,33.42],[36.41803,33.41436],[36.41697,33.41047],[36.42332,33.40059],[36.41485,33.38894],[36.43709,33.3554],[36.43956,33.34516],[36.4385,33.32857],[36.44768,33.32186],[36.46039,33.31798],[36.46674,33.31374],[36.49406,33.28385],[36.50562,33.29623],[36.51465,33.29668],[36.5281,33.2836],[36.53579,33.28051],[36.55046,33.25995],[36.54857,33.25221],[36.55613,33.2463],[36.57234,33.1827],[36.62277,33.18694],[36.62045,33.22199],[36.60889,33.25171],[36.64191,33.25666],[36.71181,33.29684],[36.72502,33.31005],[36.74155,33.37405],[36.69605,33.37814],[36.52528,33.37633],[36.50936,33.39442],[36.49308,33.40636],[36.49995,33.42155],[36.49452,33.43024],[36.49845,33.44408],[36.47926,33.44563]]]]}},{"type":"Feature","properties":{"pcode":"SY030206","name":"حران العواميد","district":"دوما","gov":"ريف دمشق","POP2004":22853,"mh_mean":0.6082,"seis_mean":0.5177,"flood_mean":0.6607,"pop_dens":180.1416,"frag_pct":0.1644,"old_pct":0.0564,"nonstd_pct":0.0033,"vuln_idx":0.2712,"risk_ahp":0.408,"risk_class":3},"geometry":{"type":"MultiPolygon","coordinates":[[[[36.58293,33.46667],[36.57272,33.46946],[36.55601,33.46358],[36.54239,33.46667],[36.52661,33.46606],[36.51609,33.46079],[36.49381,33.46049],[36.49783,33.45368],[36.49845,33.44408],[36.49452,33.43024],[36.49995,33.42155],[36.49308,33.40636],[36.50936,33.39442],[36.52528,33.37633],[36.6841,33.37801],[36.61536,33.44941],[36.58293,33.46667]]]]}},{"type":"Feature","properties":{"pcode":"SY030300","name":"مركز القطيفة","district":"القطيفة","gov":"ريف دمشق","POP2004":44820,"mh_mean":0.686,"seis_mean":0.7545,"flood_mean":0.4896,"pop_dens":165.5118,"frag_pct":0.3009,"old_pct":0.0986,"nonstd_pct":0.0,"vuln_idx":0.3749,"risk_ahp":0.5316,"risk_class":4},"geometry":{"type":"MultiPolygon","coordinates":[[[[36.68723,33.8043],[36.64005,33.79332],[36.60289,33.794],[36.59248,33.78825],[36.58408,33.77386],[36.57533,33.76679],[36.53011,33.75696],[36.49207,33.73785],[36.50778,33.72154],[36.51298,33.7068],[36.51515,33.68425],[36.51211,33.66951],[36.51605,33.6628],[36.5284,33.64469],[36.54116,33.63851],[36.55928,33.63357],[36.57081,33.61463],[36.57781,33.61134],[36.6091,33.61793],[36.6338,33.6134],[36.64121,33.61998],[36.64493,33.64213],[36.64763,33.64491],[36.66821,33.6484],[36.68585,33.66091],[36.68297,33.67902],[36.68425,33.72504],[36.68808,33.74337],[36.6949,33.75445],[36.69575,33.76638],[36.68723,33.8043]]]]}},{"type":"Feature","properties":{"pcode":"SY030301","name":"جيرود","district":"القطيفة","gov":"ريف دمشق","POP2004":31821,"mh_mean":0.642,"seis_mean":0.6747,"flood_mean":0.512,"pop_dens":83.2738,"frag_pct":0.3009,"old_pct":0.0986,"nonstd_pct":0.0,"vuln_idx":0.3447,"risk_ahp":0.4822,"risk_class":4},"geometry":{"type":"MultiPolygon","coordinates":[[[[37.00851,33.95963],[37.01871,34.02087],[36.99681,34.02086],[36.95641,34.01043],[36.93489,34.00242],[36.88535,33.94988],[36.85182,33.92486],[36.68769,33.84379],[36.69064,33.81879],[36.68723,33.8043],[36.69064,33.79109],[36.7077,33.79016],[36.7273,33.79345],[36.75965,33.78618],[36.79901,33.79056],[36.81763,33.80047],[36.8432,33.82774],[36.88155,33.8384],[36.93184,33.8597],[36.95301,33.87259],[36.97529,33.88248],[37.01792,33.89337],[37.07634,33.91796],[37.13858,33.93815],[37.00921,33.94001],[37.00851,33.95963]]]]}},{"type":"Feature","properties":{"pcode":"SY030302","name":"معلولا","district":"القطيفة","gov":"ريف دمشق","POP2004":12192,"mh_mean":0.578,"seis_mean":0.7329,"flood_mean":0.3171,"pop_dens":53.9085,"frag_pct":0.3009,"old_pct":0.0986,"nonstd_pct":0.0,"vuln_idx":0.3256,"risk_ahp":0.4268,"risk_class":3},"geometry":{"type":"MultiPolygon","coordinates":[[[[36.67168,33.91185],[36.63306,33.88496],[36.60786,33.88542],[36.49818,33.86831],[36.48523,33.84425],[36.46572,33.75926],[36.49207,33.73785],[36.53011,33.75696],[36.57533,33.76679],[36.58408,33.77386],[36.59205,33.78781],[36.60128,33.79352],[36.60995,33.79489],[36.64005,33.79332],[36.68723,33.8043],[36.69064,33.81879],[36.68769,33.84379],[36.68019,33.8538],[36.67068,33.89734],[36.67168,33.91185]]]]}},{"type":"Feature","properties":{"pcode":"SY030303","name":"الرحيبة","district":"القطيفة","gov":"ريف دمشق","POP2004":30450,"mh_mean":0.6044,"seis_mean":0.6953,"flood_mean":0.4138,"pop_dens":42.9547,"frag_pct":0.3009,"old_pct":0.0986,"nonstd_pct":0.0,"vuln_idx":0.3157,"risk_ahp":0.4378,"risk_class":3},"geometry":{"type":"MultiPolygon","coordinates":[[[[37.29572,33.93159],[37.19097,33.93865],[37.13858,33.93815],[37.07634,33.91796],[37.01792,33.89337],[36.97529,33.88248],[36.95301,33.87259],[36.93184,33.8597],[36.88155,33.8384],[36.8432,33.82774],[36.81763,33.80047],[36.79901,33.79056],[36.75965,33.78618],[36.7273,33.79345],[36.7077,33.79016],[36.69064,33.79109],[36.69575,33.76638],[36.6949,33.75445],[36.68808,33.74337],[36.68425,33.72504],[36.68297,33.67902],[36.68585,33.66091],[36.69077,33.6644],[36.71585,33.66012],[36.72305,33.65542],[36.73475,33.66244],[36.75424,33.66867],[36.82624,33.67543],[36.91591,33.71078],[37.09488,33.79523],[37.24188,33.89504],[37.26728,33.91016],[37.29572,33.93159]]]]}},{"type":"Feature","properties":{"pcode":"SY030400","name":"مركز التل","district":"التل","gov":"ريف دمشق","POP2004":85933,"mh_mean":0.6691,"seis_mean":0.8388,"flood_mean":0.3676,"pop_dens":385.1684,"frag_pct":0.1074,"old_pct":0.0764,"nonstd_pct":0.0,"vuln_idx":0.2661,"risk_ahp":0.4387,"risk_class":3},"geometry":{"type":"MultiPolygon","coordinates":[[[[36.33335,33.74485],[36.31692,33.74286],[36.30247,33.73887],[36.27853,33.72644],[36.26909,33.7272],[36.25842,33.73264],[36.23583,33.71663],[36.23392,33.70945],[36.24437,33.68856],[36.24633,33.67655],[36.23588,33.67264],[36.23079,33.66768],[36.22531,33.65527],[36.22609,33.65136],[36.24922,33.62608],[36.25481,33.60711],[36.26904,33.57899],[36.26799,33.57539],[36.27286,33.55575],[36.28038,33.56364],[36.28374,33.56241],[36.31529,33.56513],[36.31409,33.57016],[36.32144,33.57183],[36.32075,33.56804],[36.32356,33.56932],[36.327,33.56707],[36.32519,33.56409],[36.33434,33.56495],[36.33617,33.55888],[36.34013,33.55906],[36.3594,33.58645],[36.38627,33.59571],[36.41051,33.59524],[36.41869,33.59743],[36.43181,33.60193],[36.43537,33.60837],[36.42385,33.64744],[36.42583,33.65953],[36.40467,33.6562],[36.3946,33.64776],[36.38843,33.64126],[36.38487,33.62541],[36.38095,33.62144],[36.37023,33.62047],[36.33644,33.62891],[36.32442,33.63444],[36.32052,33.63898],[36.34976,33.65783],[36.35399,33.66498],[36.35269,33.68544],[36.35919,33.68804],[36.36049,33.69227],[36.35676,33.71247],[36.36324,33.7309],[36.36324,33.74086],[36.33335,33.74485]]]]}},{"type":"Feature","properties":{"pcode":"SY030401","name":"صيدنايا","district":"التل","gov":"ريف دمشق","POP2004":18846,"mh_mean":0.6442,"seis_mean":0.7792,"flood_mean":0.3871,"pop_dens":136.474,"frag_pct":0.1074,"old_pct":0.0764,"nonstd_pct":0.0,"vuln_idx":0.2201,"risk_ahp":0.3865,"risk_class":2},"geometry":{"type":"MultiPolygon","coordinates":[[[[36.4787,33.74979],[36.46845,33.74907],[36.42871,33.73808],[36.38323,33.72898],[36.37121,33.71013],[36.36633,33.70721],[36.35789,33.70721],[36.36049,33.69227],[36.35919,33.68804],[36.35269,33.68544],[36.35399,33.66498],[36.34976,33.65783],[36.33644,33.64776],[36.32312,33.64191],[36.32052,33.63898],[36.32442,33.63444],[36.33644,33.62891],[36.37023,33.62047],[36.38095,33.62144],[36.38487,33.62541],[36.38843,33.64126],[36.40467,33.6562],[36.42583,33.65953],[36.43407,33.66344],[36.44317,33.66214],[36.45445,33.6565],[36.47222,33.66474],[36.4861,33.66387],[36.51211,33.66951],[36.51515,33.68425],[36.51298,33.7068],[36.50778,33.72154],[36.4787,33.74979]]]]}},{"type":"Feature","properties":{"pcode":"SY030402","name":"رنكوس","district":"التل","gov":"ريف دمشق","POP2004":11158,"mh_mean":0.5541,"seis_mean":0.6667,"flood_mean":0.3679,"pop_dens":56.0349,"frag_pct":0.1074,"old_pct":0.0764,"nonstd_pct":0.0,"vuln_idx":0.181,"risk_ahp":0.3058,"risk_class":1},"geometry":{"type":"MultiPolygon","coordinates":[[[[36.27969,33.84799],[36.27736,33.84196],[36.28023,33.80508],[36.27582,33.78034],[36.25462,33.76422],[36.25968,33.74573],[36.25842,33.73264],[36.26711,33.72791],[36.282,33.72718],[36.30247,33.73887],[36.31692,33.74286],[36.33335,33.74485],[36.35228,33.74335],[36.36324,33.74086],[36.36324,33.7309],[36.35676,33.71247],[36.35789,33.70721],[36.36633,33.70721],[36.37121,33.71013],[36.38323,33.72898],[36.42871,33.73808],[36.46845,33.74907],[36.4787,33.74979],[36.46572,33.75926],[36.48003,33.82474],[36.45835,33.83081],[36.424,33.83254],[36.39142,33.84057],[36.39149,33.82718],[36.3846,33.82115],[36.37583,33.82028],[36.3502,33.82605],[36.33516,33.82693],[36.33039,33.82936],[36.32043,33.82881],[36.31579,33.83082],[36.31231,33.83778],[36.30688,33.83996],[36.29436,33.83943],[36.27969,33.84799]]]]}},{"type":"Feature","properties":{"pcode":"SY030500","name":"مركز يبرود","district":"يبرود","gov":"ريف دمشق","POP2004":39604,"mh_mean":0.548,"seis_mean":0.6977,"flood_mean":0.3037,"pop_dens":122.8477,"frag_pct":0.2292,"old_pct":0.1218,"nonstd_pct":0.0001,"vuln_idx":0.3433,"risk_ahp":0.4166,"risk_class":3},"geometry":{"type":"MultiPolygon","coordinates":[[[[36.42489,34.05387],[36.42267,34.04823],[36.42597,34.0409],[36.41681,34.04142],[36.41094,34.04507],[36.40399,34.04346],[36.4024,34.03925],[36.40699,34.03224],[36.40652,34.02887],[36.39094,34.02863],[36.38857,34.02685],[36.38711,34.0164],[36.39628,34.00838],[36.46016,33.97718],[36.46856,33.96157],[36.48417,33.94596],[36.48898,33.93215],[36.49678,33.91954],[36.49919,33.89372],[36.49558,33.87451],[36.49818,33.86831],[36.60786,33.88542],[36.63306,33.88496],[36.67168,33.91185],[36.6927,33.98341],[36.65767,33.99792],[36.51956,34.03595],[36.50048,34.04806],[36.48904,34.04905],[36.47887,34.0375],[36.47268,34.04287],[36.45552,34.04337],[36.44748,34.04929],[36.44098,34.04784],[36.43542,34.05075],[36.43248,34.04955],[36.42489,34.05387]]]]}},{"type":"Feature","properties":{"pcode":"SY030501","name":"عسال الورد","district":"يبرود","gov":"ريف دمشق","POP2004":8766,"mh_mean":0.5089,"seis_mean":0.6541,"flood_mean":0.2957,"pop_dens":35.0456,"frag_pct":0.2292,"old_pct":0.1218,"nonstd_pct":0.0001,"vuln_idx":0.2885,"risk_ahp":0.3544,"risk_class":2},"geometry":{"type":"MultiPolygon","coordinates":[[[[36.39628,34.00838],[36.39798,34.00416],[36.39407,34.00014],[36.38017,34.00245],[36.3694,33.99618],[36.36846,33.9892],[36.36347,33.98227],[36.35449,33.9856],[36.35117,33.98473],[36.34996,33.97983],[36.34246,33.97894],[36.3397,33.97272],[36.33185,33.97075],[36.33181,33.96543],[36.32528,33.95295],[36.32006,33.94882],[36.3194,33.94316],[36.3144,33.94112],[36.30201,33.94225],[36.30116,33.92867],[36.29226,33.92661],[36.28962,33.92199],[36.28443,33.92078],[36.28321,33.91821],[36.27789,33.91846],[36.27551,33.90664],[36.27878,33.90381],[36.28204,33.9068],[36.28419,33.90416],[36.29375,33.90457],[36.29765,33.89851],[36.30655,33.89927],[36.30798,33.89689],[36.31649,33.89447],[36.31923,33.88505],[36.32624,33.88482],[36.32802,33.87979],[36.3363,33.87483],[36.35211,33.87692],[36.36799,33.87481],[36.37052,33.86395],[36.39058,33.85259],[36.39142,33.84057],[36.424,33.83254],[36.45835,33.83081],[36.48003,33.82474],[36.48523,33.84425],[36.49818,33.86831],[36.49558,33.87451],[36.49919,33.89372],[36.49678,33.91954],[36.48898,33.93215],[36.48417,33.94596],[36.46856,33.96157],[36.46016,33.97718],[36.39628,34.00838]]]]}},{"type":"Feature","properties":{"pcode":"SY030600","name":"مركز النبك","district":"النبك","gov":"ريف دمشق","POP2004":50747,"mh_mean":0.6094,"seis_mean":0.7322,"flood_mean":0.3772,"pop_dens":92.2051,"frag_pct":0.1919,"old_pct":0.0977,"nonstd_pct":0.0,"vuln_idx":0.2797,"risk_ahp":0.4151,"risk_class":3},"geometry":{"type":"MultiPolygon","coordinates":[[[[36.55266,34.13064],[36.54198,34.12665],[36.54093,34.12151],[36.52496,34.11376],[36.51521,34.10009],[36.51059,34.0994],[36.50751,34.09042],[36.51261,34.08047],[36.51222,34.07646],[36.51527,34.07387],[36.51051,34.071],[36.50815,34.06227],[36.49979,34.05592],[36.50048,34.04806],[36.51956,34.03595],[36.65767,33.99792],[36.6927,33.98341],[36.67168,33.91185],[36.67068,33.89734],[36.68019,33.8538],[36.68769,33.84379],[36.85182,33.92486],[36.88535,33.94988],[36.93489,34.00242],[36.95641,34.01043],[36.99681,34.02086],[36.98379,34.03334],[36.97077,34.03808],[36.95125,34.04966],[36.98478,34.0705],[37.00581,34.08957],[36.8764,34.04228],[36.86433,34.04239],[36.80286,34.05224],[36.71601,34.07474],[36.70564,34.072],[36.6941,34.0561],[36.68306,34.05278],[36.61997,34.07634],[36.58784,34.09611],[36.5625,34.11526],[36.55266,34.13064]]]]}},{"type":"Feature","properties":{"pcode":"SY030601","name":"دير عطية","district":"النبك","gov":"ريف دمشق","POP2004":29254,"mh_mean":0.5346,"seis_mean":0.6419,"flood_mean":0.3616,"pop_dens":50.723,"frag_pct":0.1919,"old_pct":0.0977,"nonstd_pct":0.0,"vuln_idx":0.2535,"risk_ahp":0.3494,"risk_class":2},"geometry":{"type":"MultiPolygon","coordinates":[[[[36.79331,34.2262],[36.79432,34.24151],[36.75972,34.23556],[36.75067,34.2301],[36.69474,34.22452],[36.66286,34.23377],[36.59476,34.22152],[36.6062,34.21827],[36.61148,34.21204],[36.62273,34.20489],[36.62277,34.19524],[36.60536,34.19153],[36.6014,34.18618],[36.59276,34.18661],[36.59111,34.17981],[36.5867,34.17757],[36.58862,34.16794],[36.58448,34.16566],[36.58259,34.15923],[36.57201,34.15696],[36.56904,34.15211],[36.57358,34.14468],[36.56907,34.1415],[36.56682,34.13362],[36.55419,34.1296],[36.5625,34.11526],[36.58784,34.09611],[36.61997,34.07634],[36.68237,34.05286],[36.69281,34.05514],[36.7043,34.07098],[36.71601,34.07474],[36.80286,34.05224],[36.86805,34.04203],[36.88638,34.04455],[36.94127,34.06707],[37.00581,34.08957],[36.96585,34.11349],[36.94331,34.13227],[36.92309,34.16492],[36.90069,34.18574],[36.88059,34.18505],[36.87203,34.18769],[36.86334,34.18542],[36.85618,34.18791],[36.84809,34.19445],[36.82541,34.20585],[36.8235,34.21904],[36.81977,34.22184],[36.79331,34.2262]]]]}},{"type":"Feature","properties":{"pcode":"SY030700","name":"مركز الزبداني","district":"الزبداني","gov":"ريف دمشق","POP2004":40613,"mh_mean":0.6461,"seis_mean":0.8546,"flood_mean":0.3185,"pop_dens":229.1524,"frag_pct":0.153,"old_pct":0.0678,"nonstd_pct":0.0003,"vuln_idx":0.2644,"risk_ahp":0.4246,"risk_class":3},"geometry":{"type":"MultiPolygon","coordinates":[[[[36.10245,33.8198],[36.10045,33.81968],[36.08737,33.81479],[36.06269,33.81144],[36.05677,33.80266],[36.04774,33.78436],[36.09578,33.76477],[36.09163,33.75816],[36.08043,33.74964],[36.07041,33.73478],[36.06647,33.71808],[36.06152,33.70881],[36.03854,33.69087],[36.0249,33.66755],[36.00318,33.64313],[36.00454,33.63658],[36.01089,33.63083],[36.05078,33.61934],[36.05467,33.60461],[36.06159,33.60021],[36.07586,33.60066],[36.08944,33.60467],[36.10214,33.60167],[36.11358,33.60554],[36.14312,33.64404],[36.13117,33.64642],[36.12011,33.65483],[36.10278,33.65165],[36.09673,33.65923],[36.09258,33.68189],[36.09482,33.69114],[36.10152,33.7004],[36.12099,33.70838],[36.13152,33.71029],[36.15431,33.70824],[36.1623,33.7111],[36.18098,33.74284],[36.20332,33.76613],[36.20485,33.77299],[36.18543,33.77772],[36.18414,33.7692],[36.1799,33.76597],[36.14858,33.76377],[36.13313,33.76527],[36.12218,33.77921],[36.1098,33.78515],[36.10245,33.8198]]]]}},{"type":"Feature","properties":{"pcode":"SY030701","name":"الديماس","district":"الزبداني","gov":"ريف دمشق","POP2004":21978,"mh_mean":0.6454,"seis_mean":0.8205,"flood_mean":0.3397,"pop_dens":124.7234,"frag_pct":0.153,"old_pct":0.0678,"nonstd_pct":0.0003,"vuln_idx":0.2375,"risk_ahp":0.4021,"risk_class":3},"geometry":{"type":"MultiPolygon","coordinates":[[[[36.04805,33.78423],[36.0455,33.77971],[36.03627,33.77332],[36.03354,33.76543],[36.02441,33.76211],[36.01946,33.75724],[36.01455,33.76316],[36.00991,33.76013],[36.00974,33.75721],[36.00606,33.75758],[36.00203,33.75228],[36.00006,33.74354],[35.99403,33.73817],[35.9883,33.727],[35.98131,33.72652],[35.97492,33.72902],[35.97561,33.72436],[35.97029,33.7145],[35.9723,33.70635],[35.96846,33.70079],[35.97465,33.69364],[35.97534,33.68912],[35.96988,33.68437],[35.96747,33.67491],[35.95681,33.67308],[35.95324,33.67482],[35.94749,33.67152],[35.94581,33.65972],[35.93649,33.65044],[35.93559,33.64357],[35.94151,33.63325],[35.94185,33.62514],[35.94397,33.62117],[35.95114,33.61727],[35.9696,33.62315],[35.98142,33.61813],[35.98511,33.61875],[35.98821,33.61532],[36.00471,33.61415],[36.00937,33.60778],[36.01572,33.60782],[36.04271,33.59329],[36.04744,33.57196],[36.05442,33.56651],[36.07295,33.56336],[36.09143,33.56447],[36.10626,33.55143],[36.11222,33.5496],[36.13982,33.54993],[36.15561,33.55546],[36.15749,33.56024],[36.14908,33.57297],[36.13685,33.5829],[36.13034,33.59667],[36.1247,33.6023],[36.11382,33.60555],[36.10214,33.60167],[36.08956,33.60467],[36.07512,33.60055],[36.06014,33.60053],[36.05443,33.60507],[36.05078,33.61934],[36.01089,33.63083],[36.00369,33.63825],[36.00462,33.64675],[36.02361,33.66585],[36.03804,33.69028],[36.06199,33.70945],[36.07025,33.73452],[36.08043,33.74964],[36.09163,33.75816],[36.09578,33.76477],[36.04805,33.78423]]]]}},{"type":"Feature","properties":{"pcode":"SY030702","name":"عين الفيجة","district":"الزبداني","gov":"ريف دمشق","POP2004":19584,"mh_mean":0.6349,"seis_mean":0.8209,"flood_mean":0.3168,"pop_dens":191.3159,"frag_pct":0.153,"old_pct":0.0678,"nonstd_pct":0.0003,"vuln_idx":0.2564,"risk_ahp":0.4119,"risk_class":3},"geometry":{"type":"MultiPolygon","coordinates":[[[[36.23392,33.70945],[36.23488,33.71304],[36.22047,33.71214],[36.20448,33.70504],[36.15408,33.65567],[36.16026,33.6433],[36.15911,33.63958],[36.15244,33.63787],[36.14312,33.64404],[36.11357,33.60554],[36.12078,33.60431],[36.12803,33.59959],[36.13271,33.58843],[36.14971,33.57227],[36.15749,33.56024],[36.16055,33.56513],[36.20321,33.57861],[36.2047,33.58143],[36.19108,33.58746],[36.18581,33.59419],[36.18631,33.59966],[36.19466,33.6094],[36.19783,33.61151],[36.23487,33.61209],[36.24365,33.61722],[36.24922,33.62608],[36.23158,33.64327],[36.22531,33.65527],[36.23079,33.66768],[36.23588,33.67264],[36.24633,33.67655],[36.24437,33.68856],[36.23392,33.70945]]]]}},{"type":"Feature","properties":{"pcode":"SY030703","name":"مضايا","district":"الزبداني","gov":"ريف دمشق","POP2004":13692,"mh_mean":0.6178,"seis_mean":0.8848,"flood_mean":0.2335,"pop_dens":146.5063,"frag_pct":0.153,"old_pct":0.0678,"nonstd_pct":0.0003,"vuln_idx":0.2446,"risk_ahp":0.3929,"risk_class":3},"geometry":{"type":"MultiPolygon","coordinates":[[[[36.20485,33.77299],[36.20332,33.76613],[36.18098,33.74284],[36.16139,33.71047],[36.15348,33.70821],[36.13152,33.71029],[36.12099,33.70838],[36.10152,33.7004],[36.09482,33.69114],[36.09258,33.68189],[36.09673,33.65923],[36.10278,33.65165],[36.12046,33.65476],[36.13149,33.64627],[36.14312,33.64404],[36.1523,33.63791],[36.15753,33.63837],[36.16026,33.6433],[36.15408,33.65567],[36.2036,33.70425],[36.21621,33.71122],[36.23488,33.71304],[36.24219,33.72255],[36.25843,33.73264],[36.25968,33.74573],[36.25462,33.76422],[36.20485,33.77299]]]]}},{"type":"Feature","properties":{"pcode":"SY030704","name":"سرغايا","district":"الزبداني","gov":"ريف دمشق","POP2004":9475,"mh_mean":0.6091,"seis_mean":0.8302,"flood_mean":0.2492,"pop_dens":81.2283,"frag_pct":0.153,"old_pct":0.0678,"nonstd_pct":0.0003,"vuln_idx":0.2186,"risk_ahp":0.3668,"risk_class":2},"geometry":{"type":"MultiPolygon","coordinates":[[[[36.24892,33.85313],[36.24405,33.85115],[36.23868,33.8422],[36.23915,33.82772],[36.23576,33.82832],[36.23119,33.82082],[36.22806,33.81992],[36.21984,33.82099],[36.21143,33.82975],[36.19908,33.83381],[36.19578,33.8409],[36.19084,33.84336],[36.182,33.83849],[36.17478,33.83856],[36.1706,33.83459],[36.15126,33.83192],[36.14697,33.82871],[36.13545,33.83595],[36.12772,33.83196],[36.11835,33.83108],[36.11001,33.82304],[36.10245,33.8198],[36.1098,33.78515],[36.12218,33.77921],[36.13313,33.76527],[36.14858,33.76377],[36.1799,33.76597],[36.18414,33.7692],[36.18543,33.77772],[36.21332,33.77075],[36.25462,33.76422],[36.27582,33.78034],[36.28023,33.80508],[36.27736,33.84196],[36.2796,33.84803],[36.26761,33.85084],[36.26044,33.84931],[36.24892,33.85313]]]]}},{"type":"Feature","properties":{"pcode":"SY030800","name":"مركز قطنا","district":"قطنا","gov":"ريف دمشق","POP2004":146344,"mh_mean":0.6427,"seis_mean":0.7591,"flood_mean":0.4087,"pop_dens":289.498,"frag_pct":0.0858,"old_pct":0.0541,"nonstd_pct":0.0003,"vuln_idx":0.2174,"risk_ahp":0.3833,"risk_class":2},"geometry":{"type":"MultiPolygon","coordinates":[[[[36.17046,33.56859],[36.16055,33.56513],[36.15561,33.55546],[36.13982,33.54993],[36.11222,33.5496],[36.10626,33.55143],[36.09143,33.56447],[36.07295,33.56336],[36.0497,33.56688],[36.01465,33.52318],[36.00876,33.52915],[36.00431,33.52999],[35.99831,33.53831],[35.98914,33.53406],[35.98817,33.53048],[35.97859,33.53016],[35.97934,33.5339],[35.97563,33.53444],[35.9727,33.53861],[35.96452,33.52511],[35.9621,33.52487],[35.96174,33.52109],[35.95836,33.52297],[35.95148,33.52108],[35.94938,33.52304],[35.94083,33.52117],[35.93304,33.51223],[35.93632,33.50633],[35.94266,33.50536],[35.95303,33.47585],[35.9503,33.47012],[35.94548,33.46891],[35.94547,33.46495],[35.94136,33.46204],[35.93859,33.46287],[35.93584,33.45362],[35.93111,33.45678],[35.92422,33.45568],[35.92257,33.45141],[35.915,33.44938],[35.91311,33.44581],[35.90122,33.44414],[35.89801,33.4417],[35.89854,33.43491],[35.8959,33.43178],[35.8887,33.42715],[35.88438,33.42818],[35.87474,33.42142],[35.85891,33.41703],[35.85681,33.41388],[35.84633,33.41275],[35.84297,33.40633],[35.82744,33.39758],[35.82164,33.39007],[35.87627,33.34263],[35.88163,33.34176],[35.88835,33.34543],[35.9023,33.37429],[35.91032,33.38272],[35.93698,33.39872],[35.95417,33.39669],[35.96657,33.40351],[35.97334,33.40405],[35.97701,33.40257],[35.99184,33.3862],[36.00575,33.38929],[36.0212,33.38836],[36.03078,33.38465],[36.04716,33.37445],[36.05828,33.3624],[36.09073,33.35066],[36.08424,33.33923],[36.09382,33.33304],[36.10636,33.33029],[36.10747,33.33624],[36.11714,33.34318],[36.11937,33.34938],[36.12342,33.35261],[36.13126,33.35285],[36.13225,33.35632],[36.12573,33.37323],[36.1273,33.37472],[36.14368,33.37113],[36.15555,33.37639],[36.15976,33.38159],[36.16224,33.40092],[36.16521,33.4029],[36.17884,33.39894],[36.18702,33.39126],[36.19669,33.3868],[36.20387,33.38704],[36.20982,33.39497],[36.20784,33.39993],[36.20065,33.40538],[36.19558,33.41796],[36.19644,33.42347],[36.21131,33.43735],[36.21056,33.44033],[36.19892,33.44429],[36.19446,33.45296],[36.18727,33.45792],[36.18483,33.46244],[36.18628,33.46808],[36.1776,33.47676],[36.16447,33.48171],[36.15833,33.49263],[36.16075,33.5003],[36.18763,33.51513],[36.18415,33.52143],[36.19227,33.54629],[36.17722,33.55367],[36.17046,33.56859]]]]}},{"type":"Feature","properties":{"pcode":"SY030801","name":"بيت جن","district":"قطنا","gov":"ريف دمشق","POP2004":15668,"mh_mean":0.559,"seis_mean":0.6499,"flood_mean":0.398,"pop_dens":98.0586,"frag_pct":0.0858,"old_pct":0.0541,"nonstd_pct":0.0003,"vuln_idx":0.1696,"risk_ahp":0.2985,"risk_class":1},"geometry":{"type":"MultiPolygon","coordinates":[[[[35.97088,33.40431],[35.95452,33.39674],[35.93678,33.39865],[35.90993,33.38244],[35.90219,33.37409],[35.88841,33.34551],[35.88181,33.34177],[35.87627,33.34263],[35.82164,33.39007],[35.82007,33.3877],[35.81557,33.36981],[35.81945,33.36563],[35.81927,33.3554],[35.8463,33.33658],[35.883,33.29931],[35.883,33.29683],[35.87192,33.29224],[35.8702,33.28995],[35.87173,33.28536],[35.86522,33.28096],[35.87459,33.2716],[35.88548,33.2542],[35.89543,33.25459],[35.90307,33.26108],[35.90992,33.26057],[35.92008,33.26663],[35.94092,33.26319],[35.95047,33.26567],[35.95754,33.26452],[35.96242,33.2608],[35.9631,33.28329],[35.98422,33.27599],[35.98962,33.27844],[35.99544,33.28583],[36.00532,33.2876],[36.0089,33.29044],[36.00915,33.30276],[36.00667,33.30461],[35.98566,33.30307],[35.97981,33.30789],[35.98096,33.31355],[35.98977,33.32027],[35.98613,33.33468],[35.99425,33.34613],[35.99043,33.35218],[35.97886,33.35622],[35.97577,33.36426],[35.98133,33.37631],[35.99184,33.3862],[35.97701,33.40257],[35.97088,33.40431]]]]}},{"type":"Feature","properties":{"pcode":"SY030802","name":"سعسع","district":"قطنا","gov":"ريف دمشق","POP2004":45233,"mh_mean":0.558,"seis_mean":0.5336,"flood_mean":0.555,"pop_dens":137.308,"frag_pct":0.0858,"old_pct":0.0541,"nonstd_pct":0.0003,"vuln_idx":0.1844,"risk_ahp":0.3107,"risk_class":1},"geometry":{"type":"MultiPolygon","coordinates":[[[[36.0212,33.38836],[36.00575,33.38929],[35.99184,33.3862],[35.98133,33.37631],[35.97577,33.36426],[35.97886,33.35622],[35.99043,33.35218],[35.99425,33.34613],[35.9861,33.33449],[35.98981,33.3204],[35.98072,33.31324],[35.98009,33.30719],[35.98566,33.30307],[36.00667,33.30461],[36.00915,33.30276],[36.00952,33.29236],[36.00604,33.28789],[35.99511,33.28563],[35.98973,33.27853],[35.98468,33.27607],[35.9787,33.27644],[35.9631,33.28329],[35.96242,33.2608],[35.96634,33.24943],[35.96596,33.23165],[35.95926,33.20756],[35.96284,33.2007],[35.9736,33.20183],[35.99452,33.19906],[35.99004,33.18463],[35.99291,33.18062],[35.98948,33.1588],[35.99884,33.16365],[36.00921,33.16419],[36.02515,33.15371],[36.03561,33.15386],[36.05074,33.15727],[36.05727,33.16172],[36.07007,33.16132],[36.07594,33.16326],[36.0795,33.16749],[36.07611,33.17661],[36.08023,33.1929],[36.08494,33.19617],[36.10955,33.19504],[36.12104,33.19836],[36.14473,33.19166],[36.15697,33.19734],[36.16577,33.21382],[36.15803,33.24356],[36.15084,33.26239],[36.14613,33.26784],[36.14682,33.27282],[36.16596,33.28359],[36.16843,33.29461],[36.16249,33.30427],[36.14093,33.31741],[36.13101,33.31493],[36.12194,33.32226],[36.11218,33.32385],[36.10636,33.33029],[36.09382,33.33304],[36.08424,33.33923],[36.09073,33.35066],[36.05828,33.3624],[36.04716,33.37445],[36.0212,33.38836]]]]}},{"type":"Feature","properties":{"pcode":"SY030900","name":"مركز داريا","district":"داريا","gov":"ريف دمشق","POP2004":131501,"mh_mean":0.661,"seis_mean":0.6773,"flood_mean":0.5419,"pop_dens":2746.4665,"frag_pct":0.0546,"old_pct":0.0308,"nonstd_pct":0.002,"vuln_idx":0.2954,"risk_ahp":0.4576,"risk_class":4},"geometry":{"type":"MultiPolygon","coordinates":[[[[36.19775,33.52553],[36.18415,33.52143],[36.18763,33.51513],[36.1672,33.50451],[36.15827,33.49658],[36.1605,33.48642],[36.16447,33.48171],[36.1776,33.47676],[36.18628,33.46808],[36.18483,33.46244],[36.18727,33.45792],[36.19446,33.45296],[36.19892,33.44429],[36.21056,33.44033],[36.2301,33.43904],[36.25558,33.44678],[36.28707,33.4429],[36.28771,33.45978],[36.28275,33.45861],[36.28317,33.4612],[36.27745,33.46515],[36.2789,33.47582],[36.27205,33.46999],[36.26634,33.46852],[36.24713,33.47608],[36.24329,33.48004],[36.22992,33.47161],[36.22517,33.47194],[36.2263,33.47003],[36.22226,33.46827],[36.21875,33.47236],[36.20698,33.46935],[36.20586,33.47315],[36.20966,33.47904],[36.20513,33.48564],[36.21025,33.48595],[36.20865,33.51596],[36.19925,33.5146],[36.19775,33.52553]]]]}},{"type":"Feature","properties":{"pcode":"SY030901","name":"صحنايا","district":"داريا","gov":"ريف دمشق","POP2004":44512,"mh_mean":0.6361,"seis_mean":0.6268,"flood_mean":0.5657,"pop_dens":1021.8268,"frag_pct":0.0546,"old_pct":0.0308,"nonstd_pct":0.002,"vuln_idx":0.2514,"risk_ahp":0.4086,"risk_class":3},"geometry":{"type":"MultiPolygon","coordinates":[[[[36.25926,33.44689],[36.24664,33.44537],[36.2301,33.43904],[36.21056,33.44033],[36.21131,33.43735],[36.19644,33.42347],[36.19558,33.41796],[36.20065,33.40538],[36.20784,33.39993],[36.20982,33.39497],[36.20635,33.38952],[36.22023,33.38234],[36.23857,33.3863],[36.23658,33.39151],[36.24427,33.39795],[36.25852,33.39829],[36.2759,33.39553],[36.29259,33.40241],[36.29507,33.40637],[36.29408,33.41554],[36.27301,33.43859],[36.27452,33.44366],[36.25926,33.44689]]]]}},{"type":"Feature","properties":{"pcode":"SY030902","name":"الحجر الأسود","district":"داريا","gov":"ريف دمشق","POP2004":84948,"mh_mean":0.6991,"seis_mean":0.6379,"flood_mean":0.6578,"pop_dens":17314.6099,"frag_pct":0.0546,"old_pct":0.0308,"nonstd_pct":0.002,"vuln_idx":0.3183,"risk_ahp":0.4974,"risk_class":4},"geometry":{"type":"MultiPolygon","coordinates":[[[[36.296,33.46507],[36.29907,33.4613],[36.28771,33.45978],[36.28707,33.4429],[36.29507,33.44107],[36.30724,33.44517],[36.31133,33.45489],[36.30711,33.46517],[36.30375,33.46474],[36.3032,33.46744],[36.296,33.46507]]]]}},{"type":"Feature","properties":{"pcode":"SY040100","name":"مركز حمص","district":"مركز حمص","gov":"حمص","POP2004":750501,"mh_mean":0.59,"seis_mean":0.5068,"flood_mean":0.6442,"pop_dens":1267.567,"frag_pct":0.1142,"old_pct":0.0679,"nonstd_pct":0.0017,"vuln_idx":0.3267,"risk_ahp":0.4358,"risk_class":3},"geometry":{"type":"MultiPolygon","coordinates":[[[[36.67113,34.84577],[36.66967,34.84037],[36.66209,34.83586],[36.65691,34.82477],[36.65596,34.80666],[36.64686,34.80032],[36.64538,34.79323],[36.64773,34.76923],[36.65823,34.7542],[36.6546,34.74531],[36.65494,34.73648],[36.66194,34.72825],[36.65726,34.72081],[36.65982,34.715],[36.6518,34.7049],[36.65367,34.69739],[36.64655,34.69056],[36.63348,34.6913],[36.62755,34.68952],[36.62391,34.67807],[36.61793,34.67259],[36.61273,34.67144],[36.61968,34.66003],[36.61857,34.6488],[36.6081,34.64273],[36.59715,34.6427],[36.59586,34.63528],[36.5916,34.63221],[36.59432,34.62546],[36.60261,34.62251],[36.608,34.62786],[36.6167,34.6282],[36.62362,34.62642],[36.62568,34.6222],[36.63106,34.61909],[36.63721,34.6182],[36.64361,34.61932],[36.6477,34.626],[36.66007,34.62183],[36.67033,34.60515],[36.67794,34.60009],[36.68671,34.59926],[36.68608,34.604],[36.68986,34.606],[36.69689,34.62575],[36.70104,34.63298],[36.70456,34.63438],[36.71321,34.63049],[36.73595,34.62773],[36.73787,34.62495],[36.74941,34.62134],[36.75538,34.60958],[36.77545,34.6068],[36.77468,34.60206],[36.78199,34.598],[36.78374,34.59441],[36.79033,34.59581],[36.81821,34.59059],[36.82582,34.59097],[36.83707,34.58787],[36.83914,34.58224],[36.86097,34.58392],[36.86534,34.58148],[36.92586,34.5888],[36.92067,34.60482],[36.92369,34.63577],[36.91732,34.64792],[36.9117,34.66826],[36.93792,34.66253],[36.93868,34.66673],[36.94834,34.6727],[36.94706,34.68088],[36.9644,34.70301],[36.94959,34.70651],[36.94668,34.70517],[36.94909,34.69759],[36.92015,34.70813],[36.8955,34.72],[36.8866,34.72044],[36.88162,34.73381],[36.87359,34.78628],[36.84643,34.78215],[36.8441,34.78327],[36.84698,34.80676],[36.84304,34.81017],[36.83089,34.81135],[36.81719,34.82071],[36.81496,34.82591],[36.81662,34.83236],[36.73692,34.82664],[36.72591,34.8312],[36.69531,34.81664],[36.6867,34.82167],[36.68926,34.82947],[36.68668,34.83616],[36.67998,34.84322],[36.67113,34.84577]]]]}},{"type":"Feature","properties":{"pcode":"SY040101","name":"تلدو","district":"مركز حمص","gov":"حمص","POP2004":71503,"mh_mean":0.6875,"seis_mean":0.5911,"flood_mean":0.6998,"pop_dens":370.1137,"frag_pct":0.1142,"old_pct":0.0679,"nonstd_pct":0.0017,"vuln_idx":0.2721,"risk_ahp":0.4537,"risk_class":4},"geometry":{"type":"MultiPolygon","coordinates":[[[[36.52387,34.95433],[36.50621,34.95254],[36.49967,34.94692],[36.48799,34.94224],[36.48491,34.93941],[36.48683,34.92431],[36.47101,34.91966],[36.46065,34.92005],[36.46328,34.89934],[36.46707,34.89795],[36.46748,34.89412],[36.46647,34.88234],[36.45946,34.88075],[36.45824,34.87214],[36.46983,34.86673],[36.48206,34.87616],[36.48455,34.88074],[36.4888,34.87934],[36.49173,34.87451],[36.49057,34.86637],[36.49599,34.86599],[36.4998,34.86307],[36.50302,34.86485],[36.50874,34.86409],[36.51689,34.86939],[36.53406,34.87263],[36.53979,34.86145],[36.53808,34.85747],[36.53064,34.85498],[36.52864,34.85026],[36.52521,34.85076],[36.52419,34.83952],[36.46314,34.81051],[36.45798,34.79979],[36.46345,34.78827],[36.47354,34.78917],[36.48257,34.78625],[36.50227,34.79129],[36.50584,34.79513],[36.50576,34.809],[36.52079,34.81298],[36.52244,34.80518],[36.52821,34.8047],[36.52956,34.80108],[36.536,34.79824],[36.54289,34.79779],[36.53978,34.7883],[36.54125,34.78589],[36.54765,34.78795],[36.54892,34.79242],[36.56149,34.78975],[36.58767,34.79631],[36.59933,34.79438],[36.60563,34.80255],[36.61117,34.80368],[36.62656,34.79946],[36.64686,34.80032],[36.65596,34.80666],[36.65691,34.82477],[36.66209,34.83586],[36.66967,34.84037],[36.67113,34.84577],[36.64506,34.85067],[36.63978,34.86105],[36.62829,34.87309],[36.62924,34.87932],[36.62111,34.8789],[36.6168,34.88139],[36.618,34.88409],[36.61062,34.89152],[36.59441,34.90042],[36.59067,34.90859],[36.58995,34.92495],[36.58591,34.92181],[36.57288,34.91982],[36.57456,34.91171],[36.5723,34.90089],[36.56814,34.8967],[36.55677,34.89255],[36.55869,34.89537],[36.55155,34.90006],[36.55169,34.91165],[36.54397,34.91466],[36.54033,34.92344],[36.51794,34.92337],[36.5198,34.93191],[36.53592,34.94072],[36.53321,34.94901],[36.52387,34.95433]]]]}},{"type":"Feature","properties":{"pcode":"SY040102","name":"خربة تين نور","district":"مركز حمص","gov":"حمص","POP2004":52496,"mh_mean":0.6523,"seis_mean":0.57,"flood_mean":0.6672,"pop_dens":198.2202,"frag_pct":0.1142,"old_pct":0.0679,"nonstd_pct":0.0017,"vuln_idx":0.2445,"risk_ahp":0.4117,"risk_class":3},"geometry":{"type":"MultiPolygon","coordinates":[[[[36.5209,34.81249],[36.50576,34.809],[36.5047,34.79274],[36.48257,34.78625],[36.47729,34.76274],[36.4715,34.71315],[36.46526,34.70359],[36.46677,34.69452],[36.45238,34.68957],[36.44839,34.68263],[36.43678,34.67506],[36.43679,34.66938],[36.44407,34.65362],[36.44425,34.627],[36.4534,34.6329],[36.45565,34.64262],[36.45995,34.64422],[36.47389,34.64227],[36.48559,34.63175],[36.48826,34.63265],[36.4879,34.6408],[36.49177,34.64095],[36.49305,34.64311],[36.49585,34.64021],[36.50098,34.64013],[36.50391,34.62961],[36.50808,34.62791],[36.51252,34.63725],[36.50801,34.63967],[36.51038,34.64348],[36.50891,34.6457],[36.51326,34.64573],[36.50833,34.65113],[36.51259,34.65293],[36.51886,34.64913],[36.52284,34.65267],[36.51644,34.66055],[36.51155,34.66057],[36.51235,34.6653],[36.50809,34.668],[36.51273,34.66987],[36.50714,34.67442],[36.51568,34.67249],[36.51513,34.66943],[36.51829,34.667],[36.52275,34.66596],[36.52608,34.6686],[36.52673,34.66581],[36.52259,34.66059],[36.52521,34.65637],[36.53532,34.66427],[36.53472,34.66611],[36.53669,34.66537],[36.53444,34.65886],[36.53708,34.64675],[36.54385,34.64586],[36.55352,34.65343],[36.5618,34.65277],[36.56828,34.65687],[36.57408,34.65539],[36.58728,34.66251],[36.59579,34.66248],[36.5983,34.66534],[36.60703,34.66486],[36.60945,34.66959],[36.6131,34.66865],[36.61273,34.67144],[36.61793,34.67259],[36.62391,34.67807],[36.62755,34.68952],[36.63348,34.6913],[36.64655,34.69056],[36.65367,34.69739],[36.6518,34.7049],[36.65982,34.715],[36.65726,34.72081],[36.66194,34.72825],[36.65494,34.73648],[36.6546,34.74531],[36.65823,34.7542],[36.64773,34.76923],[36.64538,34.79323],[36.64686,34.80032],[36.62656,34.79946],[36.61117,34.80368],[36.60563,34.80255],[36.59933,34.79438],[36.58767,34.79631],[36.56149,34.78975],[36.54892,34.79242],[36.54765,34.78795],[36.54125,34.78589],[36.53978,34.7883],[36.54289,34.79779],[36.536,34.79824],[36.52956,34.80108],[36.52821,34.8047],[36.52244,34.80518],[36.5209,34.81249]]]]}},{"type":"Feature","properties":{"pcode":"SY040103","name":"عين النسر","district":"مركز حمص","gov":"حمص","POP2004":30267,"mh_mean":0.4933,"seis_mean":0.4037,"flood_mean":0.6149,"pop_dens":114.1317,"frag_pct":0.1142,"old_pct":0.0679,"nonstd_pct":0.0017,"vuln_idx":0.2201,"risk_ahp":0.2994,"risk_class":1},"geometry":{"type":"MultiPolygon","coordinates":[[[[36.90458,34.93189],[36.89992,34.92895],[36.89779,34.90838],[36.87531,34.90629],[36.84136,34.89962],[36.83897,34.89671],[36.84663,34.88384],[36.84568,34.88051],[36.82467,34.84186],[36.81662,34.83236],[36.81496,34.82591],[36.81719,34.82071],[36.83089,34.81135],[36.84304,34.81017],[36.84698,34.80676],[36.8441,34.78327],[36.84643,34.78215],[36.87359,34.78628],[36.88162,34.73381],[36.8866,34.72044],[36.8955,34.72],[36.92015,34.70813],[36.94909,34.69759],[36.94668,34.70517],[36.94959,34.70651],[36.9644,34.70301],[36.97554,34.71738],[36.97533,34.72948],[36.96403,34.74689],[36.96841,34.75143],[37.00977,34.76998],[36.99553,34.79574],[36.98256,34.80807],[36.98317,34.82295],[36.97369,34.83892],[36.97987,34.84691],[36.98251,34.86325],[36.99366,34.86698],[36.98656,34.87504],[36.97022,34.88342],[36.97611,34.91176],[36.97077,34.92538],[36.96217,34.92119],[36.96417,34.91282],[36.96159,34.9087],[36.92709,34.90046],[36.91757,34.91333],[36.91355,34.9275],[36.90853,34.92771],[36.90458,34.93189]]]]}},{"type":"Feature","properties":{"pcode":"SY040104","name":"الفرقلس","district":"مركز حمص","gov":"حمص","POP2004":13506,"mh_mean":0.4958,"seis_mean":0.487,"flood_mean":0.5105,"pop_dens":19.7813,"frag_pct":0.1142,"old_pct":0.0679,"nonstd_pct":0.0017,"vuln_idx":0.144,"risk_ahp":0.2435,"risk_class":1},"geometry":{"type":"MultiPolygon","coordinates":[[[[36.97554,34.71738],[36.94706,34.68088],[36.94834,34.6727],[36.93868,34.66673],[36.93792,34.66253],[36.9117,34.66826],[36.91732,34.64792],[36.92369,34.63577],[36.92067,34.60482],[36.92246,34.5951],[36.92793,34.58475],[36.95288,34.59042],[36.95638,34.59484],[36.96496,34.59706],[36.98246,34.59707],[36.98597,34.59431],[36.98757,34.58409],[36.99777,34.5678],[36.98971,34.55745],[36.98698,34.54099],[36.99143,34.5374],[37.0153,34.53189],[37.01691,34.51586],[37.02458,34.50555],[37.04396,34.50621],[37.04914,34.51147],[37.06846,34.51231],[37.10332,34.50643],[37.13661,34.47772],[37.14463,34.4804],[37.14319,34.49378],[37.14906,34.4984],[37.14906,34.51254],[37.15673,34.51743],[37.18362,34.51657],[37.18464,34.533],[37.20442,34.54869],[37.22382,34.51428],[37.19471,34.51454],[37.19002,34.5014],[37.19709,34.48944],[37.17962,34.48067],[37.19107,34.46258],[37.26969,34.48424],[37.2579,34.5102],[37.27099,34.52714],[37.2794,34.52452],[37.28983,34.5111],[37.31032,34.51783],[37.32005,34.53389],[37.31501,34.53505],[37.31332,34.54381],[37.31487,34.55006],[37.30789,34.59839],[37.35056,34.60951],[37.3798,34.60573],[37.38964,34.64852],[37.39695,34.65053],[37.39902,34.65699],[37.40654,34.66099],[37.41741,34.65882],[37.42326,34.66028],[37.43999,34.65122],[37.44626,34.65195],[37.45409,34.66081],[37.42874,34.69082],[37.41759,34.68623],[37.39419,34.68367],[37.37078,34.69092],[37.362,34.69164],[37.36054,34.68782],[37.35302,34.68274],[37.34842,34.68237],[37.34654,34.68836],[37.33453,34.68792],[37.27488,34.66344],[37.25364,34.66042],[37.23091,34.66616],[37.2237,34.6587],[37.22371,34.64903],[37.21868,34.64434],[37.19569,34.64433],[37.18692,34.64033],[37.17981,34.64214],[37.17646,34.64758],[37.16726,34.65266],[37.17937,34.66682],[37.18729,34.68607],[37.17599,34.69695],[37.16972,34.69694],[37.1555,34.70637],[37.14966,34.69584],[37.14507,34.69293],[37.12626,34.68893],[37.11221,34.69371],[37.10114,34.69011],[37.09599,34.68444],[37.09598,34.67166],[37.09138,34.66839],[37.08511,34.66948],[37.07925,34.67419],[37.05878,34.67018],[37.04498,34.67235],[37.02743,34.66617],[37.00612,34.66361],[36.99484,34.65961],[36.97644,34.6625],[36.97309,34.66686],[36.97642,34.68682],[36.9739,34.69699],[36.97554,34.71738]]]]}},{"type":"Feature","properties":{"pcode":"SY040105","name":"الرقاما","district":"مركز حمص","gov":"حمص","POP2004":20602,"mh_mean":0.5156,"seis_mean":0.4863,"flood_mean":0.5449,"pop_dens":43.4903,"frag_pct":0.1142,"old_pct":0.0679,"nonstd_pct":0.0017,"vuln_idx":0.1778,"risk_ahp":0.2821,"risk_class":1},"geometry":{"type":"MultiPolygon","coordinates":[[[[36.98392,34.59592],[36.96496,34.59706],[36.95638,34.59484],[36.95288,34.59042],[36.9392,34.58848],[36.93316,34.58488],[36.92793,34.58475],[36.92586,34.5888],[36.86534,34.58148],[36.86097,34.58392],[36.83914,34.58224],[36.83707,34.58787],[36.82582,34.59097],[36.81821,34.59059],[36.79033,34.59581],[36.78374,34.59441],[36.7854,34.57213],[36.80671,34.50275],[36.81714,34.49086],[36.82537,34.49543],[36.85609,34.4599],[36.8475,34.45438],[36.83314,34.43195],[36.83788,34.41143],[36.85719,34.39776],[36.88795,34.39763],[36.9204,34.42123],[36.92651,34.41289],[36.92093,34.40557],[36.91808,34.39007],[36.94959,34.3868],[36.99793,34.37777],[37.08002,34.37329],[37.08515,34.38071],[37.09606,34.40929],[37.02942,34.40544],[37.04289,34.41436],[37.05983,34.43535],[37.09603,34.45943],[37.10558,34.47698],[37.11142,34.50071],[37.10332,34.50643],[37.06846,34.51231],[37.04914,34.51147],[37.04396,34.50621],[37.02458,34.50555],[37.01691,34.51586],[37.0153,34.53189],[36.99143,34.5374],[36.98698,34.54099],[36.98971,34.55745],[36.99777,34.5678],[36.98757,34.58409],[36.98392,34.59592]]]]}},{"type":"Feature","properties":{"pcode":"SY040106","name":"القريتين","district":"مركز حمص","gov":"حمص","POP2004":16795,"mh_mean":0.5151,"seis_mean":0.5092,"flood_mean":0.5119,"pop_dens":4.492,"frag_pct":0.1142,"old_pct":0.0679,"nonstd_pct":0.0017,"vuln_idx":0.098,"risk_ahp":0.2092,"risk_class":1},"geometry":{"type":"MultiPolygon","coordinates":[[[[37.39695,34.65053],[37.38964,34.64852],[37.3798,34.60573],[37.35056,34.60951],[37.30789,34.59839],[37.31487,34.55006],[37.31332,34.54381],[37.31501,34.53505],[37.32005,34.53389],[37.31032,34.51783],[37.28983,34.5111],[37.2794,34.52452],[37.27099,34.52714],[37.2579,34.5102],[37.26969,34.48424],[37.19107,34.46258],[37.17962,34.48067],[37.19709,34.48944],[37.19002,34.5014],[37.19471,34.51454],[37.22382,34.51428],[37.20442,34.54869],[37.18464,34.533],[37.18362,34.51657],[37.15673,34.51743],[37.14906,34.51254],[37.14906,34.4984],[37.14319,34.49378],[37.14463,34.4804],[37.14165,34.4786],[37.13661,34.47772],[37.11117,34.50072],[37.10558,34.47698],[37.09603,34.45943],[37.05983,34.43535],[37.04289,34.41436],[37.02942,34.40544],[37.19168,34.41586],[37.22779,34.41452],[37.26524,34.4065],[37.24785,34.37012],[37.24892,34.36424],[37.23742,34.32973],[37.23796,34.32278],[37.23261,34.31047],[37.23234,34.30298],[37.22592,34.29362],[37.17724,34.26286],[37.1529,34.25189],[37.1002,34.2008],[37.06383,34.15908],[37.03975,34.13661],[37.01969,34.09916],[37.00498,34.08899],[36.98478,34.0705],[36.95125,34.04966],[36.97077,34.03808],[36.98379,34.03334],[36.99681,34.02086],[37.01871,34.02087],[37.00851,33.95963],[37.00921,33.94001],[37.19097,33.93865],[37.29572,33.93159],[37.39622,33.95683],[37.42269,33.9522],[37.45279,33.96919],[37.48383,33.98113],[37.55176,33.98746],[37.59206,33.98446],[37.60172,33.98079],[37.61062,33.96981],[37.63199,33.97534],[37.69035,33.96841],[37.75194,33.97091],[37.66505,34.41418],[37.67264,34.47511],[37.71856,34.47404],[37.74787,34.49621],[37.73001,34.50506],[37.70508,34.51229],[37.70196,34.51558],[37.69969,34.53087],[37.70108,34.54607],[37.69482,34.55719],[37.68223,34.56258],[37.66365,34.56019],[37.64338,34.54976],[37.4929,34.61405],[37.43959,34.63343],[37.40029,34.64284],[37.39611,34.64792],[37.39695,34.65053]]]]}},{"type":"Feature","properties":{"pcode":"SY040107","name":"مهين","district":"مركز حمص","gov":"حمص","POP2004":13511,"mh_mean":0.6217,"seis_mean":0.6664,"flood_mean":0.4865,"pop_dens":28.7567,"frag_pct":0.1142,"old_pct":0.0679,"nonstd_pct":0.0017,"vuln_idx":0.1599,"risk_ahp":0.3195,"risk_class":2},"geometry":{"type":"MultiPolygon","coordinates":[[[[37.19226,34.41585],[37.09606,34.40929],[37.08515,34.38071],[37.08111,34.37724],[37.07071,34.35442],[37.06955,34.34518],[37.05713,34.32206],[37.05771,34.31715],[37.02593,34.30358],[37.01802,34.30772],[37.00453,34.3059],[37.004,34.29526],[36.99156,34.28567],[36.97451,34.25273],[36.99733,34.18427],[36.94331,34.13227],[36.96585,34.11349],[37.00581,34.08957],[37.01969,34.09916],[37.03975,34.13661],[37.06383,34.15908],[37.1002,34.2008],[37.1529,34.25189],[37.17724,34.26286],[37.22592,34.29362],[37.23234,34.30298],[37.23261,34.31047],[37.23796,34.32278],[37.23742,34.32973],[37.24892,34.36424],[37.24785,34.37012],[37.26524,34.4065],[37.22779,34.41452],[37.19226,34.41585]]]]}},{"type":"Feature","properties":{"pcode":"SY040108","name":"حسياء","district":"مركز حمص","gov":"حمص","POP2004":15195,"mh_mean":0.4587,"seis_mean":0.4852,"flood_mean":0.4427,"pop_dens":19.7016,"frag_pct":0.1142,"old_pct":0.0679,"nonstd_pct":0.0017,"vuln_idx":0.1438,"risk_ahp":0.2228,"risk_class":1},"geometry":{"type":"MultiPolygon","coordinates":[[[[36.78596,34.571],[36.74698,34.56937],[36.74527,34.56755],[36.74855,34.55389],[36.7254,34.53303],[36.70232,34.53363],[36.68995,34.52698],[36.69022,34.51182],[36.68742,34.50251],[36.6806,34.49962],[36.67087,34.4821],[36.66651,34.48129],[36.65895,34.48676],[36.65941,34.48084],[36.65541,34.4791],[36.65419,34.47379],[36.65061,34.47249],[36.64221,34.47526],[36.63624,34.47406],[36.63983,34.46489],[36.63664,34.46023],[36.63372,34.45936],[36.62041,34.46676],[36.60805,34.4605],[36.601,34.4484],[36.5867,34.44542],[36.58744,34.43258],[36.58455,34.42907],[36.58192,34.40056],[36.57002,34.38378],[36.56178,34.38298],[36.55526,34.35679],[36.54469,34.34627],[36.54838,34.3338],[36.56267,34.32698],[36.56306,34.32315],[36.55965,34.32059],[36.55893,34.31599],[36.56689,34.31208],[36.5721,34.31219],[36.57652,34.30785],[36.58789,34.31045],[36.59824,34.3045],[36.60102,34.29902],[36.60196,34.29191],[36.59702,34.28616],[36.59329,34.28371],[36.58882,34.28659],[36.58627,34.28217],[36.58311,34.28166],[36.59126,34.27455],[36.59283,34.26772],[36.58864,34.26182],[36.59067,34.25904],[36.58955,34.25195],[36.58435,34.24718],[36.58531,34.23741],[36.58217,34.23008],[36.59143,34.22219],[36.66286,34.23377],[36.69474,34.22452],[36.75067,34.2301],[36.75972,34.23556],[36.79432,34.24151],[36.79519,34.24523],[36.81143,34.26358],[36.83046,34.27043],[36.84655,34.28064],[36.84915,34.30798],[36.83669,34.31767],[36.83983,34.33402],[36.85633,34.34642],[36.87418,34.35621],[36.91399,34.36787],[36.92093,34.40557],[36.92651,34.41289],[36.9204,34.42123],[36.88795,34.39763],[36.85719,34.39776],[36.83788,34.41143],[36.83314,34.43195],[36.8475,34.45438],[36.85609,34.4599],[36.82537,34.49543],[36.81714,34.49086],[36.80671,34.50275],[36.78596,34.571]]]]}},{"type":"Feature","properties":{"pcode":"SY040109","name":"صدد","district":"مركز حمص","gov":"حمص","POP2004":4092,"mh_mean":0.5178,"seis_mean":0.5183,"flood_mean":0.5064,"pop_dens":10.8564,"frag_pct":0.1142,"old_pct":0.0679,"nonstd_pct":0.0017,"vuln_idx":0.119,"risk_ahp":0.2318,"risk_class":1},"geometry":{"type":"MultiPolygon","coordinates":[[[[36.94959,34.3868],[36.91808,34.39007],[36.91399,34.36787],[36.87418,34.35621],[36.85633,34.34642],[36.83983,34.33402],[36.83669,34.31767],[36.84915,34.30798],[36.84655,34.28064],[36.83046,34.27043],[36.81143,34.26358],[36.79519,34.24523],[36.79331,34.2262],[36.81977,34.22184],[36.8235,34.21904],[36.82541,34.20585],[36.84809,34.19445],[36.85618,34.18791],[36.86334,34.18542],[36.87203,34.18769],[36.88059,34.18505],[36.90069,34.18574],[36.92309,34.16492],[36.94331,34.13227],[36.99733,34.18427],[36.97451,34.25273],[36.99156,34.28567],[37.004,34.29526],[37.00453,34.3059],[37.01802,34.30772],[37.02593,34.30358],[37.05771,34.31715],[37.05713,34.32206],[37.06955,34.34518],[37.07071,34.35442],[37.08002,34.37329],[36.99793,34.37777],[36.94959,34.3868]]]]}},{"type":"Feature","properties":{"pcode":"SY040110","name":"القبو","district":"مركز حمص","gov":"حمص","POP2004":18636,"mh_mean":0.6891,"seis_mean":0.7191,"flood_mean":0.5395,"pop_dens":262.3698,"frag_pct":0.1142,"old_pct":0.0679,"nonstd_pct":0.0017,"vuln_idx":0.2569,"risk_ahp":0.4417,"risk_class":3},"geometry":{"type":"MultiPolygon","coordinates":[[[[36.45978,34.87986],[36.43842,34.87209],[36.42794,34.87071],[36.42465,34.87311],[36.41979,34.86914],[36.41235,34.86751],[36.3993,34.85738],[36.39427,34.85867],[36.38226,34.85509],[36.38117,34.86664],[36.36573,34.87497],[36.36069,34.86946],[36.3589,34.86326],[36.37083,34.85494],[36.38757,34.84911],[36.39328,34.84462],[36.39014,34.83501],[36.39902,34.82888],[36.39542,34.8227],[36.41566,34.81353],[36.44662,34.81902],[36.45283,34.82219],[36.46406,34.81241],[36.46314,34.81051],[36.52419,34.83952],[36.52521,34.85076],[36.52864,34.85026],[36.53064,34.85498],[36.53808,34.85747],[36.53979,34.86145],[36.53406,34.87263],[36.51689,34.86939],[36.50874,34.86409],[36.50302,34.86485],[36.4998,34.86307],[36.49599,34.86599],[36.49057,34.86637],[36.49173,34.87451],[36.4888,34.87934],[36.48455,34.88074],[36.48206,34.87616],[36.46983,34.86673],[36.45824,34.87214],[36.45978,34.87986]]]]}},{"type":"Feature","properties":{"pcode":"SY040111","name":"شين","district":"مركز حمص","gov":"حمص","POP2004":27951,"mh_mean":0.6749,"seis_mean":0.7831,"flood_mean":0.4389,"pop_dens":227.36,"frag_pct":0.1142,"old_pct":0.0679,"nonstd_pct":0.0017,"vuln_idx":0.2505,"risk_ahp":0.4288,"risk_class":3},"geometry":{"type":"MultiPolygon","coordinates":[[[[36.29833,34.91594],[36.29759,34.91804],[36.28369,34.91451],[36.28526,34.91025],[36.28274,34.89758],[36.26654,34.88577],[36.26708,34.87352],[36.27151,34.86895],[36.28881,34.86345],[36.30353,34.86831],[36.31084,34.87816],[36.32588,34.88079],[36.32971,34.87754],[36.32814,34.874],[36.31507,34.86417],[36.32514,34.86087],[36.32888,34.84683],[36.33201,34.84468],[36.33835,34.84577],[36.3413,34.83893],[36.36239,34.84702],[36.3734,34.84574],[36.36096,34.8373],[36.35459,34.81834],[36.36997,34.81335],[36.37404,34.80438],[36.36912,34.79459],[36.37799,34.78485],[36.36388,34.77301],[36.3643,34.76655],[36.36889,34.76344],[36.37843,34.76793],[36.38345,34.7669],[36.38672,34.74537],[36.39437,34.73395],[36.39782,34.73352],[36.40439,34.73869],[36.4114,34.74953],[36.43474,34.74913],[36.43268,34.7383],[36.43444,34.73344],[36.43876,34.73025],[36.44821,34.73502],[36.4473,34.70929],[36.46526,34.70359],[36.4715,34.71315],[36.47729,34.76274],[36.48257,34.78625],[36.47354,34.78917],[36.46345,34.78827],[36.45798,34.79979],[36.46406,34.81241],[36.45283,34.82219],[36.44662,34.81902],[36.41566,34.81353],[36.39542,34.8227],[36.39902,34.82888],[36.39014,34.83501],[36.39328,34.84462],[36.38757,34.84911],[36.37083,34.85494],[36.3589,34.86326],[36.35316,34.85804],[36.34272,34.8568],[36.33741,34.86782],[36.33979,34.87436],[36.33231,34.88594],[36.33013,34.88606],[36.33053,34.88959],[36.32835,34.88974],[36.32499,34.88519],[36.32187,34.88569],[36.32456,34.89574],[36.32,34.8937],[36.31724,34.89768],[36.31451,34.8959],[36.31466,34.89834],[36.31056,34.8998],[36.30666,34.90586],[36.29964,34.90769],[36.30179,34.9159],[36.29833,34.91594]]]]}},{"type":"Feature","properties":{"pcode":"SY040200","name":"مركز القصير","district":"القصير","gov":"حمص","POP2004":108102,"mh_mean":0.6311,"seis_mean":0.5512,"flood_mean":0.6562,"pop_dens":179.5628,"frag_pct":0.12,"old_pct":0.0412,"nonstd_pct":0.0048,"vuln_idx":0.2384,"risk_ahp":0.3952,"risk_class":3},"geometry":{"type":"MultiPolygon","coordinates":[[[[36.5077,34.67423],[36.51273,34.66987],[36.50809,34.668],[36.51235,34.6653],[36.51155,34.66057],[36.51644,34.66055],[36.52284,34.65267],[36.51886,34.64913],[36.51259,34.65293],[36.50833,34.65113],[36.51326,34.64573],[36.50891,34.6457],[36.51038,34.64348],[36.50801,34.63967],[36.51252,34.63725],[36.50818,34.628],[36.50391,34.62961],[36.50086,34.64025],[36.49585,34.64021],[36.49305,34.64311],[36.49177,34.64095],[36.4879,34.6408],[36.48826,34.63265],[36.48559,34.63175],[36.47389,34.64227],[36.45995,34.64422],[36.45565,34.64262],[36.4534,34.6329],[36.46173,34.63478],[36.46269,34.63019],[36.45802,34.59715],[36.45364,34.59029],[36.43176,34.59295],[36.4247,34.60487],[36.4126,34.60959],[36.40718,34.60866],[36.40375,34.6039],[36.4073,34.60079],[36.40217,34.59223],[36.40057,34.57213],[36.41022,34.56373],[36.4111,34.55731],[36.39194,34.54346],[36.37534,34.53822],[36.35935,34.52944],[36.33585,34.52417],[36.3338,34.51847],[36.33674,34.51281],[36.33521,34.50277],[36.35187,34.50182],[36.36018,34.49727],[36.36624,34.49689],[36.36964,34.50028],[36.37649,34.49948],[36.38133,34.50382],[36.38552,34.50141],[36.38664,34.49714],[36.40237,34.50047],[36.40924,34.5054],[36.42284,34.49911],[36.44147,34.50625],[36.44631,34.50604],[36.44772,34.48416],[36.44938,34.48111],[36.45813,34.48124],[36.45975,34.47953],[36.46473,34.46293],[36.48641,34.45789],[36.49786,34.44878],[36.50819,34.44907],[36.51387,34.44386],[36.50932,34.43936],[36.51281,34.4407],[36.51488,34.43393],[36.51692,34.43693],[36.52198,34.43476],[36.52404,34.42681],[36.52972,34.43284],[36.53358,34.42997],[36.53265,34.4265],[36.54976,34.41854],[36.55612,34.41232],[36.5581,34.40277],[36.55475,34.39025],[36.52871,34.37014],[36.53653,34.36372],[36.54469,34.34627],[36.55526,34.35679],[36.56178,34.38298],[36.57002,34.38378],[36.58192,34.40056],[36.58455,34.42907],[36.58744,34.43258],[36.5867,34.44542],[36.601,34.4484],[36.60805,34.4605],[36.62041,34.46676],[36.63372,34.45936],[36.63664,34.46023],[36.63983,34.46489],[36.63624,34.47406],[36.64221,34.47526],[36.65061,34.47249],[36.65419,34.47379],[36.65541,34.4791],[36.65941,34.48084],[36.65895,34.48676],[36.66651,34.48129],[36.67087,34.4821],[36.6806,34.49962],[36.68742,34.50251],[36.69022,34.51182],[36.68995,34.52698],[36.70232,34.53363],[36.7254,34.53303],[36.74855,34.55389],[36.74527,34.56755],[36.74698,34.56937],[36.78596,34.571],[36.78493,34.58365],[36.78374,34.59441],[36.78199,34.598],[36.77468,34.60206],[36.77545,34.6068],[36.75538,34.60958],[36.74941,34.62134],[36.73787,34.62495],[36.73595,34.62773],[36.71321,34.63049],[36.70456,34.63438],[36.70104,34.63298],[36.68986,34.606],[36.68608,34.604],[36.68671,34.59926],[36.67794,34.60009],[36.67033,34.60515],[36.66007,34.62183],[36.6477,34.626],[36.64361,34.61932],[36.63721,34.6182],[36.63106,34.61909],[36.62568,34.6222],[36.62362,34.62642],[36.6167,34.6282],[36.608,34.62786],[36.60261,34.62251],[36.59432,34.62546],[36.5916,34.63221],[36.59586,34.63528],[36.59715,34.6427],[36.60402,34.64181],[36.61266,34.64411],[36.61978,34.65126],[36.61968,34.66003],[36.61352,34.6688],[36.60945,34.66959],[36.60673,34.66475],[36.5983,34.66534],[36.59579,34.66248],[36.58439,34.66159],[36.57431,34.65544],[36.56828,34.65687],[36.5618,34.65277],[36.55352,34.65343],[36.54341,34.64582],[36.53708,34.64675],[36.53444,34.65886],[36.53669,34.66537],[36.53472,34.66611],[36.53532,34.66427],[36.52521,34.65637],[36.52259,34.66059],[36.52517,34.66226],[36.52616,34.66852],[36.52275,34.66596],[36.51829,34.667],[36.51513,34.66943],[36.51568,34.67249],[36.5077,34.67423]]]]}},{"type":"Feature","properties":{"pcode":"SY040300","name":"مركز تلكلخ","district":"تلكلخ","gov":"حمص","POP2004":62069,"mh_mean":0.7408,"seis_mean":0.7056,"flood_mean":0.6424,"pop_dens":287.9562,"frag_pct":0.1425,"old_pct":0.1064,"nonstd_pct":0.004,"vuln_idx":0.3395,"risk_ahp":0.5379,"risk_class":4},"geometry":{"type":"MultiPolygon","coordinates":[[[[36.18028,34.76317],[36.1702,34.7591],[36.16039,34.74443],[36.15449,34.74246],[36.15019,34.73611],[36.14505,34.73463],[36.15127,34.72393],[36.14765,34.69998],[36.12724,34.68988],[36.12515,34.67966],[36.12901,34.66458],[36.11586,34.64693],[36.11744,34.63771],[36.12234,34.64192],[36.1271,34.64214],[36.14012,34.63439],[36.16147,34.63347],[36.17097,34.62845],[36.17524,34.62883],[36.17708,34.6329],[36.1895,34.63734],[36.19962,34.6371],[36.21168,34.63077],[36.21958,34.63026],[36.22637,34.62564],[36.22759,34.62969],[36.23747,34.62723],[36.23676,34.63219],[36.24102,34.63154],[36.24394,34.63626],[36.24695,34.63324],[36.2614,34.63056],[36.26555,34.62678],[36.27156,34.62966],[36.27777,34.6281],[36.28411,34.63249],[36.28833,34.6301],[36.29708,34.63462],[36.30397,34.64566],[36.30514,34.65249],[36.30869,34.65505],[36.30304,34.6675],[36.31089,34.68252],[36.3166,34.68333],[36.32107,34.6895],[36.32909,34.68905],[36.33481,34.69134],[36.33135,34.72366],[36.32009,34.72748],[36.30659,34.73645],[36.28771,34.74149],[36.28169,34.74682],[36.27978,34.75217],[36.27783,34.74935],[36.25821,34.74781],[36.24687,34.75278],[36.24088,34.7594],[36.2318,34.76069],[36.22735,34.75554],[36.21509,34.7502],[36.20976,34.74523],[36.20443,34.74611],[36.20461,34.75216],[36.20123,34.7566],[36.18637,34.75612],[36.18028,34.76317]]]]}},{"type":"Feature","properties":{"pcode":"SY040301","name":"حديدة","district":"تلكلخ","gov":"حمص","POP2004":25998,"mh_mean":0.7397,"seis_mean":0.7195,"flood_mean":0.6212,"pop_dens":221.6811,"frag_pct":0.1425,"old_pct":0.1064,"nonstd_pct":0.004,"vuln_idx":0.3279,"risk_ahp":0.5281,"risk_class":4},"geometry":{"type":"MultiPolygon","coordinates":[[[[36.37905,34.7678],[36.34945,34.73235],[36.34262,34.72948],[36.3406,34.72399],[36.33135,34.72366],[36.33495,34.69203],[36.33936,34.69195],[36.34065,34.68842],[36.3441,34.68953],[36.35027,34.68423],[36.35581,34.68309],[36.35486,34.67465],[36.35028,34.67114],[36.35146,34.66632],[36.34935,34.66357],[36.35955,34.64728],[36.36203,34.6473],[36.36547,34.64253],[36.37109,34.64173],[36.38116,34.63345],[36.39093,34.63017],[36.40205,34.63764],[36.41924,34.62382],[36.43193,34.62229],[36.44425,34.627],[36.44407,34.65362],[36.43679,34.66938],[36.43678,34.67506],[36.44839,34.68263],[36.45238,34.68957],[36.46677,34.69452],[36.46702,34.69905],[36.46526,34.70359],[36.4473,34.70929],[36.44821,34.73502],[36.43876,34.73025],[36.43444,34.73344],[36.43268,34.7383],[36.43474,34.74913],[36.4114,34.74953],[36.40439,34.73869],[36.39782,34.73352],[36.39437,34.73395],[36.38672,34.74537],[36.38345,34.7669],[36.37905,34.7678]]]]}},{"type":"Feature","properties":{"pcode":"SY040303","name":"الناصرة","district":"تلكلخ","gov":"حمص","POP2004":16678,"mh_mean":0.7005,"seis_mean":0.8106,"flood_mean":0.4518,"pop_dens":250.0045,"frag_pct":0.1425,"old_pct":0.1064,"nonstd_pct":0.004,"vuln_idx":0.3333,"risk_ahp":0.5098,"risk_class":4},"geometry":{"type":"MultiPolygon","coordinates":[[[[36.31508,34.86418],[36.30953,34.85652],[36.28485,34.83763],[36.26928,34.80733],[36.25954,34.80392],[36.2592,34.80155],[36.24419,34.79428],[36.21996,34.78909],[36.20809,34.78288],[36.19944,34.77395],[36.18028,34.76317],[36.18637,34.75612],[36.20123,34.7566],[36.20461,34.75216],[36.20443,34.74611],[36.20976,34.74523],[36.21509,34.7502],[36.22735,34.75554],[36.2318,34.76069],[36.24088,34.7594],[36.24687,34.75278],[36.25821,34.74781],[36.26911,34.7488],[36.26622,34.76471],[36.27981,34.76696],[36.28773,34.77048],[36.29109,34.77553],[36.30989,34.77291],[36.30271,34.78562],[36.30771,34.78938],[36.32081,34.78636],[36.32706,34.7969],[36.31956,34.80698],[36.32056,34.82691],[36.32658,34.83017],[36.31577,34.84857],[36.32242,34.85318],[36.32188,34.85868],[36.32514,34.86087],[36.31508,34.86418]]]]}},{"type":"Feature","properties":{"pcode":"SY040304","name":"الحواش","district":"تلكلخ","gov":"حمص","POP2004":24684,"mh_mean":0.757,"seis_mean":0.8389,"flood_mean":0.5257,"pop_dens":345.0015,"frag_pct":0.1425,"old_pct":0.1064,"nonstd_pct":0.004,"vuln_idx":0.3475,"risk_ahp":0.5535,"risk_class":5},"geometry":{"type":"MultiPolygon","coordinates":[[[[36.32514,34.86087],[36.32188,34.85868],[36.32242,34.85318],[36.31577,34.84857],[36.32658,34.83017],[36.32056,34.82691],[36.31956,34.80698],[36.32706,34.7969],[36.32534,34.79289],[36.32081,34.78636],[36.30771,34.78938],[36.30271,34.78562],[36.30989,34.77291],[36.29109,34.77553],[36.28773,34.77048],[36.27685,34.76571],[36.26622,34.76471],[36.26596,34.76255],[36.26911,34.7488],[36.27783,34.74935],[36.27978,34.75217],[36.28169,34.74682],[36.28771,34.74149],[36.30659,34.73645],[36.32009,34.72748],[36.33135,34.72366],[36.3406,34.72399],[36.34262,34.72948],[36.34945,34.73235],[36.37843,34.76793],[36.36889,34.76344],[36.3643,34.76655],[36.36388,34.77301],[36.37799,34.78485],[36.36912,34.79459],[36.37404,34.80438],[36.36997,34.81335],[36.35459,34.81834],[36.36096,34.8373],[36.3734,34.84574],[36.36239,34.84702],[36.3413,34.83893],[36.33835,34.84577],[36.33201,34.84468],[36.32888,34.84683],[36.32514,34.86087]]]]}},{"type":"Feature","properties":{"pcode":"SY040400","name":"مركز الرستن","district":"الرستن","gov":"حمص","POP2004":64022,"mh_mean":0.606,"seis_mean":0.5105,"flood_mean":0.6666,"pop_dens":516.7437,"frag_pct":0.0928,"old_pct":0.064,"nonstd_pct":0.0005,"vuln_idx":0.26,"risk_ahp":0.3982,"risk_class":3},"geometry":{"type":"MultiPolygon","coordinates":[[[[36.89854,34.97766],[36.88438,34.97075],[36.86988,34.96932],[36.86711,34.9728],[36.85445,34.96853],[36.84978,34.97045],[36.83165,34.95765],[36.82738,34.95659],[36.82492,34.95882],[36.82234,34.95616],[36.81699,34.95933],[36.81404,34.95838],[36.81539,34.94977],[36.7969,34.94315],[36.79278,34.94301],[36.79311,34.94572],[36.78576,34.94525],[36.78205,34.94943],[36.77118,34.94946],[36.76657,34.94675],[36.76316,34.93738],[36.75943,34.9343],[36.75259,34.93404],[36.75154,34.93991],[36.74611,34.94089],[36.74263,34.9395],[36.74254,34.9328],[36.73636,34.93138],[36.73467,34.94257],[36.72019,34.9462],[36.71552,34.93997],[36.70834,34.93552],[36.69629,34.93813],[36.68809,34.93466],[36.66663,34.91455],[36.65997,34.91256],[36.65848,34.90568],[36.65454,34.90437],[36.63405,34.9018],[36.63017,34.90319],[36.62619,34.90945],[36.61104,34.90858],[36.61135,34.90463],[36.60246,34.90368],[36.59805,34.90966],[36.609,34.91232],[36.60876,34.9172],[36.60645,34.91699],[36.60409,34.92461],[36.5978,34.92449],[36.5969,34.92721],[36.58995,34.92495],[36.59067,34.90859],[36.59441,34.90042],[36.61062,34.89152],[36.618,34.88409],[36.6168,34.88139],[36.62111,34.8789],[36.63922,34.88083],[36.64341,34.87248],[36.65011,34.86704],[36.66182,34.86596],[36.67938,34.86887],[36.68424,34.87978],[36.69108,34.88777],[36.68438,34.89431],[36.68573,34.89879],[36.69525,34.90231],[36.70569,34.91176],[36.72787,34.9056],[36.72327,34.89869],[36.7237,34.89433],[36.73039,34.89216],[36.76051,34.89073],[36.7743,34.90164],[36.77722,34.91472],[36.78474,34.92235],[36.81777,34.93255],[36.82865,34.93292],[36.82696,34.94418],[36.82905,34.94926],[36.84244,34.94891],[36.84737,34.95462],[36.85707,34.95637],[36.8781,34.95106],[36.89934,34.93714],[36.90853,34.92771],[36.91355,34.9275],[36.91757,34.91333],[36.92709,34.90046],[36.96159,34.9087],[36.96417,34.91282],[36.96217,34.92119],[36.97077,34.92538],[36.97052,34.92735],[36.9578,34.92782],[36.94369,34.94084],[36.93985,34.95007],[36.92325,34.96681],[36.91312,34.97571],[36.89854,34.97766]]]]}},{"type":"Feature","properties":{"pcode":"SY040401","name":"تلبيسة","district":"الرستن","gov":"حمص","POP2004":63784,"mh_mean":0.595,"seis_mean":0.4844,"flood_mean":0.6818,"pop_dens":382.2066,"frag_pct":0.0928,"old_pct":0.064,"nonstd_pct":0.0005,"vuln_idx":0.2466,"risk_ahp":0.3815,"risk_class":2},"geometry":{"type":"MultiPolygon","coordinates":[[[[36.85707,34.95637],[36.84737,34.95462],[36.84244,34.94891],[36.82905,34.94926],[36.82696,34.94418],[36.82865,34.93292],[36.81777,34.93255],[36.78474,34.92235],[36.77722,34.91472],[36.7743,34.90164],[36.76051,34.89073],[36.73039,34.89216],[36.7237,34.89433],[36.72327,34.89869],[36.72787,34.9056],[36.70569,34.91176],[36.69525,34.90231],[36.68573,34.89879],[36.68438,34.89431],[36.69108,34.88777],[36.68424,34.87978],[36.67938,34.86887],[36.66182,34.86596],[36.65011,34.86704],[36.64341,34.87248],[36.63922,34.88083],[36.62924,34.87932],[36.62829,34.87309],[36.63978,34.86105],[36.64506,34.85067],[36.67998,34.84322],[36.68668,34.83616],[36.68926,34.82947],[36.6867,34.82167],[36.69531,34.81664],[36.72591,34.8312],[36.73692,34.82664],[36.81655,34.8323],[36.82467,34.84186],[36.84568,34.88051],[36.84663,34.88384],[36.83897,34.89671],[36.84136,34.89962],[36.87531,34.90629],[36.89779,34.90838],[36.89922,34.91004],[36.89992,34.92895],[36.90422,34.93227],[36.88285,34.94853],[36.85707,34.95637]]]]}},{"type":"Feature","properties":{"pcode":"SY040500","name":"مركز تدمر","district":"تدمر","gov":"حمص","POP2004":55062,"mh_mean":0.4243,"seis_mean":0.3344,"flood_mean":0.5883,"pop_dens":3.2534,"frag_pct":0.2862,"old_pct":0.089,"nonstd_pct":0.0912,"vuln_idx":0.3144,"risk_ahp":0.2985,"risk_class":1},"geometry":{"type":"MultiPolygon","coordinates":[[[[38.33489,35.05845],[38.3296,35.06189],[38.27008,35.04235],[38.25054,35.03791],[38.17827,35.01351],[38.16076,35.00551],[38.13427,34.98399],[38.0901,34.90785],[38.05726,34.88196],[38.04633,34.89018],[38.01261,34.92974],[37.99807,34.94199],[37.95487,34.9734],[37.92243,34.98821],[37.9178,34.98847],[37.91445,34.98556],[37.88917,34.95434],[37.87286,34.94086],[37.85819,34.91816],[37.84595,34.90681],[37.85168,34.89334],[37.85415,34.87633],[37.85212,34.85896],[37.86435,34.83212],[37.87342,34.78807],[37.87509,34.7505],[37.81926,34.66343],[37.78155,34.62175],[37.72381,34.56541],[37.70108,34.54607],[37.69969,34.53087],[37.70196,34.51558],[37.70508,34.51229],[37.73001,34.50506],[37.74787,34.49621],[37.71856,34.47404],[37.67264,34.47511],[37.66757,34.4452],[37.66505,34.41418],[37.75194,33.97091],[37.69035,33.96841],[37.63199,33.97534],[37.61062,33.96981],[37.61371,33.95848],[37.60938,33.94649],[37.60405,33.94183],[37.60388,33.93733],[37.61104,33.92351],[37.6207,33.91785],[37.65567,33.90953],[37.70418,33.90191],[38.26937,33.8361],[38.93344,33.7597],[39.1163,33.54255],[39.82685,33.90692],[39.15726,34.34986],[39.13361,34.35237],[39.11761,34.34712],[39.0784,34.34509],[39.04934,34.33969],[38.87832,34.33225],[38.82087,34.32617],[38.82477,34.48515],[38.81668,34.48705],[38.78434,34.56451],[38.77058,34.58985],[38.73191,34.6271],[38.73448,34.63754],[38.74048,34.64052],[38.75419,34.66364],[38.75675,34.68004],[38.7516,34.68638],[38.74642,34.7065],[38.72149,34.74152],[38.64588,34.82012],[38.61838,34.85215],[38.578,34.88045],[38.56937,34.92518],[38.56504,34.96692],[38.56588,34.98034],[38.50234,35.00564],[38.49976,35.00415],[38.46456,35.01083],[38.37611,35.04581],[38.33489,35.05845]]]]}},{"type":"Feature","properties":{"pcode":"SY040501","name":"السخنة","district":"تدمر","gov":"حمص","POP2004":21880,"mh_mean":0.3966,"seis_mean":0.2436,"flood_mean":0.6602,"pop_dens":1.6292,"frag_pct":0.2862,"old_pct":0.089,"nonstd_pct":0.0912,"vuln_idx":0.3144,"risk_ahp":0.271,"risk_class":1},"geometry":{"type":"MultiPolygon","coordinates":[[[[38.57532,35.39887],[38.44254,35.39661],[38.45002,35.29388],[38.43413,35.24409],[38.42626,35.22772],[38.39817,35.18986],[38.37921,35.17613],[38.33893,35.15479],[38.32231,35.12358],[38.32905,35.10124],[38.34041,35.08951],[38.34973,35.08498],[38.34886,35.07965],[38.3296,35.06189],[38.33489,35.05845],[38.37611,35.04581],[38.46456,35.01083],[38.49976,35.00415],[38.50234,35.00564],[38.56588,34.98034],[38.56504,34.96692],[38.56937,34.92518],[38.578,34.88045],[38.61838,34.85215],[38.64588,34.82012],[38.72149,34.74152],[38.74642,34.7065],[38.7516,34.68638],[38.75675,34.68004],[38.75419,34.66364],[38.74048,34.64052],[38.73448,34.63754],[38.73191,34.6271],[38.77058,34.58985],[38.78434,34.56451],[38.81668,34.48705],[38.82477,34.48515],[38.82087,34.32617],[38.87832,34.33225],[39.04934,34.33969],[39.0784,34.34509],[39.11761,34.34712],[39.13361,34.35237],[39.15726,34.34986],[39.82685,33.90692],[40.23266,34.1118],[39.59963,34.91803],[39.41638,35.16245],[39.29738,35.25086],[39.24493,35.27797],[39.20427,35.28866],[39.20069,35.29381],[39.20191,35.30455],[39.19896,35.3137],[39.18234,35.32321],[39.15545,35.32758],[39.14281,35.32723],[39.13431,35.32397],[38.87133,35.37107],[38.57532,35.39887]]]]}},{"type":"Feature","properties":{"pcode":"SY040600","name":"المخرم","district":"المخرم","gov":"حمص","POP2004":32447,"mh_mean":0.4675,"seis_mean":0.4516,"flood_mean":0.5082,"pop_dens":59.1803,"frag_pct":0.3041,"old_pct":0.0963,"nonstd_pct":0.006,"vuln_idx":0.3755,"risk_ahp":0.3681,"risk_class":2},"geometry":{"type":"MultiPolygon","coordinates":[[[[37.1352,34.91861],[37.1138,34.91318],[37.11136,34.9088],[37.10141,34.91105],[37.08119,34.90636],[37.05849,34.89462],[37.0147,34.86529],[36.99543,34.86337],[36.99366,34.86698],[36.98251,34.86325],[36.97987,34.84691],[36.97369,34.83892],[36.98317,34.82295],[36.98256,34.80807],[36.99553,34.79574],[37.00977,34.76998],[36.96841,34.75143],[36.96403,34.74689],[36.97533,34.72948],[36.9739,34.69699],[36.97642,34.68682],[36.97267,34.67303],[36.97309,34.66686],[36.97644,34.6625],[36.99484,34.65961],[37.00612,34.66361],[37.02743,34.66617],[37.04498,34.67235],[37.05878,34.67018],[37.07925,34.67419],[37.08511,34.66948],[37.09138,34.66839],[37.09598,34.67166],[37.09599,34.68444],[37.10114,34.69011],[37.11221,34.69371],[37.12626,34.68893],[37.14507,34.69293],[37.14966,34.69584],[37.1555,34.70637],[37.16972,34.69694],[37.17599,34.69695],[37.18621,34.68708],[37.20542,34.7],[37.20928,34.71045],[37.20712,34.7168],[37.21099,34.71904],[37.21571,34.72707],[37.21527,34.7323],[37.22472,34.73939],[37.22355,34.74436],[37.23158,34.75396],[37.23773,34.74773],[37.24733,34.74585],[37.23991,34.75803],[37.24561,34.7664],[37.26036,34.77563],[37.26681,34.77638],[37.28915,34.7889],[37.29343,34.80384],[37.27666,34.80644],[37.2642,34.8012],[37.25861,34.80978],[37.23657,34.82193],[37.23493,34.8428],[37.22934,34.84989],[37.21858,34.85772],[37.20525,34.86219],[37.20308,34.88534],[37.19834,34.89355],[37.20317,34.90204],[37.20209,34.90671],[37.19188,34.9109],[37.16421,34.90074],[37.15764,34.90844],[37.15227,34.91029],[37.14824,34.91849],[37.1352,34.91861]]]]}},{"type":"Feature","properties":{"pcode":"SY040601","name":"جب الجراح","district":"المخرم","gov":"حمص","POP2004":19621,"mh_mean":0.49,"seis_mean":0.5048,"flood_mean":0.4768,"pop_dens":7.958,"frag_pct":0.3041,"old_pct":0.0963,"nonstd_pct":0.006,"vuln_idx":0.2908,"risk_ahp":0.3416,"risk_class":2},"geometry":{"type":"MultiPolygon","coordinates":[[[[37.80705,35.10443],[37.78767,35.1036],[37.71252,35.09134],[37.70275,35.06059],[37.68887,35.03004],[37.64153,34.97078],[37.58447,34.95429],[37.54414,34.93676],[37.52183,34.95358],[37.49859,34.95343],[37.49637,34.96348],[37.48954,34.96915],[37.47167,34.97306],[37.43369,34.97371],[37.42055,34.97653],[37.40492,34.9733],[37.38641,34.97976],[37.38381,34.97491],[37.35619,34.97774],[37.34043,34.97477],[37.33665,34.97278],[37.32747,34.95965],[37.3087,34.95764],[37.30253,34.95175],[37.30767,34.94015],[37.29047,34.93644],[37.28274,34.91424],[37.25572,34.92002],[37.23476,34.91207],[37.22758,34.92956],[37.21858,34.93561],[37.2073,34.93258],[37.19086,34.93818],[37.1862,34.93734],[37.1804,34.93267],[37.17678,34.93284],[37.17231,34.92092],[37.15764,34.90844],[37.16421,34.90074],[37.19188,34.9109],[37.20209,34.90671],[37.20317,34.90204],[37.19834,34.89355],[37.20308,34.88534],[37.20525,34.86219],[37.21858,34.85772],[37.23493,34.8428],[37.23657,34.82193],[37.25861,34.80978],[37.2642,34.8012],[37.27666,34.80644],[37.29343,34.80384],[37.28915,34.7889],[37.26681,34.77638],[37.26036,34.77563],[37.24947,34.76981],[37.24139,34.76179],[37.23991,34.75803],[37.24733,34.74585],[37.23773,34.74773],[37.23158,34.75396],[37.22355,34.74436],[37.22472,34.73939],[37.21527,34.7323],[37.21571,34.72707],[37.21099,34.71904],[37.20712,34.7168],[37.20928,34.71045],[37.20542,34.7],[37.18621,34.68708],[37.18646,34.68026],[37.18229,34.67191],[37.16726,34.65266],[37.17646,34.64758],[37.17981,34.64214],[37.18692,34.64033],[37.19569,34.64433],[37.21868,34.64434],[37.22371,34.64903],[37.2237,34.6587],[37.23091,34.66616],[37.25364,34.66042],[37.27488,34.66344],[37.33453,34.68792],[37.34654,34.68836],[37.34842,34.68237],[37.35302,34.68274],[37.36054,34.68782],[37.362,34.69164],[37.37078,34.69092],[37.39419,34.68367],[37.41759,34.68623],[37.42874,34.69082],[37.45409,34.66081],[37.44626,34.65195],[37.43999,34.65122],[37.42326,34.66028],[37.41741,34.65882],[37.40654,34.66099],[37.39902,34.65699],[37.39611,34.64792],[37.40029,34.64284],[37.43959,34.63343],[37.4929,34.61405],[37.64338,34.54976],[37.66365,34.56019],[37.68223,34.56258],[37.69482,34.55719],[37.70108,34.54607],[37.72381,34.56541],[37.78155,34.62175],[37.81926,34.66343],[37.87509,34.7505],[37.87342,34.78807],[37.86435,34.83212],[37.85212,34.85896],[37.85415,34.87633],[37.85168,34.89334],[37.84595,34.90681],[37.85819,34.91816],[37.87286,34.94086],[37.88917,34.95434],[37.9178,34.98847],[37.90993,35.004],[37.90463,35.039],[37.88649,35.05947],[37.86824,35.06789],[37.85421,35.07131],[37.83865,35.08024],[37.80705,35.10443]]]]}},{"type":"Feature","properties":{"pcode":"SY050100","name":"مركز حماة","district":"مركز حماة","gov":"حماة","POP2004":467807,"mh_mean":0.6161,"seis_mean":0.5252,"flood_mean":0.6649,"pop_dens":537.6068,"frag_pct":0.2221,"old_pct":0.1032,"nonstd_pct":0.0014,"vuln_idx":0.3937,"risk_ahp":0.4973,"risk_class":4},"geometry":{"type":"MultiPolygon","coordinates":[[[[36.88304,35.30194],[36.83934,35.29751],[36.83957,35.29519],[36.82667,35.29039],[36.82611,35.28479],[36.81972,35.28294],[36.81597,35.27663],[36.80947,35.27389],[36.81258,35.26169],[36.81215,35.24936],[36.79829,35.24816],[36.79397,35.22607],[36.78734,35.21945],[36.78788,35.2145],[36.79378,35.21148],[36.78993,35.20465],[36.78294,35.20098],[36.76517,35.19896],[36.75719,35.20588],[36.75026,35.20795],[36.75054,35.21245],[36.73214,35.20506],[36.73382,35.21303],[36.73055,35.21811],[36.68869,35.18718],[36.68457,35.19018],[36.68297,35.18505],[36.67789,35.18457],[36.68201,35.19461],[36.67901,35.19381],[36.67624,35.196],[36.67362,35.19349],[36.67031,35.1968],[36.67223,35.20273],[36.67506,35.20364],[36.67324,35.20615],[36.67634,35.20829],[36.67266,35.20829],[36.67196,35.21069],[36.66918,35.21064],[36.67031,35.20808],[36.66598,35.20813],[36.66496,35.21759],[36.66074,35.21946],[36.66053,35.21721],[36.65732,35.21657],[36.65631,35.22282],[36.65303,35.22497],[36.65054,35.22431],[36.65036,35.22097],[36.64291,35.2218],[36.64178,35.21386],[36.63868,35.21187],[36.63994,35.20709],[36.62625,35.19676],[36.64484,35.18604],[36.66218,35.17235],[36.65996,35.16868],[36.66295,35.15916],[36.64172,35.16554],[36.6313,35.16273],[36.62613,35.16349],[36.62249,35.16792],[36.61615,35.16604],[36.61459,35.17396],[36.61097,35.17664],[36.60282,35.17635],[36.60259,35.18142],[36.58733,35.18051],[36.58388,35.18424],[36.57778,35.18573],[36.56941,35.18369],[36.56267,35.17761],[36.55766,35.17767],[36.55513,35.1813],[36.5491,35.18253],[36.54847,35.18043],[36.53606,35.17774],[36.53077,35.17759],[36.52226,35.18139],[36.50602,35.17641],[36.50714,35.16599],[36.50319,35.16355],[36.49916,35.15463],[36.49262,35.15008],[36.48545,35.15026],[36.48001,35.14542],[36.4749,35.14476],[36.47349,35.14096],[36.48812,35.13967],[36.49477,35.14185],[36.49849,35.13433],[36.4978,35.1263],[36.49403,35.12079],[36.49954,35.11598],[36.5171,35.11202],[36.51801,35.11046],[36.50953,35.10885],[36.50845,35.10672],[36.52321,35.09911],[36.52912,35.08507],[36.53372,35.0794],[36.53731,35.07855],[36.52762,35.05951],[36.52786,35.05346],[36.53333,35.04866],[36.53617,35.03382],[36.54533,35.02811],[36.55584,35.03305],[36.58819,35.0375],[36.59376,35.04817],[36.61443,35.04918],[36.62222,35.04709],[36.63035,35.03124],[36.64066,35.02645],[36.64302,35.02192],[36.64545,35.02389],[36.666,35.02548],[36.677,35.02333],[36.68096,35.01291],[36.685,35.01121],[36.6841,35.00623],[36.68884,34.99423],[36.71254,34.99699],[36.71799,34.98068],[36.73069,34.98055],[36.73258,34.97165],[36.72541,34.96929],[36.72393,34.94641],[36.73467,34.94257],[36.73636,34.93138],[36.74254,34.9328],[36.74263,34.9395],[36.74611,34.94089],[36.75154,34.93991],[36.75259,34.93404],[36.75989,34.93439],[36.76657,34.94675],[36.77118,34.94946],[36.78205,34.94943],[36.78576,34.94525],[36.79311,34.94572],[36.79278,34.94301],[36.7969,34.94315],[36.81539,34.94977],[36.81404,34.95838],[36.81699,34.95933],[36.82234,34.95616],[36.82492,34.95882],[36.82738,34.95659],[36.83165,34.95765],[36.84978,34.97045],[36.85445,34.96853],[36.86711,34.9728],[36.86988,34.96932],[36.88438,34.97075],[36.89854,34.97766],[36.90889,34.97761],[36.9105,34.99],[36.90401,35.00159],[36.90458,35.00455],[36.90994,35.00629],[36.90738,35.01629],[36.9089,35.0195],[36.9053,35.02004],[36.90175,35.02815],[36.90761,35.02922],[36.8876,35.0516],[36.87669,35.05414],[36.8771,35.05762],[36.8724,35.06218],[36.87572,35.06372],[36.87616,35.06923],[36.88606,35.0701],[36.88877,35.07231],[36.88109,35.08555],[36.87539,35.08454],[36.87297,35.09962],[36.87487,35.10173],[36.88984,35.10319],[36.91448,35.09601],[36.91084,35.11467],[36.90792,35.11892],[36.91331,35.12036],[36.91452,35.1229],[36.91436,35.12972],[36.91695,35.13205],[36.91945,35.14507],[36.90859,35.146],[36.90192,35.14323],[36.89655,35.1452],[36.89356,35.16046],[36.90485,35.16778],[36.90345,35.17452],[36.91513,35.17721],[36.94807,35.17852],[36.94836,35.18081],[36.94701,35.18625],[36.92389,35.18445],[36.92305,35.18857],[36.90382,35.18817],[36.90302,35.21012],[36.89964,35.21199],[36.89079,35.21174],[36.88558,35.22291],[36.89033,35.22687],[36.89461,35.236],[36.8889,35.23569],[36.88604,35.25131],[36.89085,35.25965],[36.88589,35.26352],[36.88391,35.27296],[36.88566,35.27814],[36.89167,35.27759],[36.88955,35.28438],[36.8921,35.29244],[36.88304,35.30194]]]]}},{"type":"Feature","properties":{"pcode":"SY050101","name":"صوران","district":"مركز حماة","gov":"حماة","POP2004":91471,"mh_mean":0.5576,"seis_mean":0.4552,"flood_mean":0.6566,"pop_dens":194.9564,"frag_pct":0.2221,"old_pct":0.1032,"nonstd_pct":0.0014,"vuln_idx":0.3488,"risk_ahp":0.427,"risk_class":3},"geometry":{"type":"MultiPolygon","coordinates":[[[[36.7945,35.41314],[36.7899,35.40766],[36.74573,35.40314],[36.69625,35.40298],[36.67546,35.40511],[36.67044,35.39955],[36.65707,35.39623],[36.65582,35.39034],[36.65054,35.3849],[36.65127,35.37703],[36.666,35.37893],[36.67202,35.34927],[36.67464,35.3496],[36.6759,35.34638],[36.67932,35.34666],[36.67717,35.34252],[36.66785,35.33644],[36.67115,35.32334],[36.675,35.32261],[36.6751,35.31811],[36.6703,35.31557],[36.66779,35.31768],[36.66427,35.31714],[36.6625,35.31167],[36.6658,35.31168],[36.6663,35.30959],[36.65911,35.31124],[36.65422,35.30691],[36.64778,35.30555],[36.64047,35.29518],[36.63619,35.29703],[36.62594,35.29658],[36.62572,35.29317],[36.6303,35.2925],[36.63064,35.28525],[36.63552,35.28181],[36.63792,35.27079],[36.64577,35.26876],[36.64371,35.26445],[36.64568,35.25619],[36.65033,35.25865],[36.65008,35.25415],[36.65767,35.25029],[36.65222,35.23659],[36.65292,35.23086],[36.64787,35.22885],[36.65631,35.22282],[36.65732,35.21657],[36.66053,35.21721],[36.66074,35.21946],[36.66496,35.21759],[36.66598,35.20813],[36.67031,35.20808],[36.66918,35.21064],[36.67196,35.21069],[36.67266,35.20829],[36.67634,35.20829],[36.67324,35.20615],[36.67506,35.20364],[36.67223,35.20273],[36.67031,35.1968],[36.67362,35.19349],[36.67624,35.196],[36.67901,35.19381],[36.68201,35.19461],[36.67789,35.18457],[36.68297,35.18505],[36.68457,35.19018],[36.68869,35.18718],[36.73055,35.21811],[36.73382,35.21303],[36.73214,35.20506],[36.75054,35.21245],[36.75026,35.20795],[36.75719,35.20588],[36.76517,35.19896],[36.78783,35.20315],[36.79378,35.21148],[36.78788,35.2145],[36.78764,35.22141],[36.79397,35.22607],[36.79829,35.24816],[36.81215,35.24936],[36.81258,35.26169],[36.80947,35.27389],[36.81597,35.27663],[36.81972,35.28294],[36.82611,35.28479],[36.82667,35.29039],[36.83957,35.29519],[36.83934,35.29751],[36.88132,35.30258],[36.89321,35.29265],[36.94149,35.29537],[36.93983,35.30393],[36.9326,35.30399],[36.9319,35.30767],[36.97235,35.31406],[36.97515,35.31264],[36.97698,35.30148],[36.97955,35.29895],[36.99002,35.299],[36.99003,35.30199],[36.99637,35.30651],[36.99536,35.31509],[36.97968,35.31484],[36.98084,35.32073],[36.98891,35.32294],[36.9881,35.33617],[36.9935,35.33853],[36.99806,35.34704],[36.99763,35.3501],[36.99184,35.35451],[36.98464,35.35557],[36.98238,35.36841],[36.96286,35.35716],[36.95104,35.35486],[36.95187,35.36588],[36.94817,35.38041],[36.92701,35.38362],[36.89564,35.37818],[36.8786,35.38246],[36.88034,35.39077],[36.87756,35.40231],[36.86093,35.41214],[36.83877,35.41349],[36.81425,35.41065],[36.7945,35.41314]]]]}},{"type":"Feature","properties":{"pcode":"SY050102","name":"حربنفسه","district":"مركز حماة","gov":"حماة","POP2004":52563,"mh_mean":0.6429,"seis_mean":0.5516,"flood_mean":0.6757,"pop_dens":169.2531,"frag_pct":0.2221,"old_pct":0.1032,"nonstd_pct":0.0014,"vuln_idx":0.3425,"risk_ahp":0.4813,"risk_class":4},"geometry":{"type":"MultiPolygon","coordinates":[[[[36.5057,35.06149],[36.50232,35.05585],[36.48916,35.04773],[36.47962,35.04871],[36.47794,35.05236],[36.47223,35.05353],[36.46254,35.04917],[36.45422,35.04955],[36.4409,35.0461],[36.4392,35.04336],[36.44121,35.04006],[36.45099,35.03992],[36.46108,35.03492],[36.45979,35.0276],[36.45595,35.02468],[36.45465,35.01952],[36.46661,35.0152],[36.48243,35.021],[36.48112,35.01065],[36.47662,35.0106],[36.46827,35.00546],[36.46947,34.99416],[36.47279,34.99358],[36.47207,34.98912],[36.45351,34.98576],[36.43905,34.97253],[36.43454,34.97179],[36.4323,34.97506],[36.42773,34.97464],[36.42638,34.97199],[36.41375,34.96968],[36.41409,34.96589],[36.42162,34.96726],[36.43251,34.95862],[36.43461,34.95431],[36.43867,34.9532],[36.44424,34.94161],[36.43491,34.9393],[36.43415,34.93302],[36.43599,34.92563],[36.44072,34.92239],[36.47015,34.91957],[36.48683,34.92431],[36.48491,34.93941],[36.48799,34.94224],[36.49967,34.94692],[36.50621,34.95254],[36.52386,34.95433],[36.53321,34.94901],[36.53592,34.94072],[36.5198,34.93191],[36.51794,34.92337],[36.54033,34.92344],[36.54397,34.91466],[36.55169,34.91165],[36.55155,34.90006],[36.55869,34.89537],[36.55677,34.89255],[36.56814,34.8967],[36.5723,34.90089],[36.57456,34.91171],[36.57288,34.91982],[36.58591,34.92181],[36.58587,34.92362],[36.5969,34.92721],[36.5978,34.92449],[36.60409,34.92461],[36.60645,34.91699],[36.60876,34.9172],[36.609,34.91232],[36.59805,34.90966],[36.60246,34.90368],[36.61135,34.90463],[36.61104,34.90858],[36.62619,34.90945],[36.63017,34.90319],[36.63405,34.9018],[36.65454,34.90437],[36.65848,34.90568],[36.65997,34.91256],[36.66663,34.91455],[36.69109,34.9365],[36.69629,34.93813],[36.70834,34.93552],[36.71552,34.93997],[36.72019,34.9462],[36.72393,34.94641],[36.72541,34.96929],[36.73258,34.97165],[36.73069,34.98055],[36.71799,34.98068],[36.71254,34.99699],[36.68884,34.99423],[36.6841,35.00623],[36.685,35.01121],[36.68096,35.01291],[36.677,35.02333],[36.666,35.02548],[36.64545,35.02389],[36.64302,35.02192],[36.64066,35.02645],[36.63035,35.03124],[36.62222,35.04709],[36.61443,35.04918],[36.59376,35.04817],[36.58819,35.0375],[36.55584,35.03305],[36.54533,35.02811],[36.53617,35.03382],[36.53333,35.04866],[36.52786,35.05346],[36.52762,35.05951],[36.5057,35.06149]]]]}},{"type":"Feature","properties":{"pcode":"SY050103","name":"الحمراء","district":"مركز حماة","gov":"حماة","POP2004":32604,"mh_mean":0.3975,"seis_mean":0.2702,"flood_mean":0.6269,"pop_dens":36.0734,"frag_pct":0.2221,"old_pct":0.1032,"nonstd_pct":0.0014,"vuln_idx":0.2748,"risk_ahp":0.2541,"risk_class":1},"geometry":{"type":"MultiPolygon","coordinates":[[[[37.23414,35.56063],[37.22164,35.55873],[37.21947,35.54571],[37.21544,35.54418],[37.19905,35.54618],[37.19576,35.54233],[37.19531,35.53259],[37.18856,35.524],[37.18151,35.51734],[37.1636,35.51098],[37.16118,35.50452],[37.16147,35.48935],[37.143,35.45881],[37.12196,35.46663],[37.11695,35.47187],[37.10434,35.46857],[37.10154,35.45852],[37.10271,35.44697],[37.10671,35.44193],[37.10449,35.42886],[37.08901,35.41958],[37.07978,35.41087],[37.03864,35.40848],[37.03474,35.41183],[37.01725,35.41232],[37.0097,35.42721],[37.00499,35.43163],[37.00058,35.43226],[36.99506,35.42877],[36.98878,35.41311],[36.96749,35.40402],[36.95696,35.39526],[36.95453,35.38425],[36.94817,35.38041],[36.95187,35.36588],[36.95104,35.35486],[36.96286,35.35716],[36.98238,35.36841],[36.98464,35.35557],[36.99184,35.35451],[36.99763,35.3501],[36.99721,35.34274],[36.9881,35.33617],[36.98891,35.32294],[36.98084,35.32073],[36.97968,35.31484],[36.99536,35.31509],[36.99698,35.30795],[36.99003,35.30199],[36.99002,35.299],[36.99219,35.29926],[36.99592,35.28129],[37.00095,35.28209],[37.007,35.26342],[37.00275,35.26309],[37.00303,35.25721],[36.99668,35.25579],[36.99663,35.25204],[36.99182,35.25131],[36.99381,35.24197],[37.01601,35.24463],[37.01951,35.24047],[37.0399,35.2429],[37.03915,35.24711],[37.04777,35.24808],[37.09919,35.22853],[37.1192,35.22718],[37.12404,35.24155],[37.11814,35.24733],[37.1198,35.25155],[37.12853,35.25533],[37.13789,35.2537],[37.14372,35.25028],[37.1669,35.2549],[37.1567,35.26108],[37.14611,35.29248],[37.16666,35.29289],[37.1696,35.29475],[37.16955,35.29791],[37.18184,35.30428],[37.19805,35.29575],[37.21518,35.29925],[37.2145,35.30087],[37.23802,35.30438],[37.23826,35.30136],[37.2465,35.29527],[37.25941,35.306],[37.27398,35.30633],[37.28422,35.29995],[37.29497,35.30208],[37.29828,35.29715],[37.29845,35.29119],[37.30437,35.28488],[37.31362,35.28467],[37.31264,35.30383],[37.32275,35.30841],[37.34094,35.33526],[37.35138,35.32332],[37.35712,35.34303],[37.3618,35.34418],[37.3592,35.34573],[37.35976,35.35159],[37.36841,35.36973],[37.38217,35.37542],[37.38221,35.41736],[37.36773,35.43091],[37.36292,35.45138],[37.36964,35.46178],[37.37347,35.47517],[37.36854,35.47547],[37.36913,35.4784],[37.39938,35.48205],[37.41992,35.47458],[37.44336,35.45971],[37.4599,35.45539],[37.46473,35.45016],[37.46641,35.44273],[37.49168,35.45684],[37.49977,35.47512],[37.49636,35.498],[37.48499,35.51869],[37.4427,35.54756],[37.41699,35.55561],[37.38308,35.53618],[37.38546,35.50833],[37.36801,35.51534],[37.34613,35.50691],[37.33531,35.51586],[37.32774,35.51182],[37.32533,35.51611],[37.31386,35.52403],[37.32277,35.52739],[37.32459,35.54163],[37.30366,35.53939],[37.30031,35.54171],[37.3009,35.54677],[37.29853,35.54659],[37.28419,35.53934],[37.28316,35.53258],[37.2691,35.53313],[37.26056,35.53061],[37.2504,35.53339],[37.24253,35.55131],[37.23414,35.56063]]]]}},{"type":"Feature","properties":{"pcode":"SY050200","name":"مركز السقيلبية","district":"السقيلبية","gov":"حماة","POP2004":49686,"mh_mean":0.765,"seis_mean":0.7284,"flood_mean":0.6615,"pop_dens":221.1356,"frag_pct":0.2588,"old_pct":0.0555,"nonstd_pct":0.0104,"vuln_idx":0.3937,"risk_ahp":0.5938,"risk_class":5},"geometry":{"type":"MultiPolygon","coordinates":[[[[36.21932,35.45429],[36.20924,35.44776],[36.20786,35.44061],[36.21011,35.43504],[36.20555,35.41903],[36.21507,35.39731],[36.23418,35.37523],[36.22694,35.36125],[36.2296,35.35039],[36.23736,35.33994],[36.23781,35.33518],[36.23074,35.33441],[36.23258,35.31777],[36.24978,35.30996],[36.28339,35.30916],[36.28506,35.31172],[36.30661,35.32096],[36.30778,35.32668],[36.31397,35.32456],[36.32388,35.32492],[36.35416,35.33762],[36.35902,35.34159],[36.36018,35.33729],[36.36534,35.33621],[36.36101,35.33436],[36.36103,35.33082],[36.363,35.33302],[36.36535,35.33306],[36.36526,35.3306],[36.37223,35.33292],[36.37553,35.32921],[36.3776,35.32994],[36.3755,35.32212],[36.40474,35.3231],[36.42256,35.32734],[36.42564,35.30015],[36.43993,35.29725],[36.44669,35.29996],[36.45046,35.30649],[36.45189,35.31726],[36.46083,35.31582],[36.4695,35.33437],[36.47201,35.34717],[36.46984,35.36427],[36.45531,35.36385],[36.45871,35.37268],[36.46519,35.37491],[36.47079,35.38287],[36.47315,35.39185],[36.47061,35.41184],[36.46683,35.41738],[36.44489,35.41542],[36.45021,35.39859],[36.43716,35.38824],[36.41797,35.37984],[36.38943,35.3761],[36.38976,35.37823],[36.35755,35.38665],[36.31593,35.42425],[36.24565,35.43726],[36.22238,35.44937],[36.21932,35.45429]]]]}},{"type":"Feature","properties":{"pcode":"SY050201","name":"تلسلحب","district":"السقيلبية","gov":"حماة","POP2004":41480,"mh_mean":0.7204,"seis_mean":0.77,"flood_mean":0.5291,"pop_dens":204.382,"frag_pct":0.2588,"old_pct":0.0555,"nonstd_pct":0.0104,"vuln_idx":0.3902,"risk_ahp":0.5641,"risk_class":5},"geometry":{"type":"MultiPolygon","coordinates":[[[[36.35902,35.34159],[36.35416,35.33762],[36.32388,35.32492],[36.31397,35.32456],[36.30778,35.32668],[36.30661,35.32096],[36.28506,35.31172],[36.28339,35.30916],[36.24978,35.30996],[36.23258,35.31777],[36.23763,35.30766],[36.22642,35.25399],[36.23647,35.25094],[36.24406,35.2438],[36.244,35.23051],[36.2482,35.22018],[36.25504,35.21193],[36.2548,35.20383],[36.28327,35.18977],[36.30071,35.1899],[36.29896,35.19331],[36.30402,35.20078],[36.31918,35.21577],[36.32867,35.21935],[36.32952,35.22468],[36.33241,35.22657],[36.35011,35.22802],[36.35347,35.23097],[36.36238,35.23188],[36.39567,35.24243],[36.41859,35.24627],[36.41858,35.26776],[36.42041,35.26679],[36.42274,35.26883],[36.42398,35.26689],[36.42541,35.26882],[36.43386,35.26615],[36.43735,35.26985],[36.4387,35.26379],[36.44131,35.26434],[36.44007,35.26759],[36.44636,35.26543],[36.44925,35.27073],[36.4494,35.26737],[36.45323,35.26705],[36.45361,35.27094],[36.45443,35.26772],[36.45885,35.26841],[36.45642,35.27179],[36.45912,35.27557],[36.45851,35.2713],[36.46323,35.26931],[36.45992,35.27109],[36.4636,35.2758],[36.462,35.27866],[36.46574,35.29557],[36.42564,35.30015],[36.42256,35.32734],[36.40474,35.3231],[36.3755,35.32212],[36.3776,35.32994],[36.37553,35.32921],[36.37223,35.33292],[36.36526,35.3306],[36.36535,35.33306],[36.363,35.33302],[36.36103,35.33082],[36.36101,35.33436],[36.36534,35.33621],[36.36018,35.33729],[36.35902,35.34159]]]]}},{"type":"Feature","properties":{"pcode":"SY050202","name":"الزيارة","district":"السقيلبية","gov":"حماة","POP2004":38872,"mh_mean":0.776,"seis_mean":0.7185,"flood_mean":0.6943,"pop_dens":186.0896,"frag_pct":0.2588,"old_pct":0.0555,"nonstd_pct":0.0104,"vuln_idx":0.386,"risk_ahp":0.5945,"risk_class":5},"geometry":{"type":"MultiPolygon","coordinates":[[[[36.31974,35.76206],[36.31656,35.7601],[36.31415,35.74679],[36.31167,35.74624],[36.30266,35.75071],[36.29381,35.75205],[36.27912,35.74448],[36.25679,35.74986],[36.22945,35.75181],[36.23464,35.73857],[36.24354,35.73432],[36.25918,35.71744],[36.25698,35.71467],[36.25307,35.71816],[36.24962,35.71536],[36.25281,35.70543],[36.24735,35.70099],[36.2456,35.69278],[36.2508,35.68775],[36.24938,35.67608],[36.24403,35.67058],[36.24413,35.67482],[36.24776,35.67757],[36.24411,35.67833],[36.24273,35.6829],[36.24604,35.68323],[36.24129,35.6854],[36.24278,35.67993],[36.23986,35.6817],[36.23924,35.67199],[36.23679,35.67292],[36.23328,35.66902],[36.23594,35.65884],[36.24795,35.64864],[36.25515,35.6488],[36.25424,35.64065],[36.26113,35.6373],[36.26356,35.64253],[36.26996,35.64232],[36.2735,35.64973],[36.27771,35.6463],[36.28338,35.64988],[36.29956,35.64706],[36.29847,35.63185],[36.30224,35.62134],[36.29985,35.61833],[36.30057,35.61387],[36.29649,35.61137],[36.29693,35.60509],[36.29377,35.6037],[36.29598,35.60112],[36.29184,35.59623],[36.29543,35.59038],[36.38275,35.59119],[36.38825,35.58779],[36.38216,35.56622],[36.378,35.56689],[36.37792,35.56394],[36.38254,35.55865],[36.39242,35.55741],[36.39651,35.56948],[36.394,35.57973],[36.3988,35.58363],[36.40187,35.59631],[36.40765,35.59665],[36.40749,35.60105],[36.4055,35.60601],[36.39682,35.60716],[36.3953,35.61212],[36.39728,35.63775],[36.39563,35.64795],[36.40232,35.66471],[36.40067,35.66915],[36.38985,35.66938],[36.38613,35.67297],[36.38728,35.6749],[36.40601,35.67606],[36.41099,35.6912],[36.41018,35.70516],[36.39377,35.7229],[36.38093,35.72564],[36.37743,35.7178],[36.36844,35.71614],[36.36149,35.72306],[36.34586,35.71952],[36.34358,35.72102],[36.34115,35.73548],[36.3469,35.73646],[36.34752,35.7394],[36.33249,35.75815],[36.31974,35.76206]]]]}},{"type":"Feature","properties":{"pcode":"SY050203","name":"شطحة","district":"السقيلبية","gov":"حماة","POP2004":25273,"mh_mean":0.7483,"seis_mean":0.7527,"flood_mean":0.6044,"pop_dens":135.3581,"frag_pct":0.2588,"old_pct":0.0555,"nonstd_pct":0.0104,"vuln_idx":0.372,"risk_ahp":0.5675,"risk_class":5},"geometry":{"type":"MultiPolygon","coordinates":[[[[36.2107,35.68115],[36.20518,35.6653],[36.21684,35.65806],[36.21352,35.65276],[36.21709,35.64873],[36.22261,35.6487],[36.22388,35.64149],[36.21891,35.62653],[36.21587,35.62643],[36.216,35.60916],[36.22465,35.60141],[36.2273,35.58765],[36.22979,35.58754],[36.22834,35.57346],[36.22102,35.56762],[36.22327,35.4765],[36.22131,35.47518],[36.22206,35.46706],[36.21667,35.46714],[36.21526,35.45946],[36.22238,35.44937],[36.24565,35.43726],[36.31593,35.42425],[36.30723,35.43302],[36.30413,35.44342],[36.30443,35.45984],[36.31089,35.47761],[36.3194,35.48398],[36.31468,35.4885],[36.31752,35.49393],[36.31442,35.49673],[36.31465,35.49977],[36.31837,35.50131],[36.32065,35.51702],[36.30085,35.52885],[36.31233,35.53785],[36.30654,35.54531],[36.30717,35.55974],[36.30392,35.57918],[36.29727,35.58271],[36.29184,35.59623],[36.29598,35.60112],[36.29377,35.6037],[36.29693,35.60509],[36.29649,35.61137],[36.30057,35.61387],[36.29985,35.61833],[36.30224,35.62134],[36.29847,35.63185],[36.30032,35.64605],[36.28338,35.64988],[36.27771,35.6463],[36.2735,35.64973],[36.26996,35.64232],[36.26356,35.64253],[36.26113,35.6373],[36.25424,35.64065],[36.25515,35.6488],[36.24795,35.64864],[36.23654,35.65761],[36.23328,35.66902],[36.21914,35.67111],[36.2107,35.68115]]]]}},{"type":"Feature","properties":{"pcode":"SY050204","name":"قلعة المضيق","district":"السقيلبية","gov":"حماة","POP2004":84780,"mh_mean":0.7813,"seis_mean":0.7225,"flood_mean":0.6921,"pop_dens":295.5326,"frag_pct":0.2588,"old_pct":0.0555,"nonstd_pct":0.0104,"vuln_idx":0.4065,"risk_ahp":0.6132,"risk_class":5},"geometry":{"type":"MultiPolygon","coordinates":[[[[36.29543,35.59038],[36.29727,35.58271],[36.30392,35.57918],[36.30717,35.55974],[36.30654,35.54531],[36.31233,35.53785],[36.30085,35.52885],[36.32065,35.51702],[36.31837,35.50131],[36.31465,35.49977],[36.31442,35.49673],[36.31752,35.49393],[36.31468,35.4885],[36.3194,35.48398],[36.31089,35.47761],[36.30443,35.45984],[36.30413,35.44342],[36.30723,35.43302],[36.35755,35.38665],[36.38976,35.37823],[36.38943,35.3761],[36.41797,35.37984],[36.43716,35.38824],[36.45021,35.39859],[36.44489,35.41542],[36.46683,35.41738],[36.47011,35.41177],[36.50024,35.41732],[36.50333,35.40473],[36.49904,35.39654],[36.50507,35.39729],[36.50949,35.3885],[36.51403,35.38648],[36.52247,35.38534],[36.5282,35.387],[36.51599,35.40006],[36.51163,35.40843],[36.51645,35.4113],[36.52522,35.43441],[36.50841,35.44266],[36.50666,35.45361],[36.4964,35.45519],[36.47505,35.46334],[36.47707,35.46907],[36.47413,35.47563],[36.45679,35.47726],[36.45859,35.50645],[36.45112,35.50951],[36.44621,35.51655],[36.44928,35.5253],[36.44492,35.53467],[36.43534,35.53009],[36.43,35.52999],[36.42512,35.53534],[36.40829,35.53562],[36.3938,35.54001],[36.39242,35.55741],[36.38254,35.55865],[36.37776,35.56462],[36.378,35.56689],[36.38216,35.56622],[36.38825,35.58779],[36.38275,35.59119],[36.29543,35.59038]]]]}},{"type":"Feature","properties":{"pcode":"SY050300","name":"مركز السلمية","district":"السلمية","gov":"حماة","POP2004":116086,"mh_mean":0.4903,"seis_mean":0.3891,"flood_mean":0.6287,"pop_dens":134.5733,"frag_pct":0.3198,"old_pct":0.0924,"nonstd_pct":0.0126,"vuln_idx":0.4686,"risk_ahp":0.434,"risk_class":3},"geometry":{"type":"MultiPolygon","coordinates":[[[[36.97515,35.31264],[36.97235,35.31406],[36.9319,35.30767],[36.9326,35.30399],[36.93983,35.30393],[36.94149,35.29537],[36.89182,35.29364],[36.88955,35.28438],[36.89167,35.27759],[36.88566,35.27814],[36.88391,35.27296],[36.88589,35.26352],[36.89085,35.25965],[36.88604,35.25131],[36.8889,35.23569],[36.89461,35.236],[36.89033,35.22687],[36.88558,35.22291],[36.89079,35.21174],[36.89964,35.21199],[36.90302,35.21012],[36.90382,35.18817],[36.92305,35.18857],[36.92389,35.18445],[36.94701,35.18625],[36.94836,35.18081],[36.94807,35.17852],[36.91513,35.17721],[36.90345,35.17452],[36.90485,35.16778],[36.89356,35.16046],[36.89655,35.1452],[36.90192,35.14323],[36.90859,35.146],[36.91945,35.14507],[36.91695,35.13205],[36.91436,35.12972],[36.91452,35.1229],[36.91331,35.12036],[36.90792,35.11892],[36.91084,35.11467],[36.91448,35.09601],[36.88984,35.10319],[36.87487,35.10173],[36.87265,35.09587],[36.87539,35.08454],[36.88109,35.08555],[36.88877,35.07231],[36.88606,35.0701],[36.87616,35.06923],[36.87572,35.06372],[36.8724,35.06218],[36.8771,35.05762],[36.87669,35.05414],[36.8876,35.0516],[36.90761,35.02922],[36.90175,35.02815],[36.9053,35.02004],[36.9089,35.0195],[36.90738,35.01629],[36.90994,35.00629],[36.90458,35.00455],[36.90401,35.00159],[36.9105,34.99],[36.90889,34.97761],[36.92603,34.96418],[36.93985,34.95007],[36.94369,34.94084],[36.9578,34.92782],[36.97052,34.92735],[36.97611,34.91176],[36.97022,34.88342],[36.98656,34.87504],[36.99543,34.86337],[37.0147,34.86529],[37.05849,34.89462],[37.09054,34.90961],[37.10141,34.91105],[37.11136,34.9088],[37.1138,34.91318],[37.13034,34.91811],[37.14824,34.91849],[37.15227,34.91029],[37.15764,34.90844],[37.17231,34.92092],[37.17678,34.93284],[37.1804,34.93267],[37.1862,34.93734],[37.17994,34.95295],[37.17271,34.95724],[37.14406,34.96163],[37.15637,35.02639],[37.14946,35.05961],[37.15497,35.08755],[37.15442,35.09755],[37.16063,35.09886],[37.16498,35.10385],[37.16093,35.13639],[37.11629,35.14303],[37.11492,35.15422],[37.12352,35.16259],[37.11097,35.1669],[37.10044,35.16149],[37.07695,35.16548],[37.07318,35.16708],[37.0723,35.17196],[37.06684,35.17194],[37.0626,35.17629],[37.06819,35.18134],[37.06649,35.19374],[37.07141,35.20229],[37.07779,35.20357],[37.08742,35.21256],[37.11579,35.21964],[37.11571,35.22593],[37.10951,35.22881],[37.09919,35.22853],[37.07797,35.23544],[37.05713,35.24595],[37.04777,35.24808],[37.03915,35.24711],[37.0399,35.2429],[37.01951,35.24047],[37.01601,35.24463],[36.99381,35.24197],[36.99182,35.25131],[36.99663,35.25204],[36.99668,35.25579],[37.00303,35.25721],[37.00275,35.26309],[37.007,35.26342],[37.00095,35.28209],[36.99592,35.28129],[36.99219,35.29926],[36.97955,35.29895],[36.97698,35.30148],[36.97515,35.31264]]]]}},{"type":"Feature","properties":{"pcode":"SY050301","name":"بري شرقي","district":"السلمية","gov":"حماة","POP2004":13767,"mh_mean":0.4538,"seis_mean":0.3949,"flood_mean":0.5596,"pop_dens":57.1766,"frag_pct":0.3198,"old_pct":0.0924,"nonstd_pct":0.0126,"vuln_idx":0.431,"risk_ahp":0.3808,"risk_class":2},"geometry":{"type":"MultiPolygon","coordinates":[[[[37.32127,35.08243],[37.31745,35.07212],[37.31064,35.07296],[37.28921,35.06921],[37.29019,35.06359],[37.28789,35.05973],[37.29152,35.04883],[37.28096,35.04518],[37.26642,35.04346],[37.23563,35.04868],[37.22204,35.03881],[37.21014,35.03929],[37.20341,35.0372],[37.20183,35.03278],[37.19582,35.02914],[37.15401,35.03053],[37.15637,35.02639],[37.14406,34.96163],[37.17271,34.95724],[37.17994,34.95295],[37.1862,34.93734],[37.19086,34.93818],[37.2073,34.93258],[37.21561,34.9359],[37.22186,34.93408],[37.22967,34.92641],[37.23476,34.91207],[37.25572,34.92002],[37.28274,34.91424],[37.29047,34.93644],[37.30767,34.94015],[37.30253,34.95175],[37.3087,34.95764],[37.32747,34.95965],[37.33665,34.97278],[37.34043,34.97477],[37.35619,34.97774],[37.38381,34.97491],[37.38704,34.98677],[37.38305,35.01126],[37.36653,35.01243],[37.35361,35.03287],[37.34717,35.03873],[37.35095,35.04092],[37.354,35.0487],[37.37098,35.06088],[37.37739,35.06307],[37.37172,35.06713],[37.35813,35.06962],[37.34221,35.08166],[37.32127,35.08243]]]]}},{"type":"Feature","properties":{"pcode":"SY050302","name":"السعن","district":"السلمية","gov":"حماة","POP2004":14366,"mh_mean":0.3577,"seis_mean":0.2239,"flood_mean":0.6198,"pop_dens":7.4157,"frag_pct":0.3198,"old_pct":0.0924,"nonstd_pct":0.0126,"vuln_idx":0.3451,"risk_ahp":0.2375,"risk_class":1},"geometry":{"type":"MultiPolygon","coordinates":[[[[37.40137,35.48127],[37.36913,35.4784],[37.36854,35.47547],[37.37347,35.47517],[37.36964,35.46178],[37.36292,35.45138],[37.36773,35.43091],[37.38221,35.41736],[37.38217,35.37542],[37.36841,35.36973],[37.35976,35.35159],[37.3592,35.34573],[37.3618,35.34418],[37.35712,35.34303],[37.35138,35.32332],[37.34094,35.33526],[37.32275,35.30841],[37.31264,35.30383],[37.31362,35.28467],[37.30437,35.28488],[37.29845,35.29119],[37.29828,35.29715],[37.29497,35.30208],[37.28422,35.29995],[37.27398,35.30633],[37.26239,35.30634],[37.25005,35.30008],[37.25046,35.29781],[37.24528,35.29373],[37.24854,35.28151],[37.24109,35.28175],[37.24102,35.26304],[37.24756,35.25214],[37.24942,35.24392],[37.2434,35.24031],[37.26946,35.24104],[37.29205,35.21941],[37.29435,35.2099],[37.28216,35.19634],[37.33156,35.18575],[37.34641,35.18593],[37.35391,35.16321],[37.37311,35.17778],[37.38856,35.18195],[37.39366,35.18898],[37.41346,35.1864],[37.42451,35.18819],[37.42906,35.1981],[37.44421,35.20335],[37.4601,35.19754],[37.51033,35.19655],[37.51823,35.19037],[37.5259,35.17553],[37.5344,35.16829],[37.6569,35.19201],[38.44253,35.39661],[38.31675,35.39538],[38.22596,35.38094],[38.17591,35.38513],[38.04837,35.4171],[37.96529,35.43216],[37.87549,35.44013],[37.80782,35.44279],[37.78586,35.48052],[37.73201,35.48052],[37.73289,35.46298],[37.59915,35.46103],[37.4988,35.47293],[37.49168,35.45684],[37.46641,35.44273],[37.46473,35.45016],[37.4599,35.45539],[37.44336,35.45971],[37.41992,35.47458],[37.40137,35.48127]]]]}},{"type":"Feature","properties":{"pcode":"SY050303","name":"صبورة","district":"السلمية","gov":"حماة","POP2004":21900,"mh_mean":0.4124,"seis_mean":0.3216,"flood_mean":0.585,"pop_dens":47.2884,"frag_pct":0.3198,"old_pct":0.0924,"nonstd_pct":0.0126,"vuln_idx":0.4228,"risk_ahp":0.3328,"risk_class":2},"geometry":{"type":"MultiPolygon","coordinates":[[[[37.23802,35.30438],[37.2145,35.30087],[37.21518,35.29925],[37.19805,35.29575],[37.18184,35.30428],[37.16955,35.29791],[37.1696,35.29475],[37.16666,35.29289],[37.14611,35.29248],[37.1567,35.26108],[37.1669,35.2549],[37.14372,35.25028],[37.13789,35.2537],[37.12853,35.25533],[37.1198,35.25155],[37.11814,35.24733],[37.12404,35.24155],[37.1192,35.22718],[37.11471,35.22759],[37.11579,35.21964],[37.08504,35.21152],[37.07779,35.20357],[37.07141,35.20229],[37.06649,35.19374],[37.06819,35.18134],[37.0626,35.17629],[37.06684,35.17194],[37.0723,35.17196],[37.07393,35.16647],[37.10044,35.16149],[37.11097,35.1669],[37.12086,35.1638],[37.12293,35.16153],[37.11492,35.15422],[37.11629,35.14303],[37.16093,35.13639],[37.16498,35.10385],[37.16063,35.09886],[37.15442,35.09755],[37.15497,35.08755],[37.14946,35.05961],[37.15401,35.03053],[37.19582,35.02914],[37.20183,35.03278],[37.20341,35.0372],[37.21014,35.03929],[37.22204,35.03881],[37.23563,35.04868],[37.26642,35.04346],[37.28096,35.04518],[37.29152,35.04883],[37.28789,35.05973],[37.29019,35.06359],[37.28921,35.06921],[37.31064,35.07296],[37.31745,35.07212],[37.32127,35.08243],[37.33568,35.08236],[37.33136,35.09206],[37.33803,35.09039],[37.34627,35.09251],[37.35703,35.09756],[37.36045,35.10409],[37.36588,35.1298],[37.36481,35.13717],[37.36115,35.13846],[37.35597,35.13692],[37.35259,35.14115],[37.35042,35.15209],[37.354,35.16591],[37.34641,35.18593],[37.33156,35.18575],[37.28216,35.19634],[37.29435,35.2099],[37.29205,35.21941],[37.26946,35.24104],[37.2434,35.24031],[37.24942,35.24392],[37.24756,35.25214],[37.24102,35.26304],[37.24109,35.28175],[37.24854,35.28151],[37.24507,35.29126],[37.2465,35.29527],[37.23802,35.30438]]]]}},{"type":"Feature","properties":{"pcode":"SY050304","name":"عقيربات","district":"السلمية","gov":"حماة","POP2004":21004,"mh_mean":0.422,"seis_mean":0.3383,"flood_mean":0.5794,"pop_dens":7.8166,"frag_pct":0.3198,"old_pct":0.0924,"nonstd_pct":0.0126,"vuln_idx":0.3472,"risk_ahp":0.3113,"risk_class":2},"geometry":{"type":"MultiPolygon","coordinates":[[[[38.44254,35.39661],[37.6569,35.19201],[37.5344,35.16829],[37.5259,35.17553],[37.51823,35.19037],[37.50868,35.19713],[37.4601,35.19754],[37.44421,35.20335],[37.42906,35.1981],[37.42451,35.18819],[37.41036,35.18651],[37.39474,35.18944],[37.38856,35.18195],[37.37311,35.17778],[37.35391,35.16321],[37.35042,35.15209],[37.35259,35.14115],[37.35597,35.13692],[37.36115,35.13846],[37.36481,35.13717],[37.36588,35.1298],[37.36045,35.10409],[37.35703,35.09756],[37.34627,35.09251],[37.33803,35.09039],[37.33136,35.09206],[37.33568,35.08232],[37.34221,35.08166],[37.35813,35.06962],[37.37172,35.06713],[37.37739,35.06307],[37.37098,35.06088],[37.354,35.0487],[37.35095,35.04092],[37.34717,35.03873],[37.35361,35.03287],[37.36653,35.01243],[37.38305,35.01126],[37.38641,34.97976],[37.38883,34.9779],[37.40492,34.9733],[37.42055,34.97653],[37.43369,34.97371],[37.47167,34.97306],[37.48954,34.96915],[37.49637,34.96348],[37.49859,34.95343],[37.52183,34.95358],[37.54414,34.93676],[37.58447,34.95429],[37.64153,34.97078],[37.68887,35.03004],[37.70275,35.06059],[37.71252,35.09134],[37.7518,35.09887],[37.80705,35.10443],[37.83865,35.08024],[37.85421,35.07131],[37.86824,35.06789],[37.88649,35.05947],[37.90463,35.039],[37.90993,35.004],[37.9178,34.98847],[37.92243,34.98821],[37.95487,34.9734],[37.99807,34.94199],[38.01261,34.92974],[38.04633,34.89018],[38.05726,34.88196],[38.0901,34.90785],[38.13427,34.98399],[38.16076,35.00551],[38.17827,35.01351],[38.25054,35.03791],[38.27008,35.04235],[38.3296,35.06189],[38.34886,35.07965],[38.34973,35.08498],[38.34041,35.08951],[38.32905,35.10124],[38.32231,35.12358],[38.33893,35.15479],[38.37921,35.17613],[38.39817,35.18986],[38.42626,35.22772],[38.43413,35.24409],[38.45002,35.29388],[38.44254,35.39661]]]]}},{"type":"Feature","properties":{"pcode":"SY050400","name":"مركز مصياف","district":"مصياف","gov":"حماة","POP2004":67908,"mh_mean":0.6926,"seis_mean":0.7582,"flood_mean":0.498,"pop_dens":165.9313,"frag_pct":0.1237,"old_pct":0.0685,"nonstd_pct":0.0004,"vuln_idx":0.2336,"risk_ahp":0.423,"risk_class":3},"geometry":{"type":"MultiPolygon","coordinates":[[[[36.2548,35.20383],[36.25368,35.19673],[36.25545,35.18275],[36.26621,35.15245],[36.26634,35.13948],[36.27287,35.12729],[36.26894,35.11631],[36.27231,35.10959],[36.26441,35.10083],[36.26442,35.08345],[36.249,35.07853],[36.24752,35.07552],[36.24857,35.07003],[36.25408,35.06656],[36.24284,35.03534],[36.28898,35.0135],[36.30639,35.00169],[36.30654,34.97713],[36.32295,34.98088],[36.33073,34.99252],[36.33396,34.98238],[36.34505,34.97849],[36.34737,34.96892],[36.34924,34.9711],[36.35653,34.97226],[36.36603,34.97995],[36.37376,34.97784],[36.38063,34.97887],[36.38097,34.9763],[36.37494,34.96936],[36.36798,34.96884],[36.36683,34.96436],[36.37163,34.95972],[36.38135,34.96162],[36.3925,34.95722],[36.3965,34.96003],[36.40013,34.9678],[36.40993,34.96682],[36.41155,34.97208],[36.41447,34.97025],[36.42638,34.97199],[36.42773,34.97464],[36.4323,34.97506],[36.43454,34.97179],[36.43905,34.97253],[36.45351,34.98576],[36.47207,34.98912],[36.47279,34.99358],[36.46947,34.99416],[36.46827,35.00546],[36.47662,35.0106],[36.48112,35.01065],[36.48243,35.021],[36.46661,35.0152],[36.45465,35.01952],[36.45595,35.02468],[36.45979,35.0276],[36.46108,35.03492],[36.45099,35.03992],[36.44121,35.04006],[36.4392,35.04336],[36.4409,35.0461],[36.45422,35.04955],[36.46254,35.04917],[36.47223,35.05353],[36.47794,35.05236],[36.47962,35.04871],[36.48916,35.04773],[36.50232,35.05585],[36.5057,35.06149],[36.52762,35.05951],[36.53731,35.07855],[36.53372,35.0794],[36.52912,35.08507],[36.52321,35.09911],[36.50845,35.10672],[36.50953,35.10885],[36.51801,35.11046],[36.5171,35.11202],[36.49954,35.11598],[36.49403,35.12079],[36.4978,35.1263],[36.49849,35.13433],[36.49477,35.14185],[36.48812,35.13967],[36.46753,35.1411],[36.45243,35.13253],[36.44864,35.13864],[36.44301,35.13592],[36.42289,35.13339],[36.41446,35.13443],[36.41423,35.13624],[36.40565,35.13604],[36.40172,35.13732],[36.40256,35.14037],[36.39185,35.14186],[36.3925,35.15645],[36.38835,35.15243],[36.3813,35.15204],[36.37499,35.15209],[36.37012,35.15595],[36.35973,35.15312],[36.35413,35.14739],[36.33769,35.14864],[36.33293,35.15006],[36.33068,35.15552],[36.33909,35.17028],[36.33529,35.17415],[36.33226,35.17201],[36.32282,35.17282],[36.31944,35.18252],[36.31384,35.18796],[36.29896,35.19331],[36.30071,35.1899],[36.28327,35.18977],[36.2548,35.20383]]]]}},{"type":"Feature","properties":{"pcode":"SY050401","name":"جب رملة","district":"مصياف","gov":"حماة","POP2004":41843,"mh_mean":0.7655,"seis_mean":0.7104,"flood_mean":0.6861,"pop_dens":259.9157,"frag_pct":0.1237,"old_pct":0.0685,"nonstd_pct":0.0004,"vuln_idx":0.2535,"risk_ahp":0.4768,"risk_class":4},"geometry":{"type":"MultiPolygon","coordinates":[[[[36.41859,35.24627],[36.39567,35.24243],[36.36238,35.23188],[36.35347,35.23097],[36.35011,35.22802],[36.33241,35.22657],[36.32952,35.22468],[36.32867,35.21935],[36.31918,35.21577],[36.30402,35.20078],[36.29896,35.19331],[36.31384,35.18796],[36.31944,35.18252],[36.32282,35.17282],[36.33226,35.17201],[36.33529,35.17415],[36.33909,35.17028],[36.33067,35.15583],[36.33293,35.15006],[36.35413,35.14739],[36.35973,35.15312],[36.37012,35.15595],[36.37499,35.15209],[36.3813,35.15204],[36.38835,35.15243],[36.3925,35.15645],[36.39185,35.14186],[36.40256,35.14037],[36.40172,35.13732],[36.42289,35.13339],[36.44301,35.13592],[36.44864,35.13864],[36.45179,35.13249],[36.46351,35.1396],[36.47347,35.14093],[36.4749,35.14476],[36.48001,35.14542],[36.48545,35.15026],[36.49262,35.15008],[36.49916,35.15463],[36.50319,35.16355],[36.50714,35.16599],[36.50745,35.1766],[36.50716,35.17934],[36.50154,35.18054],[36.49917,35.18397],[36.50095,35.19549],[36.49408,35.23102],[36.44879,35.22472],[36.43892,35.22666],[36.43735,35.23033],[36.41859,35.24627]]]]}},{"type":"Feature","properties":{"pcode":"SY050402","name":"عوج","district":"مصياف","gov":"حماة","POP2004":30137,"mh_mean":0.722,"seis_mean":0.7805,"flood_mean":0.5224,"pop_dens":343.9494,"frag_pct":0.1237,"old_pct":0.0685,"nonstd_pct":0.0004,"vuln_idx":0.2659,"risk_ahp":0.4665,"risk_class":4},"geometry":{"type":"MultiPolygon","coordinates":[[[[36.41317,34.97234],[36.40981,34.97005],[36.40993,34.96682],[36.40013,34.9678],[36.3965,34.96003],[36.3925,34.95722],[36.38135,34.96162],[36.36719,34.95958],[36.36392,34.9542],[36.36906,34.94848],[36.35648,34.93885],[36.35588,34.92735],[36.35226,34.92472],[36.35215,34.91894],[36.35617,34.91616],[36.35863,34.90545],[36.35867,34.89566],[36.35327,34.89005],[36.36787,34.8836],[36.36573,34.87497],[36.38117,34.86664],[36.38226,34.85509],[36.39427,34.85867],[36.3993,34.85738],[36.41235,34.86751],[36.41979,34.86914],[36.42465,34.87311],[36.42794,34.87071],[36.43842,34.87209],[36.46368,34.88284],[36.46647,34.88234],[36.46737,34.89614],[36.46328,34.89934],[36.46065,34.92005],[36.44342,34.92152],[36.43599,34.92563],[36.43491,34.9393],[36.44424,34.94161],[36.44117,34.94825],[36.43867,34.9532],[36.43461,34.95431],[36.43251,34.95862],[36.42162,34.96726],[36.41353,34.9663],[36.41317,34.97234]]]]}},{"type":"Feature","properties":{"pcode":"SY050403","name":"عين حلاقيم","district":"مصياف","gov":"حماة","POP2004":16502,"mh_mean":0.6979,"seis_mean":0.8447,"flood_mean":0.4194,"pop_dens":236.7321,"frag_pct":0.1237,"old_pct":0.0685,"nonstd_pct":0.0004,"vuln_idx":0.2494,"risk_ahp":0.4397,"risk_class":3},"geometry":{"type":"MultiPolygon","coordinates":[[[[36.33201,34.99154],[36.32994,34.99209],[36.32705,34.98431],[36.32295,34.98088],[36.30652,34.97712],[36.29725,34.95077],[36.30052,34.94223],[36.29611,34.94608],[36.29334,34.94412],[36.28371,34.94629],[36.27131,34.94179],[36.2691,34.92769],[36.26481,34.92103],[36.26599,34.91915],[36.27769,34.91852],[36.28369,34.91451],[36.29759,34.91804],[36.29833,34.91594],[36.30179,34.9159],[36.29964,34.90769],[36.30666,34.90586],[36.31056,34.8998],[36.31466,34.89834],[36.31451,34.8959],[36.31724,34.89768],[36.32,34.8937],[36.32456,34.89574],[36.32187,34.88569],[36.32499,34.88519],[36.32835,34.88974],[36.33053,34.88959],[36.33013,34.88606],[36.33231,34.88594],[36.33979,34.87436],[36.33845,34.86321],[36.34272,34.8568],[36.34903,34.85655],[36.3589,34.86326],[36.368,34.88124],[36.36787,34.8836],[36.35327,34.89005],[36.35867,34.89566],[36.35863,34.90545],[36.35617,34.91616],[36.35215,34.91894],[36.35226,34.92472],[36.35588,34.92735],[36.35648,34.93885],[36.36922,34.9489],[36.36392,34.9542],[36.36719,34.95958],[36.37197,34.95972],[36.36683,34.96436],[36.36798,34.96884],[36.37494,34.96936],[36.38097,34.9763],[36.38063,34.97887],[36.37376,34.97784],[36.36603,34.97995],[36.35653,34.97226],[36.34924,34.9711],[36.34737,34.96892],[36.34505,34.97849],[36.33396,34.98238],[36.33201,34.99154]]]]}},{"type":"Feature","properties":{"pcode":"SY050404","name":"وادي العيون","district":"مصياف","gov":"حماة","POP2004":12951,"mh_mean":0.6281,"seis_mean":0.7798,"flood_mean":0.3542,"pop_dens":168.2136,"frag_pct":0.1237,"old_pct":0.0685,"nonstd_pct":0.0004,"vuln_idx":0.2342,"risk_ahp":0.3901,"risk_class":3},"geometry":{"type":"MultiPolygon","coordinates":[[[[36.24284,35.03534],[36.24162,35.02856],[36.23763,35.02647],[36.19995,35.02394],[36.18301,35.012],[36.15701,35.00356],[36.14999,34.98278],[36.13704,34.97868],[36.13773,34.97224],[36.15395,34.97544],[36.17314,34.9845],[36.18727,34.98657],[36.21085,34.97971],[36.23807,34.97748],[36.26569,34.95384],[36.26903,34.94853],[36.27,34.93994],[36.28371,34.94629],[36.29334,34.94412],[36.29611,34.94608],[36.30052,34.94223],[36.29725,34.95077],[36.30619,34.97441],[36.30639,35.00169],[36.28898,35.0135],[36.27633,35.01794],[36.24284,35.03534]]]]}},{"type":"Feature","properties":{"pcode":"SY050500","name":"مركز محردة","district":"محردة","gov":"حماة","POP2004":80165,"mh_mean":0.7045,"seis_mean":0.5971,"flood_mean":0.7218,"pop_dens":354.6042,"frag_pct":0.3107,"old_pct":0.0743,"nonstd_pct":0.0028,"vuln_idx":0.4094,"risk_ahp":0.5677,"risk_class":5},"geometry":{"type":"MultiPolygon","coordinates":[[[[36.51107,35.32236],[36.50723,35.32538],[36.50813,35.31182],[36.48365,35.30201],[36.48603,35.29997],[36.46574,35.29557],[36.462,35.27866],[36.4636,35.2758],[36.45992,35.27109],[36.46323,35.26931],[36.45851,35.2713],[36.45912,35.27557],[36.45642,35.27179],[36.45885,35.26841],[36.45443,35.26772],[36.45361,35.27094],[36.45323,35.26705],[36.4494,35.26737],[36.44925,35.27073],[36.44636,35.26543],[36.44007,35.26759],[36.44131,35.26434],[36.4387,35.26379],[36.43735,35.26985],[36.43386,35.26615],[36.42541,35.26882],[36.42398,35.26689],[36.42274,35.26883],[36.42041,35.26679],[36.41858,35.26776],[36.41859,35.24627],[36.43735,35.23033],[36.43892,35.22666],[36.44879,35.22472],[36.49408,35.23102],[36.50095,35.19549],[36.49917,35.18397],[36.50154,35.18054],[36.50716,35.17934],[36.50745,35.1766],[36.52226,35.18139],[36.53077,35.17759],[36.53606,35.17774],[36.54847,35.18043],[36.5491,35.18253],[36.55513,35.1813],[36.55766,35.17767],[36.56267,35.17761],[36.56941,35.18369],[36.57778,35.18573],[36.58388,35.18424],[36.58733,35.18051],[36.60259,35.18142],[36.60282,35.17635],[36.61097,35.17664],[36.61459,35.17396],[36.61615,35.16604],[36.62249,35.16792],[36.62613,35.16349],[36.6313,35.16273],[36.64172,35.16554],[36.66295,35.15916],[36.65996,35.16868],[36.66218,35.17235],[36.64484,35.18604],[36.62625,35.19676],[36.63994,35.20709],[36.63868,35.21187],[36.64178,35.21386],[36.64291,35.2218],[36.65074,35.2211],[36.65054,35.22431],[36.65303,35.22497],[36.64779,35.22976],[36.65292,35.23086],[36.65222,35.23659],[36.6579,35.24929],[36.65008,35.25415],[36.65033,35.25865],[36.64568,35.25619],[36.64371,35.26445],[36.64577,35.26876],[36.63792,35.27079],[36.63552,35.28181],[36.63064,35.28525],[36.6303,35.2925],[36.62572,35.29317],[36.62523,35.28936],[36.61894,35.28355],[36.60911,35.2881],[36.61105,35.29257],[36.59518,35.29016],[36.59231,35.29815],[36.5753,35.29438],[36.57001,35.30712],[36.56747,35.30772],[36.5567,35.30649],[36.55349,35.30347],[36.5361,35.29951],[36.52381,35.32442],[36.51107,35.32236]]]]}},{"type":"Feature","properties":{"pcode":"SY050501","name":"كفرزيتا","district":"محردة","gov":"حماة","POP2004":38749,"mh_mean":0.669,"seis_mean":0.5636,"flood_mean":0.7046,"pop_dens":264.5541,"frag_pct":0.3107,"old_pct":0.0743,"nonstd_pct":0.0028,"vuln_idx":0.3965,"risk_ahp":0.5354,"risk_class":4},"geometry":{"type":"MultiPolygon","coordinates":[[[[36.58556,35.42081],[36.55487,35.40909],[36.53242,35.41005],[36.51873,35.40833],[36.51546,35.41142],[36.51211,35.4095],[36.51599,35.40006],[36.5282,35.387],[36.52247,35.38534],[36.51813,35.35312],[36.54383,35.35605],[36.54579,35.32669],[36.52381,35.32442],[36.5361,35.29951],[36.55349,35.30347],[36.5567,35.30649],[36.56747,35.30772],[36.57001,35.30712],[36.5753,35.29438],[36.59231,35.29815],[36.59518,35.29016],[36.61105,35.29257],[36.60911,35.2881],[36.61894,35.28355],[36.62523,35.28936],[36.62594,35.29658],[36.63619,35.29703],[36.64047,35.29518],[36.64778,35.30555],[36.65422,35.30691],[36.65911,35.31124],[36.6663,35.30959],[36.6658,35.31168],[36.6625,35.31167],[36.66427,35.31714],[36.66779,35.31768],[36.6703,35.31557],[36.6751,35.31811],[36.675,35.32261],[36.67115,35.32334],[36.66785,35.33644],[36.67717,35.34252],[36.67932,35.34666],[36.6759,35.34638],[36.67464,35.3496],[36.67202,35.34927],[36.666,35.37893],[36.65127,35.37703],[36.65098,35.3799],[36.63887,35.37744],[36.63952,35.39538],[36.62494,35.40136],[36.59566,35.40433],[36.58751,35.40341],[36.58947,35.41667],[36.58556,35.42081]]]]}},{"type":"Feature","properties":{"pcode":"SY050502","name":"كرناز","district":"محردة","gov":"حماة","POP2004":25039,"mh_mean":0.7553,"seis_mean":0.6398,"flood_mean":0.7531,"pop_dens":401.7607,"frag_pct":0.3107,"old_pct":0.0743,"nonstd_pct":0.0028,"vuln_idx":0.415,"risk_ahp":0.6037,"risk_class":5},"geometry":{"type":"MultiPolygon","coordinates":[[[[36.50024,35.41732],[36.47061,35.41184],[36.47315,35.39185],[36.47079,35.38287],[36.46519,35.37491],[36.45871,35.37268],[36.45527,35.36556],[36.45531,35.36385],[36.46984,35.36427],[36.47093,35.3626],[36.47201,35.34717],[36.4695,35.33437],[36.46083,35.31582],[36.45189,35.31726],[36.44724,35.30086],[36.43993,35.29725],[36.46574,35.29557],[36.48603,35.29997],[36.48365,35.30201],[36.50813,35.31182],[36.50723,35.32538],[36.51107,35.32236],[36.54579,35.32669],[36.54383,35.35605],[36.51813,35.35312],[36.52247,35.38534],[36.50949,35.3885],[36.50507,35.39729],[36.49904,35.39654],[36.50333,35.40473],[36.50024,35.41732]]]]}},{"type":"Feature","properties":{"pcode":"SY060000","name":"مركز اللاذقية","district":"مركز اللاذقية","gov":"اللاذقية","POP2004":424392,"mh_mean":0.7988,"seis_mean":0.7036,"flood_mean":0.7429,"pop_dens":3310.9086,"frag_pct":0.0882,"old_pct":0.1031,"nonstd_pct":0.0006,"vuln_idx":0.3838,"risk_ahp":0.606,"risk_class":5},"geometry":{"type":"MultiPolygon","coordinates":[[[[35.81481,35.64465],[35.80261,35.6403],[35.79945,35.63133],[35.78657,35.61905],[35.77904,35.62087],[35.77591,35.61698],[35.77251,35.61788],[35.7727,35.61426],[35.7761,35.61179],[35.77505,35.60797],[35.76846,35.60776],[35.7668,35.6094],[35.76985,35.61236],[35.76384,35.61007],[35.76199,35.60491],[35.76363,35.60323],[35.76186,35.60393],[35.75867,35.59878],[35.76061,35.59713],[35.75757,35.59685],[35.75695,35.59192],[35.75182,35.59356],[35.7515,35.59016],[35.74615,35.58873],[35.74253,35.58985],[35.74199,35.59284],[35.72816,35.58499],[35.71642,35.58599],[35.71966,35.58446],[35.71758,35.58258],[35.72045,35.58216],[35.72041,35.57856],[35.73693,35.58433],[35.7419,35.58171],[35.74547,35.57392],[35.74166,35.57334],[35.74088,35.5709],[35.73967,35.5723],[35.73939,35.57178],[35.73958,35.57125],[35.74088,35.57061],[35.74044,35.56861],[35.73287,35.56105],[35.73795,35.56101],[35.73958,35.55946],[35.73776,35.55739],[35.74134,35.55777],[35.75287,35.55008],[35.75645,35.55142],[35.75671,35.54867],[35.7518,35.54727],[35.75305,35.54458],[35.75544,35.54694],[35.75706,35.54433],[35.75999,35.54653],[35.76413,35.54425],[35.76305,35.54175],[35.76602,35.54363],[35.76642,35.54026],[35.76195,35.54137],[35.76264,35.54012],[35.76444,35.53897],[35.76817,35.53991],[35.77191,35.53635],[35.77196,35.53249],[35.76553,35.52728],[35.76632,35.52564],[35.77098,35.52736],[35.7673,35.51623],[35.77189,35.51425],[35.76868,35.51144],[35.76615,35.51446],[35.76158,35.50802],[35.76354,35.50574],[35.76972,35.50443],[35.77876,35.49624],[35.78223,35.49929],[35.78359,35.50595],[35.80124,35.5045],[35.84148,35.48081],[35.84984,35.49163],[35.84785,35.49928],[35.84372,35.5025],[35.83059,35.50369],[35.82981,35.50854],[35.83906,35.53037],[35.84848,35.54127],[35.86144,35.54961],[35.86518,35.56831],[35.85837,35.57906],[35.86385,35.59315],[35.86503,35.60729],[35.86458,35.61109],[35.85599,35.61358],[35.85579,35.62375],[35.84246,35.62987],[35.83323,35.6315],[35.83119,35.63697],[35.81481,35.64465]]]]}},{"type":"Feature","properties":{"pcode":"SY060001","name":"البهلولية","district":"مركز اللاذقية","gov":"اللاذقية","POP2004":17532,"mh_mean":0.7848,"seis_mean":0.7587,"flood_mean":0.6495,"pop_dens":176.2204,"frag_pct":0.0882,"old_pct":0.1031,"nonstd_pct":0.0006,"vuln_idx":0.2537,"risk_ahp":0.4861,"risk_class":4},"geometry":{"type":"MultiPolygon","coordinates":[[[[35.99772,35.67761],[35.98619,35.67386],[35.97467,35.66466],[35.95619,35.66096],[35.94436,35.662],[35.93918,35.6586],[35.9312,35.65756],[35.92809,35.6444],[35.92144,35.64396],[35.90355,35.65742],[35.89816,35.65684],[35.89658,35.65137],[35.89926,35.64041],[35.90727,35.63357],[35.91139,35.60756],[35.90444,35.60383],[35.89426,35.6046],[35.87338,35.61202],[35.86458,35.61109],[35.86385,35.59315],[35.85837,35.57906],[35.86518,35.56831],[35.88298,35.56505],[35.891,35.55248],[35.90778,35.55164],[35.926,35.56653],[35.9325,35.58367],[35.96036,35.5975],[35.9718,35.60057],[36.00436,35.6191],[36.01664,35.62041],[36.02063,35.62319],[36.02509,35.62701],[36.02563,35.63157],[36.0148,35.65655],[36.01583,35.66356],[36.01847,35.66562],[36.00526,35.67013],[35.99772,35.67761]]]]}},{"type":"Feature","properties":{"pcode":"SY060002","name":"ربيعة","district":"مركز اللاذقية","gov":"اللاذقية","POP2004":8214,"mh_mean":0.6505,"seis_mean":0.7372,"flood_mean":0.4465,"pop_dens":39.8411,"frag_pct":0.0882,"old_pct":0.1031,"nonstd_pct":0.0006,"vuln_idx":0.1885,"risk_ahp":0.3606,"risk_class":2},"geometry":{"type":"MultiPolygon","coordinates":[[[[36.04804,35.87964],[36.0345,35.87941],[36.02901,35.87173],[36.01788,35.83352],[35.98231,35.82603],[35.98033,35.81785],[35.99773,35.78301],[36.02421,35.76756],[36.02654,35.76246],[36.01633,35.75257],[35.99714,35.74488],[35.99204,35.73475],[35.99772,35.67761],[36.00526,35.67013],[36.01847,35.66562],[36.0362,35.67463],[36.0399,35.68408],[36.05249,35.68977],[36.07283,35.71944],[36.07467,35.72363],[36.07319,35.73592],[36.08422,35.7404],[36.1127,35.76229],[36.12571,35.77728],[36.13936,35.78139],[36.14902,35.79019],[36.14761,35.79469],[36.15148,35.81223],[36.14789,35.81382],[36.1371,35.83697],[36.12639,35.85295],[36.10344,35.86809],[36.08712,35.86737],[36.08242,35.87186],[36.06825,35.86921],[36.04804,35.87964]]]]}},{"type":"Feature","properties":{"pcode":"SY060003","name":"عين البيضا","district":"مركز اللاذقية","gov":"اللاذقية","POP2004":31166,"mh_mean":0.7389,"seis_mean":0.7065,"flood_mean":0.6386,"pop_dens":219.2604,"frag_pct":0.0882,"old_pct":0.1031,"nonstd_pct":0.0006,"vuln_idx":0.2634,"risk_ahp":0.4729,"risk_class":4},"geometry":{"type":"MultiPolygon","coordinates":[[[[35.94369,35.71688],[35.92355,35.71751],[35.90498,35.70744],[35.85917,35.69134],[35.84649,35.69143],[35.82154,35.70627],[35.81681,35.70709],[35.81516,35.7045],[35.81092,35.70459],[35.80541,35.70048],[35.80659,35.69535],[35.80025,35.69208],[35.79872,35.68511],[35.77707,35.67952],[35.76802,35.66988],[35.76769,35.66472],[35.77,35.66438],[35.76805,35.65691],[35.77284,35.65612],[35.77824,35.65074],[35.78019,35.63742],[35.78484,35.63362],[35.78162,35.63005],[35.78312,35.6274],[35.77899,35.6249],[35.77904,35.62087],[35.78657,35.61905],[35.79945,35.63133],[35.80261,35.6403],[35.81481,35.64465],[35.83119,35.63697],[35.83323,35.6315],[35.84246,35.62987],[35.85579,35.62375],[35.85599,35.61358],[35.86458,35.61109],[35.87338,35.61202],[35.89426,35.6046],[35.90444,35.60383],[35.91139,35.60756],[35.90727,35.63357],[35.89926,35.64041],[35.89658,35.65137],[35.89816,35.65684],[35.90355,35.65742],[35.92144,35.64396],[35.92809,35.6444],[35.9312,35.65756],[35.93918,35.6586],[35.94436,35.662],[35.95619,35.66096],[35.97467,35.66466],[35.98619,35.67386],[35.99772,35.67761],[35.99467,35.71343],[35.95757,35.70861],[35.94369,35.71688]]]]}},{"type":"Feature","properties":{"pcode":"SY060004","name":"قسطل معاف","district":"مركز اللاذقية","gov":"اللاذقية","POP2004":16577,"mh_mean":0.6491,"seis_mean":0.665,"flood_mean":0.5386,"pop_dens":63.8205,"frag_pct":0.0882,"old_pct":0.1031,"nonstd_pct":0.0006,"vuln_idx":0.209,"risk_ahp":0.379,"risk_class":2},"geometry":{"type":"MultiPolygon","coordinates":[[[[35.88956,35.90478],[35.87738,35.87011],[35.87117,35.86536],[35.86531,35.8661],[35.85747,35.85787],[35.84663,35.8512],[35.82995,35.84939],[35.82459,35.85319],[35.82099,35.85226],[35.81983,35.8546],[35.81825,35.85285],[35.81584,35.85529],[35.82059,35.85569],[35.81934,35.85599],[35.81483,35.85551],[35.81376,35.8574],[35.80847,35.85353],[35.80177,35.85496],[35.79985,35.85313],[35.81205,35.84912],[35.80707,35.83572],[35.81187,35.83496],[35.81246,35.83043],[35.82018,35.82911],[35.82271,35.82502],[35.8234,35.81598],[35.82076,35.81288],[35.82633,35.80949],[35.83154,35.80104],[35.83011,35.79429],[35.83394,35.79272],[35.84003,35.77947],[35.84023,35.76481],[35.84504,35.75233],[35.84373,35.74053],[35.83444,35.73804],[35.82995,35.71476],[35.81971,35.71199],[35.81548,35.70776],[35.83264,35.70097],[35.84649,35.69143],[35.85917,35.69134],[35.87036,35.69422],[35.90498,35.70744],[35.92355,35.71751],[35.94369,35.71688],[35.95757,35.70861],[35.99467,35.71343],[35.99204,35.73475],[35.99714,35.74488],[36.01633,35.75257],[36.02654,35.76246],[36.02421,35.76756],[35.99773,35.78301],[35.98033,35.81785],[35.98231,35.82603],[35.97268,35.82746],[35.9572,35.84783],[35.9273,35.86329],[35.91694,35.88018],[35.90539,35.88731],[35.88956,35.90478]]]]}},{"type":"Feature","properties":{"pcode":"SY060005","name":"كسب","district":"مركز اللاذقية","gov":"اللاذقية","POP2004":1927,"mh_mean":0.5786,"seis_mean":0.6922,"flood_mean":0.3833,"pop_dens":19.7627,"frag_pct":0.0882,"old_pct":0.1031,"nonstd_pct":0.0006,"vuln_idx":0.1584,"risk_ahp":0.298,"risk_class":1},"geometry":{"type":"MultiPolygon","coordinates":[[[[36.01791,35.92091],[36.00576,35.9417],[35.97553,35.93843],[35.96519,35.92948],[35.94811,35.92914],[35.9311,35.91925],[35.92277,35.92189],[35.91769,35.92876],[35.91318,35.9288],[35.9099,35.92504],[35.89843,35.9199],[35.88956,35.90478],[35.90539,35.88731],[35.91694,35.88018],[35.9273,35.86329],[35.9572,35.84783],[35.97268,35.82746],[35.98231,35.82603],[36.01788,35.83352],[36.02901,35.87173],[36.0345,35.87941],[36.02536,35.88307],[36.00965,35.88008],[35.99877,35.88248],[36.01791,35.92091]]]]}},{"type":"Feature","properties":{"pcode":"SY060006","name":"هنادي","district":"مركز اللاذقية","gov":"اللاذقية","POP2004":27080,"mh_mean":0.8229,"seis_mean":0.7459,"flood_mean":0.73,"pop_dens":389.8746,"frag_pct":0.0882,"old_pct":0.1031,"nonstd_pct":0.0006,"vuln_idx":0.2889,"risk_ahp":0.5375,"risk_class":4},"geometry":{"type":"MultiPolygon","coordinates":[[[[35.86518,35.56831],[35.86144,35.54961],[35.84848,35.54127],[35.83906,35.53037],[35.82981,35.50854],[35.83059,35.50369],[35.84372,35.5025],[35.84785,35.49928],[35.84984,35.49163],[35.84148,35.48081],[35.8764,35.45599],[35.88682,35.46852],[35.90252,35.45987],[35.91288,35.46153],[35.92434,35.45958],[35.92899,35.47187],[35.92507,35.47705],[35.91377,35.48038],[35.91353,35.48453],[35.91699,35.50045],[35.92454,35.50954],[35.92461,35.51305],[35.92298,35.51832],[35.91487,35.5275],[35.9138,35.53873],[35.90671,35.54457],[35.90548,35.54844],[35.90778,35.55164],[35.891,35.55248],[35.88298,35.56505],[35.86518,35.56831]]]]}},{"type":"Feature","properties":{"pcode":"SY060200","name":"مركز جبلة","district":"جبلة","gov":"اللاذقية","POP2004":107064,"mh_mean":0.7422,"seis_mean":0.6129,"flood_mean":0.7669,"pop_dens":987.4488,"frag_pct":0.1337,"old_pct":0.0772,"nonstd_pct":0.0019,"vuln_idx":0.3399,"risk_ahp":0.539,"risk_class":5},"geometry":{"type":"MultiPolygon","coordinates":[[[[35.88682,35.46852],[35.8764,35.45599],[35.89917,35.43634],[35.91466,35.41721],[35.91109,35.41436],[35.91157,35.41138],[35.92087,35.38153],[35.91773,35.37804],[35.91773,35.3694],[35.91966,35.34863],[35.92266,35.34548],[35.91937,35.34234],[35.91987,35.33087],[35.92301,35.32958],[35.91959,35.32765],[35.91937,35.31009],[35.92351,35.30759],[35.92123,35.30688],[35.92309,35.3041],[35.92002,35.3016],[35.92337,35.29332],[35.92044,35.28218],[35.92259,35.27185],[35.94142,35.28221],[35.959,35.28265],[35.97175,35.29034],[35.99178,35.31027],[36.00017,35.3149],[36.00611,35.34106],[36.01167,35.35001],[36.02587,35.35265],[36.03623,35.35805],[36.03487,35.36275],[36.01742,35.36757],[35.96779,35.37339],[35.9612,35.38042],[35.95695,35.41259],[35.94852,35.42573],[35.93438,35.42675],[35.92115,35.43355],[35.91672,35.43895],[35.91642,35.447],[35.92498,35.45575],[35.92434,35.45958],[35.91288,35.46153],[35.90252,35.45987],[35.88682,35.46852]]]]}},{"type":"Feature","properties":{"pcode":"SY060201","name":"عين الشرقية","district":"جبلة","gov":"اللاذقية","POP2004":16800,"mh_mean":0.6613,"seis_mean":0.68,"flood_mean":0.5401,"pop_dens":249.7756,"frag_pct":0.1337,"old_pct":0.0772,"nonstd_pct":0.0019,"vuln_idx":0.2789,"risk_ahp":0.4448,"risk_class":3},"geometry":{"type":"MultiPolygon","coordinates":[[[[36.09358,35.39099],[36.08658,35.38792],[36.08284,35.36832],[36.05714,35.3663],[36.03556,35.36037],[36.03623,35.35805],[36.02587,35.35265],[36.01167,35.35001],[36.00611,35.34106],[36.00195,35.31959],[36.01464,35.31851],[36.02719,35.31255],[36.03051,35.30823],[36.04118,35.30541],[36.04844,35.30737],[36.05193,35.31266],[36.06654,35.32223],[36.09264,35.32297],[36.10125,35.32478],[36.11149,35.33033],[36.13919,35.33293],[36.15235,35.34751],[36.1752,35.35983],[36.17998,35.36479],[36.1805,35.36777],[36.17286,35.36802],[36.14807,35.35958],[36.13567,35.36101],[36.12833,35.36375],[36.12634,35.37142],[36.12186,35.37395],[36.10206,35.37601],[36.09358,35.39099]]]]}},{"type":"Feature","properties":{"pcode":"SY060202","name":"القطيلبية","district":"جبلة","gov":"اللاذقية","POP2004":32582,"mh_mean":0.6279,"seis_mean":0.6628,"flood_mean":0.5055,"pop_dens":298.4578,"frag_pct":0.1337,"old_pct":0.0772,"nonstd_pct":0.0019,"vuln_idx":0.2868,"risk_ahp":0.4315,"risk_class":3},"geometry":{"type":"MultiPolygon","coordinates":[[[[36.01464,35.31851],[36.00195,35.31959],[36.00017,35.3149],[35.99178,35.31027],[35.97175,35.29034],[35.959,35.28265],[35.94142,35.28221],[35.93432,35.27732],[35.95138,35.26896],[35.95682,35.25904],[35.97064,35.25718],[35.97526,35.24418],[35.98136,35.24599],[35.98548,35.2517],[35.99102,35.25209],[36.01504,35.23109],[36.03859,35.23123],[36.04685,35.2254],[36.06426,35.24581],[36.07805,35.25196],[36.08493,35.25426],[36.1483,35.25814],[36.15546,35.26172],[36.15834,35.27349],[36.15384,35.28018],[36.14911,35.27753],[36.13942,35.27718],[36.12372,35.27972],[36.12211,35.28307],[36.13083,35.28656],[36.13149,35.28911],[36.09628,35.30501],[36.0774,35.30148],[36.06074,35.30801],[36.04118,35.30541],[36.03051,35.30823],[36.02719,35.31255],[36.01464,35.31851]]]]}},{"type":"Feature","properties":{"pcode":"SY060203","name":"عين شقاق","district":"جبلة","gov":"اللاذقية","POP2004":16031,"mh_mean":0.6863,"seis_mean":0.6238,"flood_mean":0.6563,"pop_dens":256.8196,"frag_pct":0.1337,"old_pct":0.0772,"nonstd_pct":0.0019,"vuln_idx":0.2802,"risk_ahp":0.4597,"risk_class":4},"geometry":{"type":"MultiPolygon","coordinates":[[[[35.94852,35.42573],[35.95695,35.41259],[35.9612,35.38042],[35.96779,35.37339],[36.01742,35.36757],[36.03487,35.36275],[36.03556,35.36037],[36.05714,35.3663],[36.08284,35.36832],[36.08455,35.37035],[36.08514,35.38568],[36.09568,35.39279],[36.09385,35.39896],[36.07833,35.39946],[36.06661,35.4095],[36.05664,35.41245],[36.02571,35.40789],[36.01797,35.41972],[36.00541,35.42461],[35.94852,35.42573]]]]}},{"type":"Feature","properties":{"pcode":"SY060204","name":"دالية","district":"جبلة","gov":"اللاذقية","POP2004":13608,"mh_mean":0.5723,"seis_mean":0.7499,"flood_mean":0.2882,"pop_dens":145.6741,"frag_pct":0.1337,"old_pct":0.0772,"nonstd_pct":0.0019,"vuln_idx":0.2551,"risk_ahp":0.3743,"risk_class":2},"geometry":{"type":"MultiPolygon","coordinates":[[[[36.23039,35.3272],[36.20452,35.32573],[36.17714,35.3228],[36.16583,35.31858],[36.16192,35.29957],[36.15384,35.28018],[36.15834,35.27349],[36.15546,35.26172],[36.1483,35.25814],[36.08493,35.25426],[36.07805,35.25196],[36.06426,35.24581],[36.04685,35.2254],[36.09328,35.2247],[36.11842,35.22173],[36.12164,35.22413],[36.14496,35.22632],[36.16507,35.22099],[36.17992,35.22622],[36.18286,35.23349],[36.19085,35.23627],[36.20299,35.24878],[36.21995,35.25416],[36.22642,35.25399],[36.23763,35.30766],[36.23039,35.3272]]]]}},{"type":"Feature","properties":{"pcode":"SY060205","name":"بيت ياشوط","district":"جبلة","gov":"اللاذقية","POP2004":10086,"mh_mean":0.6163,"seis_mean":0.7672,"flood_mean":0.348,"pop_dens":159.4269,"frag_pct":0.1337,"old_pct":0.0772,"nonstd_pct":0.0019,"vuln_idx":0.2591,"risk_ahp":0.4035,"risk_class":3},"geometry":{"type":"MultiPolygon","coordinates":[[[[36.18192,35.367],[36.1752,35.35983],[36.15235,35.34751],[36.13919,35.33293],[36.11149,35.33033],[36.10125,35.32478],[36.09264,35.32297],[36.06654,35.32223],[36.05193,35.31266],[36.04844,35.30737],[36.06074,35.30801],[36.0774,35.30148],[36.09628,35.30501],[36.13149,35.28911],[36.13083,35.28656],[36.12211,35.28307],[36.12372,35.27972],[36.14911,35.27753],[36.15581,35.28272],[36.16583,35.31858],[36.17714,35.3228],[36.23039,35.3272],[36.23074,35.33441],[36.23781,35.33518],[36.22703,35.35997],[36.20441,35.35764],[36.18192,35.367]]]]}},{"type":"Feature","properties":{"pcode":"SY060300","name":"مركزالحفة","district":"الحفة","gov":"اللاذقية","POP2004":23347,"mh_mean":0.716,"seis_mean":0.7468,"flood_mean":0.5456,"pop_dens":202.639,"frag_pct":0.219,"old_pct":0.1332,"nonstd_pct":0.0019,"vuln_idx":0.3858,"risk_ahp":0.5582,"risk_class":5},"geometry":{"type":"MultiPolygon","coordinates":[[[[36.04438,35.65264],[36.01585,35.65331],[36.02563,35.63157],[36.02509,35.62701],[36.02063,35.62319],[36.01664,35.62041],[36.00436,35.6191],[35.9718,35.60057],[35.96036,35.5975],[35.9325,35.58367],[35.926,35.56653],[35.90548,35.54844],[35.91121,35.54016],[35.94712,35.54288],[35.98025,35.55261],[36.00348,35.56652],[36.00886,35.56726],[36.01322,35.56221],[36.01985,35.56777],[36.03019,35.56939],[36.04202,35.57816],[36.05085,35.58045],[36.06226,35.58936],[36.07447,35.59005],[36.08415,35.58685],[36.0899,35.58212],[36.09574,35.58129],[36.13035,35.58808],[36.12753,35.59338],[36.12938,35.61094],[36.12461,35.61921],[36.11499,35.62554],[36.10813,35.64631],[36.09189,35.63978],[36.05612,35.64365],[36.04438,35.65264]]]]}},{"type":"Feature","properties":{"pcode":"SY060301","name":"صلنفة","district":"الحفة","gov":"اللاذقية","POP2004":19518,"mh_mean":0.6195,"seis_mean":0.786,"flood_mean":0.3301,"pop_dens":139.1192,"frag_pct":0.219,"old_pct":0.1332,"nonstd_pct":0.0019,"vuln_idx":0.3692,"risk_ahp":0.4839,"risk_class":4},"geometry":{"type":"MultiPolygon","coordinates":[[[[36.1358,35.70711],[36.12502,35.70485],[36.12054,35.70058],[36.11009,35.69742],[36.1078,35.69344],[36.10793,35.68151],[36.10234,35.67433],[36.11499,35.62554],[36.12461,35.61921],[36.12938,35.61094],[36.12753,35.59338],[36.13035,35.58808],[36.12821,35.58321],[36.13293,35.57574],[36.17146,35.55356],[36.18458,35.55151],[36.20391,35.54316],[36.22135,35.54392],[36.22102,35.56762],[36.22834,35.57346],[36.22979,35.58754],[36.2273,35.58765],[36.22465,35.60141],[36.216,35.60916],[36.21587,35.62643],[36.21891,35.62653],[36.22388,35.64149],[36.22261,35.6487],[36.21709,35.64873],[36.21352,35.65276],[36.21684,35.65806],[36.20518,35.6653],[36.20969,35.68494],[36.20514,35.68862],[36.19588,35.68908],[36.18548,35.68212],[36.1742,35.68081],[36.16725,35.69554],[36.14972,35.69724],[36.1358,35.70711]]]]}},{"type":"Feature","properties":{"pcode":"SY060302","name":"عين التينة","district":"الحفة","gov":"اللاذقية","POP2004":6825,"mh_mean":0.6222,"seis_mean":0.751,"flood_mean":0.3798,"pop_dens":126.0755,"frag_pct":0.219,"old_pct":0.1332,"nonstd_pct":0.0019,"vuln_idx":0.3649,"risk_ahp":0.4829,"risk_class":4},"geometry":{"type":"MultiPolygon","coordinates":[[[[36.07447,35.59005],[36.06226,35.58936],[36.05085,35.58045],[36.04202,35.57816],[36.03019,35.56939],[36.01985,35.56777],[36.01322,35.56221],[36.01546,35.55665],[36.06373,35.5563],[36.07549,35.55856],[36.08669,35.55809],[36.10505,35.54975],[36.11395,35.55269],[36.12692,35.55284],[36.13778,35.54926],[36.14263,35.54602],[36.14436,35.54125],[36.15068,35.54003],[36.15926,35.53271],[36.15959,35.52002],[36.17003,35.52336],[36.22193,35.52242],[36.22135,35.54392],[36.20391,35.54316],[36.18458,35.55151],[36.17146,35.55356],[36.13293,35.57574],[36.12821,35.58321],[36.13035,35.58808],[36.09574,35.58129],[36.0899,35.58212],[36.08415,35.58685],[36.07447,35.59005]]]]}},{"type":"Feature","properties":{"pcode":"SY060303","name":"كنسبا","district":"الحفة","gov":"اللاذقية","POP2004":18250,"mh_mean":0.6603,"seis_mean":0.769,"flood_mean":0.423,"pop_dens":107.6374,"frag_pct":0.219,"old_pct":0.1332,"nonstd_pct":0.0019,"vuln_idx":0.3579,"risk_ahp":0.5032,"risk_class":4},"geometry":{"type":"MultiPolygon","coordinates":[[[[36.14979,35.78938],[36.13936,35.78139],[36.12571,35.77728],[36.1127,35.76229],[36.08422,35.7404],[36.07319,35.73592],[36.07467,35.72363],[36.05745,35.6964],[36.05071,35.68838],[36.0399,35.68408],[36.0362,35.67463],[36.01583,35.66356],[36.01585,35.65331],[36.04438,35.65264],[36.05612,35.64365],[36.09189,35.63978],[36.10813,35.64631],[36.10234,35.67433],[36.10793,35.68151],[36.1078,35.69344],[36.1133,35.69956],[36.1358,35.70711],[36.14972,35.69724],[36.16725,35.69554],[36.1742,35.68081],[36.18548,35.68212],[36.19588,35.68908],[36.20514,35.68862],[36.21914,35.67111],[36.23328,35.66902],[36.23679,35.67292],[36.23924,35.67199],[36.23805,35.67788],[36.23986,35.6817],[36.24278,35.67993],[36.24102,35.68405],[36.24359,35.6856],[36.24604,35.68323],[36.24273,35.6829],[36.24411,35.67833],[36.24776,35.67757],[36.24299,35.67191],[36.24634,35.67189],[36.24938,35.67608],[36.2508,35.68775],[36.2456,35.69278],[36.24735,35.70099],[36.25281,35.70543],[36.24962,35.71536],[36.25307,35.71816],[36.25698,35.71467],[36.2587,35.72011],[36.24354,35.73432],[36.23464,35.73857],[36.22945,35.75181],[36.20752,35.75258],[36.19978,35.7608],[36.19794,35.76698],[36.18873,35.77487],[36.16898,35.78497],[36.16094,35.78388],[36.14979,35.78938]]]]}},{"type":"Feature","properties":{"pcode":"SY060304","name":"مزيرعة","district":"الحفة","gov":"اللاذقية","POP2004":13908,"mh_mean":0.6819,"seis_mean":0.7182,"flood_mean":0.5252,"pop_dens":152.6315,"frag_pct":0.219,"old_pct":0.1332,"nonstd_pct":0.0019,"vuln_idx":0.3733,"risk_ahp":0.5278,"risk_class":4},"geometry":{"type":"MultiPolygon","coordinates":[[[[36.00886,35.56726],[36.00348,35.56652],[35.98025,35.55261],[35.94712,35.54288],[35.91231,35.53955],[35.91487,35.5275],[35.92298,35.51832],[35.92461,35.51305],[35.92454,35.50954],[35.91699,35.50045],[35.9158,35.48981],[35.93173,35.48664],[35.93872,35.48851],[35.95464,35.50582],[35.96659,35.51204],[35.98285,35.51543],[35.99486,35.51482],[36.02352,35.52513],[36.0371,35.52574],[36.06543,35.52132],[36.0991,35.52072],[36.13087,35.51313],[36.14344,35.51896],[36.15149,35.51578],[36.15959,35.52002],[36.15926,35.53271],[36.15068,35.54003],[36.14436,35.54125],[36.14263,35.54602],[36.13778,35.54926],[36.12692,35.55284],[36.11395,35.55269],[36.10505,35.54975],[36.08669,35.55809],[36.07549,35.55856],[36.06373,35.5563],[36.01546,35.55665],[36.00886,35.56726]]]]}},{"type":"Feature","properties":{"pcode":"SY060400","name":"مركز القرداحة","district":"القرداحة","gov":"اللاذقية","POP2004":44510,"mh_mean":0.6614,"seis_mean":0.737,"flood_mean":0.4708,"pop_dens":260.026,"frag_pct":0.182,"old_pct":0.0545,"nonstd_pct":0.0002,"vuln_idx":0.2723,"risk_ahp":0.4396,"risk_class":3},"geometry":{"type":"MultiPolygon","coordinates":[[[[36.11097,35.48966],[36.10336,35.49117],[36.0723,35.48645],[36.06042,35.48034],[36.04306,35.47873],[36.03208,35.47137],[36.01349,35.47447],[36.00321,35.47954],[35.99376,35.47971],[35.96016,35.45615],[35.9349,35.44666],[35.92147,35.43336],[35.9389,35.42576],[35.96268,35.42626],[36.01302,35.42302],[36.0203,35.41703],[36.02571,35.40789],[36.04276,35.41159],[36.05973,35.41204],[36.06661,35.4095],[36.08024,35.39925],[36.09148,35.39974],[36.10215,35.40669],[36.11852,35.4084],[36.13903,35.40537],[36.15,35.39927],[36.15477,35.39896],[36.16022,35.40572],[36.20672,35.41597],[36.20558,35.42301],[36.21011,35.43504],[36.20785,35.44311],[36.20924,35.44776],[36.21936,35.45431],[36.2153,35.4625],[36.21667,35.46714],[36.22206,35.46706],[36.22131,35.47518],[36.18312,35.4765],[36.17208,35.47492],[36.15274,35.46475],[36.13261,35.46556],[36.11935,35.46739],[36.11536,35.48542],[36.11097,35.48966]]]]}},{"type":"Feature","properties":{"pcode":"SY060401","name":"حرف المسيترة","district":"القرداحة","gov":"اللاذقية","POP2004":6669,"mh_mean":0.6208,"seis_mean":0.7989,"flood_mean":0.318,"pop_dens":121.3956,"frag_pct":0.182,"old_pct":0.0545,"nonstd_pct":0.0002,"vuln_idx":0.2387,"risk_ahp":0.3898,"risk_class":3},"geometry":{"type":"MultiPolygon","coordinates":[[[[36.20672,35.41597],[36.16022,35.40572],[36.15477,35.39896],[36.15,35.39927],[36.13903,35.40537],[36.1257,35.40809],[36.10215,35.40669],[36.09148,35.39974],[36.09663,35.3947],[36.09358,35.39099],[36.09921,35.378],[36.10445,35.37508],[36.12186,35.37395],[36.12634,35.37142],[36.13021,35.36239],[36.14807,35.35958],[36.16927,35.36747],[36.17693,35.36818],[36.20441,35.35764],[36.22187,35.35828],[36.22703,35.35997],[36.23418,35.37523],[36.21507,35.39731],[36.20672,35.41597]]]]}},{"type":"Feature","properties":{"pcode":"SY060402","name":"الفاخورة","district":"القرداحة","gov":"اللاذقية","POP2004":17722,"mh_mean":0.7051,"seis_mean":0.6975,"flood_mean":0.5916,"pop_dens":252.9598,"frag_pct":0.182,"old_pct":0.0545,"nonstd_pct":0.0002,"vuln_idx":0.2711,"risk_ahp":0.4623,"risk_class":4},"geometry":{"type":"MultiPolygon","coordinates":[[[[36.0371,35.52574],[36.02352,35.52513],[35.99486,35.51482],[35.98285,35.51543],[35.96659,35.51204],[35.95464,35.50582],[35.93872,35.48851],[35.93173,35.48664],[35.9158,35.48981],[35.91377,35.48038],[35.92507,35.47705],[35.92899,35.47187],[35.92498,35.45575],[35.91642,35.447],[35.91672,35.43895],[35.92115,35.43355],[35.9349,35.44666],[35.96016,35.45615],[35.99376,35.47971],[36.00321,35.47954],[36.01349,35.47447],[36.03208,35.47137],[36.04306,35.47873],[36.06042,35.48034],[36.07923,35.48778],[36.0721,35.49828],[36.07386,35.51592],[36.07168,35.52148],[36.0371,35.52574]]]]}},{"type":"Feature","properties":{"pcode":"SY060403","name":"جوبة برغال","district":"القرداحة","gov":"اللاذقية","POP2004":5743,"mh_mean":0.6003,"seis_mean":0.7647,"flood_mean":0.3223,"pop_dens":88.2547,"frag_pct":0.182,"old_pct":0.0545,"nonstd_pct":0.0002,"vuln_idx":0.2246,"risk_ahp":0.367,"risk_class":2},"geometry":{"type":"MultiPolygon","coordinates":[[[[36.16475,35.52235],[36.15149,35.51578],[36.14344,35.51896],[36.13087,35.51313],[36.0991,35.52072],[36.07168,35.52148],[36.07386,35.51592],[36.0721,35.49828],[36.07923,35.48778],[36.08685,35.48734],[36.10336,35.49117],[36.11097,35.48966],[36.11536,35.48542],[36.11935,35.46739],[36.15274,35.46475],[36.17208,35.47492],[36.18312,35.4765],[36.22131,35.47518],[36.22327,35.4765],[36.22193,35.52242],[36.16475,35.52235]]]]}},{"type":"Feature","properties":{"pcode":"SY070000","name":"مركز إدلب","district":"مركز إدلب","gov":"إدلب","POP2004":126284,"mh_mean":0.7466,"seis_mean":0.7266,"flood_mean":0.6254,"pop_dens":500.7534,"frag_pct":0.7559,"old_pct":0.1061,"nonstd_pct":0.0015,"vuln_idx":0.7296,"risk_ahp":0.7934,"risk_class":5},"geometry":{"type":"MultiPolygon","coordinates":[[[[36.53537,36.00138],[36.5359,35.97909],[36.53942,35.9724],[36.52182,35.97205],[36.52128,35.96392],[36.51357,35.9537],[36.48763,35.95254],[36.4839,35.95408],[36.47522,35.96624],[36.46416,35.95955],[36.46213,35.94068],[36.45031,35.91893],[36.44227,35.91136],[36.44475,35.89732],[36.42819,35.89123],[36.42504,35.88753],[36.43086,35.87794],[36.44106,35.87752],[36.4457,35.86528],[36.45705,35.85469],[36.46415,35.85642],[36.47704,35.86898],[36.48388,35.8681],[36.49352,35.87442],[36.50075,35.88852],[36.50864,35.894],[36.5139,35.90743],[36.51707,35.9078],[36.54594,35.89095],[36.55599,35.88979],[36.56758,35.88963],[36.57105,35.89195],[36.57161,35.90368],[36.5743,35.90567],[36.58231,35.90514],[36.58525,35.89883],[36.58147,35.88022],[36.58378,35.87439],[36.59154,35.87124],[36.60641,35.8695],[36.61049,35.86044],[36.62607,35.86034],[36.63158,35.85455],[36.63829,35.85595],[36.64488,35.87428],[36.65203,35.87503],[36.65778,35.87218],[36.65987,35.86309],[36.66391,35.86217],[36.67034,35.84664],[36.68605,35.84425],[36.69306,35.84012],[36.71194,35.83946],[36.72105,35.85129],[36.73596,35.85467],[36.73921,35.88499],[36.72272,35.88512],[36.72267,35.88701],[36.69705,35.88666],[36.69521,35.89443],[36.68373,35.89613],[36.68268,35.9196],[36.69025,35.91971],[36.6913,35.9338],[36.68724,35.93382],[36.68482,35.93871],[36.68083,35.96063],[36.67327,35.96475],[36.68083,35.98301],[36.66384,35.98343],[36.65653,35.99106],[36.64185,35.99121],[36.63452,35.97528],[36.6262,35.96953],[36.62026,35.96769],[36.58994,35.97008],[36.58618,35.97565],[36.55505,35.97697],[36.55513,35.99139],[36.53537,36.00138]]]]}},{"type":"Feature","properties":{"pcode":"SY070001","name":"أبو الظهور","district":"مركز إدلب","gov":"إدلب","POP2004":38869,"mh_mean":0.4971,"seis_mean":0.3814,"flood_mean":0.6504,"pop_dens":118.6074,"frag_pct":0.7559,"old_pct":0.1061,"nonstd_pct":0.0015,"vuln_idx":0.6658,"risk_ahp":0.5252,"risk_class":4},"geometry":{"type":"MultiPolygon","coordinates":[[[[36.93655,35.89273],[36.93387,35.88842],[36.92353,35.88827],[36.92238,35.88544],[36.9268,35.87565],[36.92633,35.86757],[36.93276,35.86613],[36.93591,35.86053],[36.92712,35.84576],[36.92899,35.82715],[36.92044,35.81788],[36.91856,35.79271],[36.91444,35.78914],[36.90543,35.7883],[36.90172,35.78509],[36.90042,35.77733],[36.90958,35.74118],[36.90786,35.7138],[36.91992,35.70757],[36.92348,35.71131],[36.93677,35.71562],[36.94293,35.72107],[36.94591,35.73101],[36.96162,35.72993],[36.97649,35.73847],[36.99257,35.73814],[36.99028,35.73187],[36.99197,35.71812],[36.9888,35.71182],[36.97833,35.70464],[36.97417,35.69586],[36.98268,35.67972],[37.03523,35.68917],[37.04967,35.68807],[37.05769,35.67568],[37.06176,35.65959],[37.0638,35.65727],[37.07104,35.6592],[37.07565,35.65246],[37.07708,35.64209],[37.07466,35.63372],[37.08863,35.61178],[37.09292,35.60924],[37.1052,35.61254],[37.11814,35.60927],[37.14548,35.63594],[37.13416,35.63961],[37.12818,35.64444],[37.12816,35.65057],[37.1353,35.66772],[37.13329,35.67012],[37.123,35.67318],[37.11117,35.67068],[37.10336,35.67359],[37.09957,35.67947],[37.10481,35.69594],[37.1198,35.70775],[37.12018,35.72701],[37.11698,35.73987],[37.10482,35.74161],[37.10351,35.74715],[37.11545,35.74936],[37.11968,35.75798],[37.10777,35.76675],[37.12121,35.78028],[37.13682,35.7814],[37.13671,35.79627],[37.11527,35.80172],[37.11454,35.80949],[37.12045,35.82905],[37.10921,35.83119],[37.10338,35.82907],[37.10322,35.82038],[37.09156,35.81868],[37.08806,35.82272],[37.06807,35.83304],[37.07037,35.8369],[37.0662,35.84023],[37.06073,35.83696],[37.05257,35.83722],[37.0339,35.84373],[37.03133,35.82454],[37.02714,35.81809],[37.0105,35.82022],[36.99046,35.80567],[36.9869,35.80532],[36.98516,35.82535],[36.98968,35.83769],[36.98087,35.83806],[36.97657,35.84515],[36.96287,35.84783],[36.95945,35.85034],[36.95404,35.86342],[36.95415,35.86608],[36.95955,35.87007],[36.95846,35.87861],[36.9526,35.88568],[36.93953,35.88714],[36.93655,35.89273]]]]}},{"type":"Feature","properties":{"pcode":"SY070002","name":"بنش","district":"مركز إدلب","gov":"إدلب","POP2004":35166,"mh_mean":0.6848,"seis_mean":0.6157,"flood_mean":0.6625,"pop_dens":350.5287,"frag_pct":0.7559,"old_pct":0.1061,"nonstd_pct":0.0015,"vuln_idx":0.7138,"risk_ahp":0.7325,"risk_class":5},"geometry":{"type":"MultiPolygon","coordinates":[[[[36.77008,36.03629],[36.73699,36.03476],[36.72714,36.02143],[36.69995,36.02175],[36.69663,36.01924],[36.69093,36.00509],[36.68756,36.00364],[36.68577,35.98884],[36.67894,35.9796],[36.67327,35.96475],[36.68083,35.96063],[36.68724,35.93382],[36.70366,35.93335],[36.70999,35.9359],[36.75388,35.93793],[36.77423,35.93669],[36.7879,35.93911],[36.81856,35.93849],[36.82152,35.95365],[36.82143,35.98108],[36.8115,35.9813],[36.78947,35.98978],[36.77675,35.98573],[36.75883,35.99005],[36.75168,35.99452],[36.75153,35.99733],[36.75874,35.99954],[36.76482,36.01475],[36.77132,36.02223],[36.77008,36.03629]]]]}},{"type":"Feature","properties":{"pcode":"SY070003","name":"سراقب","district":"مركز إدلب","gov":"إدلب","POP2004":86075,"mh_mean":0.5787,"seis_mean":0.5117,"flood_mean":0.6184,"pop_dens":227.4846,"frag_pct":0.7559,"old_pct":0.1061,"nonstd_pct":0.0015,"vuln_idx":0.6946,"risk_ahp":0.6241,"risk_class":5},"geometry":{"type":"MultiPolygon","coordinates":[[[[36.87557,35.95591],[36.86179,35.95281],[36.82119,35.95365],[36.81856,35.93849],[36.7879,35.93911],[36.77422,35.93681],[36.77491,35.92415],[36.77906,35.9112],[36.77975,35.89046],[36.76605,35.88851],[36.76409,35.88496],[36.73921,35.88499],[36.73596,35.85467],[36.72105,35.85129],[36.71194,35.83946],[36.71463,35.83636],[36.71243,35.83274],[36.70417,35.83035],[36.69923,35.82572],[36.69829,35.80617],[36.70358,35.7859],[36.69726,35.77734],[36.69673,35.76496],[36.72196,35.76369],[36.72257,35.75979],[36.71264,35.74403],[36.71079,35.73391],[36.75489,35.73639],[36.76981,35.73217],[36.7808,35.73571],[36.79328,35.73537],[36.79968,35.73819],[36.80254,35.75021],[36.81453,35.75299],[36.81836,35.75304],[36.82171,35.74423],[36.82928,35.74616],[36.85825,35.74214],[36.88379,35.7425],[36.88626,35.7441],[36.88554,35.75138],[36.88859,35.75403],[36.90462,35.75519],[36.90554,35.76228],[36.90066,35.77276],[36.90172,35.78509],[36.9088,35.78976],[36.91444,35.78914],[36.91856,35.79271],[36.92044,35.81788],[36.92899,35.82715],[36.92712,35.84576],[36.93591,35.86053],[36.93276,35.86613],[36.92633,35.86757],[36.9268,35.87565],[36.92238,35.88544],[36.92353,35.88827],[36.93387,35.88842],[36.93637,35.89327],[36.93512,35.8975],[36.94024,35.90128],[36.94237,35.9082],[36.93554,35.91577],[36.92787,35.91566],[36.92044,35.91268],[36.90434,35.91194],[36.90159,35.91356],[36.90049,35.9253],[36.8931,35.92864],[36.88846,35.93611],[36.87761,35.93404],[36.87557,35.95591]]]]}},{"type":"Feature","properties":{"pcode":"SY070004","name":"تفتناز","district":"مركز إدلب","gov":"إدلب","POP2004":24145,"mh_mean":0.6661,"seis_mean":0.5841,"flood_mean":0.672,"pop_dens":244.0877,"frag_pct":0.7559,"old_pct":0.1061,"nonstd_pct":0.0015,"vuln_idx":0.6977,"risk_ahp":0.7078,"risk_class":5},"geometry":{"type":"MultiPolygon","coordinates":[[[[36.81243,36.0704],[36.79566,36.07055],[36.77719,36.06661],[36.7561,36.0548],[36.75528,36.05091],[36.76396,36.04492],[36.77013,36.03622],[36.77132,36.02223],[36.76482,36.01475],[36.75874,35.99954],[36.75153,35.99733],[36.75168,35.99452],[36.75883,35.99005],[36.77675,35.98573],[36.78947,35.98978],[36.8115,35.9813],[36.82143,35.98108],[36.82152,35.95365],[36.86908,35.95362],[36.87541,35.95688],[36.86809,35.97094],[36.86764,35.98151],[36.87333,35.98845],[36.87186,36.00119],[36.87541,36.01523],[36.88274,36.0244],[36.88184,36.04258],[36.85668,36.0444],[36.84546,36.04041],[36.83913,36.04734],[36.83354,36.06521],[36.82859,36.06692],[36.82269,36.06595],[36.81243,36.0704]]]]}},{"type":"Feature","properties":{"pcode":"SY070005","name":"معرة تمصرين","district":"مركز إدلب","gov":"إدلب","POP2004":57859,"mh_mean":0.7462,"seis_mean":0.7336,"flood_mean":0.6152,"pop_dens":246.0925,"frag_pct":0.7559,"old_pct":0.1061,"nonstd_pct":0.0015,"vuln_idx":0.6981,"risk_ahp":0.7757,"risk_class":5},"geometry":{"type":"MultiPolygon","coordinates":[[[[36.68678,36.15041],[36.68253,36.15035],[36.66876,36.14099],[36.66063,36.1263],[36.65671,36.10735],[36.63749,36.09067],[36.61535,36.09283],[36.60901,36.07664],[36.59338,36.07766],[36.58586,36.06867],[36.57132,36.07342],[36.54515,36.06289],[36.5391,36.05686],[36.5425,36.04737],[36.55182,36.03784],[36.55269,36.02745],[36.5543,36.02574],[36.57017,36.02448],[36.57164,36.01979],[36.56937,36.01679],[36.55389,36.01657],[36.54774,36.01797],[36.54522,36.02512],[36.53762,36.02526],[36.53448,36.0215],[36.53537,36.00138],[36.55513,35.99139],[36.55505,35.97697],[36.58618,35.97565],[36.58994,35.97008],[36.62026,35.96769],[36.63452,35.97528],[36.64185,35.99121],[36.65653,35.99106],[36.66384,35.98343],[36.68083,35.98301],[36.68577,35.98884],[36.68756,36.00364],[36.69093,36.00509],[36.69386,36.01463],[36.69995,36.02175],[36.72714,36.02143],[36.73699,36.03476],[36.77008,36.03629],[36.76396,36.04492],[36.75528,36.05091],[36.7561,36.0548],[36.77719,36.06661],[36.76849,36.06754],[36.74139,36.08478],[36.74442,36.0997],[36.75464,36.10483],[36.75581,36.10932],[36.74956,36.11485],[36.73788,36.11794],[36.72882,36.12317],[36.71876,36.14022],[36.7087,36.13833],[36.69916,36.14068],[36.68678,36.15041]]]]}},{"type":"Feature","properties":{"pcode":"SY070006","name":"سرمين","district":"مركز إدلب","gov":"إدلب","POP2004":14530,"mh_mean":0.6516,"seis_mean":0.5932,"flood_mean":0.6357,"pop_dens":325.9434,"frag_pct":0.7559,"old_pct":0.1061,"nonstd_pct":0.0015,"vuln_idx":0.7105,"risk_ahp":0.7012,"risk_class":5},"geometry":{"type":"MultiPolygon","coordinates":[[[[36.77246,35.93748],[36.6913,35.9338],[36.69025,35.91971],[36.68268,35.9196],[36.68373,35.89613],[36.69521,35.89443],[36.69705,35.88666],[36.75505,35.88448],[36.76409,35.88496],[36.76605,35.88851],[36.77853,35.88903],[36.77906,35.9112],[36.77246,35.93748]]]]}},{"type":"Feature","properties":{"pcode":"SY070200","name":"مركز معرة النعمان","district":"معرة النعمان","gov":"إدلب","POP2004":150965,"mh_mean":0.5643,"seis_mean":0.5465,"flood_mean":0.549,"pop_dens":368.8561,"frag_pct":0.65,"old_pct":0.0725,"nonstd_pct":0.0018,"vuln_idx":0.6143,"risk_ahp":0.5733,"risk_class":5},"geometry":{"type":"MultiPolygon","coordinates":[[[[36.90462,35.75519],[36.88859,35.75403],[36.88554,35.75138],[36.88626,35.7441],[36.88379,35.7425],[36.87957,35.74375],[36.86529,35.74198],[36.82928,35.74616],[36.82171,35.74423],[36.81836,35.75304],[36.81453,35.75299],[36.80254,35.75021],[36.79968,35.73819],[36.79328,35.73537],[36.7808,35.73571],[36.76981,35.73217],[36.75489,35.73639],[36.73192,35.7358],[36.70202,35.73365],[36.67869,35.72792],[36.67096,35.71799],[36.66108,35.69087],[36.65739,35.68928],[36.62305,35.69496],[36.6245,35.67687],[36.62128,35.67528],[36.60372,35.67657],[36.6005,35.67499],[36.59591,35.66375],[36.59824,35.65435],[36.61332,35.63126],[36.61986,35.59753],[36.62314,35.59207],[36.63454,35.58502],[36.64481,35.58337],[36.65084,35.58834],[36.67007,35.58697],[36.67302,35.57318],[36.71647,35.57738],[36.73068,35.57604],[36.73487,35.57995],[36.74539,35.58291],[36.76146,35.58212],[36.76733,35.5781],[36.7772,35.55078],[36.78962,35.55241],[36.79162,35.56194],[36.8033,35.5645],[36.80609,35.55929],[36.82033,35.5506],[36.82867,35.55361],[36.83167,35.57952],[36.82849,35.59177],[36.83142,35.59566],[36.84547,35.59739],[36.8622,35.59583],[36.87339,35.59241],[36.88658,35.60117],[36.86216,35.60544],[36.85237,35.61785],[36.85461,35.62301],[36.86028,35.62258],[36.8669,35.63394],[36.86794,35.64664],[36.86313,35.65989],[36.85206,35.66716],[36.85051,35.68405],[36.85327,35.68537],[36.90146,35.68323],[36.91291,35.68671],[36.91824,35.69167],[36.91992,35.70757],[36.90786,35.7138],[36.90958,35.74118],[36.90462,35.75519]]]]}},{"type":"Feature","properties":{"pcode":"SY070201","name":"خان شيخون","district":"معرة النعمان","gov":"إدلب","POP2004":50469,"mh_mean":0.6328,"seis_mean":0.5715,"flood_mean":0.6322,"pop_dens":248.5546,"frag_pct":0.65,"old_pct":0.0725,"nonstd_pct":0.0018,"vuln_idx":0.5968,"risk_ahp":0.6267,"risk_class":5},"geometry":{"type":"MultiPolygon","coordinates":[[[[36.65981,35.5183],[36.65418,35.51208],[36.65133,35.48924],[36.62993,35.48996],[36.62185,35.48831],[36.61736,35.48415],[36.62011,35.47983],[36.61678,35.47748],[36.58573,35.46474],[36.54747,35.47496],[36.54672,35.48315],[36.55333,35.50885],[36.52087,35.51415],[36.51824,35.48619],[36.50975,35.48698],[36.50536,35.48103],[36.48242,35.48685],[36.4778,35.5083],[36.47238,35.50976],[36.45781,35.50746],[36.45894,35.48845],[36.45679,35.47726],[36.47413,35.47563],[36.47707,35.46907],[36.47505,35.46334],[36.4964,35.45519],[36.50666,35.45361],[36.50841,35.44266],[36.52522,35.43441],[36.51648,35.41372],[36.51873,35.40833],[36.53242,35.41005],[36.55487,35.40909],[36.58515,35.42108],[36.58947,35.41667],[36.58751,35.40341],[36.59566,35.40433],[36.62494,35.40136],[36.63952,35.39538],[36.63887,35.37744],[36.65098,35.3799],[36.65054,35.3849],[36.65582,35.39034],[36.65707,35.39623],[36.67044,35.39955],[36.67546,35.40511],[36.69625,35.40298],[36.74573,35.40314],[36.74356,35.4425],[36.73608,35.44381],[36.73514,35.45316],[36.70385,35.45992],[36.70317,35.47251],[36.70753,35.47365],[36.70827,35.49685],[36.6883,35.49988],[36.68501,35.50265],[36.68439,35.50828],[36.65981,35.5183]]]]}},{"type":"Feature","properties":{"pcode":"SY070202","name":"سنجار","district":"معرة النعمان","gov":"إدلب","POP2004":33721,"mh_mean":0.4366,"seis_mean":0.3448,"flood_mean":0.5957,"pop_dens":57.1509,"frag_pct":0.65,"old_pct":0.0725,"nonstd_pct":0.0018,"vuln_idx":0.5321,"risk_ahp":0.4031,"risk_class":3},"geometry":{"type":"MultiPolygon","coordinates":[[[[36.99257,35.73814],[36.97649,35.73847],[36.96162,35.72993],[36.94591,35.73101],[36.94293,35.72107],[36.93677,35.71562],[36.92348,35.71131],[36.91992,35.70757],[36.91824,35.69167],[36.9083,35.68461],[36.85051,35.68405],[36.85206,35.66716],[36.86313,35.65989],[36.86794,35.64664],[36.8669,35.63394],[36.86028,35.62258],[36.85461,35.62301],[36.85237,35.61785],[36.86216,35.60544],[36.88658,35.60117],[36.87339,35.59241],[36.8622,35.59583],[36.84547,35.59739],[36.83142,35.59566],[36.82849,35.59177],[36.83167,35.57952],[36.82743,35.55311],[36.82902,35.54969],[36.85784,35.54683],[36.86407,35.54882],[36.86462,35.55101],[36.87328,35.55113],[36.87386,35.54652],[36.87692,35.54547],[36.90019,35.54662],[36.90237,35.54937],[36.90737,35.54944],[36.90767,35.55623],[36.9299,35.55818],[36.93077,35.55439],[36.93929,35.55097],[36.9396,35.54527],[36.94342,35.54234],[36.94469,35.53746],[36.91663,35.53842],[36.91599,35.51341],[36.93372,35.5123],[36.92397,35.48309],[36.93502,35.47903],[36.95156,35.49367],[36.95699,35.49184],[36.95747,35.48913],[36.96915,35.48902],[36.97172,35.47846],[36.99903,35.47885],[36.99768,35.48535],[37.0139,35.48748],[37.0171,35.46524],[37.00482,35.46425],[37.01015,35.44897],[37.03761,35.4529],[37.07201,35.4455],[37.07329,35.41047],[37.07978,35.41087],[37.08901,35.41958],[37.10449,35.42886],[37.10671,35.44193],[37.10271,35.44697],[37.10154,35.45852],[37.10434,35.46857],[37.11695,35.47187],[37.12196,35.46663],[37.143,35.45881],[37.16147,35.48935],[37.16118,35.50452],[37.1636,35.51098],[37.18151,35.51734],[37.18856,35.524],[37.19531,35.53259],[37.19576,35.54233],[37.20217,35.5499],[37.20166,35.55443],[37.18802,35.55755],[37.17763,35.55337],[37.17495,35.55022],[37.17008,35.55041],[37.16665,35.55304],[37.15645,35.58291],[37.14292,35.58764],[37.11121,35.59087],[37.12056,35.60589],[37.11814,35.60927],[37.1052,35.61254],[37.09292,35.60924],[37.08863,35.61178],[37.07466,35.63372],[37.07708,35.64209],[37.07565,35.65246],[37.07104,35.6592],[37.0638,35.65727],[37.06176,35.65959],[37.05769,35.67568],[37.04967,35.68807],[37.03523,35.68917],[36.98268,35.67972],[36.97417,35.69586],[36.97833,35.70464],[36.9888,35.71182],[36.99197,35.71812],[36.99028,35.73187],[36.99257,35.73814]]]]}},{"type":"Feature","properties":{"pcode":"SY070203","name":"كفر نبل","district":"معرة النعمان","gov":"إدلب","POP2004":67460,"mh_mean":0.6623,"seis_mean":0.708,"flood_mean":0.5073,"pop_dens":246.8384,"frag_pct":0.65,"old_pct":0.0725,"nonstd_pct":0.0018,"vuln_idx":0.5965,"risk_ahp":0.6513,"risk_class":5},"geometry":{"type":"MultiPolygon","coordinates":[[[[36.59567,35.65962],[36.5847,35.63507],[36.57323,35.64609],[36.53618,35.64942],[36.51897,35.65303],[36.51146,35.65215],[36.51196,35.64291],[36.49625,35.63613],[36.47914,35.63782],[36.44293,35.65195],[36.39977,35.65038],[36.39582,35.64703],[36.3953,35.61212],[36.39682,35.60716],[36.4055,35.60601],[36.40765,35.59665],[36.40187,35.59631],[36.3988,35.58363],[36.394,35.57973],[36.39651,35.56948],[36.39236,35.55947],[36.3938,35.54001],[36.40829,35.53562],[36.42512,35.53534],[36.43,35.52999],[36.43534,35.53009],[36.44492,35.53467],[36.44928,35.5253],[36.44621,35.51655],[36.45112,35.50951],[36.45781,35.50746],[36.47238,35.50976],[36.4778,35.5083],[36.48242,35.48685],[36.50536,35.48103],[36.50975,35.48698],[36.51824,35.48619],[36.52087,35.51415],[36.55333,35.50885],[36.55548,35.52157],[36.56506,35.54758],[36.56899,35.55045],[36.59257,35.55027],[36.60495,35.56236],[36.61143,35.57617],[36.62314,35.59207],[36.61986,35.59753],[36.61332,35.63126],[36.59567,35.65962]]]]}},{"type":"Feature","properties":{"pcode":"SY070204","name":"التمانعة","district":"معرة النعمان","gov":"إدلب","POP2004":29114,"mh_mean":0.4713,"seis_mean":0.384,"flood_mean":0.6033,"pop_dens":78.7576,"frag_pct":0.65,"old_pct":0.0725,"nonstd_pct":0.0018,"vuln_idx":0.5461,"risk_ahp":0.4482,"risk_class":4},"geometry":{"type":"MultiPolygon","coordinates":[[[[36.80609,35.55929],[36.8033,35.5645],[36.79162,35.56194],[36.78962,35.55241],[36.79057,35.52322],[36.77824,35.52459],[36.77474,35.51967],[36.76871,35.51792],[36.75324,35.51924],[36.75466,35.49877],[36.70827,35.49685],[36.70753,35.47365],[36.70317,35.47251],[36.70385,35.45992],[36.73514,35.45316],[36.73608,35.44381],[36.74356,35.4425],[36.74573,35.40314],[36.7899,35.40766],[36.7959,35.41397],[36.81425,35.41065],[36.83877,35.41349],[36.86093,35.41214],[36.87756,35.40231],[36.88034,35.39077],[36.8786,35.38246],[36.89564,35.37818],[36.9167,35.38301],[36.92982,35.38364],[36.94817,35.38041],[36.9538,35.38326],[36.95696,35.39526],[36.96749,35.40402],[36.98878,35.41311],[36.99506,35.42877],[37.00058,35.43226],[37.00499,35.43163],[37.0097,35.42721],[37.01725,35.41232],[37.03474,35.41183],[37.03864,35.40848],[37.07329,35.41047],[37.07201,35.4455],[37.03761,35.4529],[37.01015,35.44897],[37.00482,35.46425],[37.0171,35.46524],[37.0139,35.48748],[36.99768,35.48535],[36.99903,35.47885],[36.97172,35.47846],[36.96915,35.48902],[36.95747,35.48913],[36.95699,35.49184],[36.95156,35.49367],[36.93502,35.47903],[36.92397,35.48309],[36.93372,35.5123],[36.91599,35.51341],[36.91663,35.53842],[36.94469,35.53746],[36.94342,35.54234],[36.9396,35.54527],[36.93929,35.55097],[36.93077,35.55439],[36.9299,35.55818],[36.90767,35.55623],[36.90737,35.54944],[36.90237,35.54937],[36.90019,35.54662],[36.87692,35.54547],[36.87386,35.54652],[36.87328,35.55113],[36.86462,35.55101],[36.86407,35.54882],[36.85784,35.54683],[36.82902,35.54969],[36.82743,35.55311],[36.82033,35.5506],[36.80609,35.55929]]]]}},{"type":"Feature","properties":{"pcode":"SY070205","name":"حيش","district":"معرة النعمان","gov":"إدلب","POP2004":41231,"mh_mean":0.5784,"seis_mean":0.5507,"flood_mean":0.5674,"pop_dens":224.1513,"frag_pct":0.65,"old_pct":0.0725,"nonstd_pct":0.0018,"vuln_idx":0.5922,"risk_ahp":0.5761,"risk_class":5},"geometry":{"type":"MultiPolygon","coordinates":[[[[36.62813,35.58797],[36.62314,35.59207],[36.61143,35.57617],[36.60495,35.56236],[36.59257,35.55027],[36.56899,35.55045],[36.56506,35.54758],[36.55548,35.52157],[36.54672,35.48315],[36.54747,35.47496],[36.58573,35.46474],[36.59164,35.46585],[36.62011,35.47983],[36.61736,35.48415],[36.62185,35.48831],[36.62993,35.48996],[36.65133,35.48924],[36.65197,35.50641],[36.65981,35.5183],[36.68439,35.50828],[36.68501,35.50265],[36.6883,35.49988],[36.7146,35.49589],[36.75466,35.49877],[36.75324,35.51924],[36.76871,35.51792],[36.77474,35.51967],[36.77824,35.52459],[36.79057,35.52322],[36.78962,35.55241],[36.7772,35.55078],[36.76733,35.5781],[36.76146,35.58212],[36.74539,35.58291],[36.73487,35.57995],[36.73068,35.57604],[36.71647,35.57738],[36.67302,35.57318],[36.67007,35.58697],[36.65084,35.58834],[36.64481,35.58337],[36.62813,35.58797]]]]}},{"type":"Feature","properties":{"pcode":"SY070300","name":"مركز حارم","district":"حارم","gov":"إدلب","POP2004":12894,"mh_mean":0.7603,"seis_mean":0.7414,"flood_mean":0.6291,"pop_dens":260.9214,"frag_pct":0.6489,"old_pct":0.1631,"nonstd_pct":0.0001,"vuln_idx":0.6861,"risk_ahp":0.7802,"risk_class":5},"geometry":{"type":"MultiPolygon","coordinates":[[[[36.5363,36.24401],[36.51172,36.24259],[36.50821,36.24068],[36.50257,36.24204],[36.50019,36.23052],[36.50338,36.22623],[36.49967,36.2236],[36.4927,36.22662],[36.49134,36.23088],[36.48329,36.23293],[36.48665,36.22509],[36.48548,36.22016],[36.48801,36.21896],[36.47642,36.21419],[36.47188,36.20798],[36.47323,36.20173],[36.46981,36.20097],[36.46936,36.19855],[36.4711,36.18884],[36.475,36.18633],[36.48016,36.17232],[36.49989,36.16773],[36.50226,36.16469],[36.4985,36.14696],[36.51091,36.14995],[36.51629,36.16668],[36.53279,36.16947],[36.53809,36.17595],[36.54949,36.17253],[36.54557,36.2004],[36.53613,36.20052],[36.53515,36.21869],[36.559,36.21929],[36.57807,36.23196],[36.56334,36.23681],[36.5602,36.2338],[36.56177,36.23051],[36.55468,36.22396],[36.54543,36.23129],[36.5363,36.24401]]]]}},{"type":"Feature","properties":{"pcode":"SY070301","name":"دانا","district":"حارم","gov":"إدلب","POP2004":60058,"mh_mean":0.723,"seis_mean":0.7605,"flood_mean":0.5405,"pop_dens":268.0813,"frag_pct":0.6489,"old_pct":0.1631,"nonstd_pct":0.0001,"vuln_idx":0.6873,"risk_ahp":0.7508,"risk_class":5},"geometry":{"type":"MultiPolygon","coordinates":[[[[36.72574,36.33804],[36.7228,36.33448],[36.72943,36.32771],[36.71541,36.32257],[36.67289,36.32141],[36.65765,36.31774],[36.65843,36.31255],[36.65457,36.31237],[36.65693,36.2984],[36.68192,36.29723],[36.68422,36.29445],[36.69545,36.29589],[36.69573,36.28839],[36.69253,36.28805],[36.68748,36.28186],[36.68453,36.28233],[36.68049,36.27624],[36.68053,36.27091],[36.6897,36.26495],[36.69725,36.25333],[36.69442,36.24319],[36.69085,36.24026],[36.68123,36.2386],[36.67996,36.23312],[36.67481,36.23355],[36.67278,36.23596],[36.6642,36.23546],[36.66781,36.22918],[36.65691,36.22838],[36.63683,36.23741],[36.65206,36.20912],[36.65297,36.18867],[36.64997,36.1741],[36.64416,36.16367],[36.64939,36.16374],[36.6547,36.15323],[36.65335,36.13962],[36.66587,36.1375],[36.6743,36.14528],[36.68253,36.15035],[36.68678,36.15041],[36.69916,36.14068],[36.71418,36.13817],[36.71876,36.14022],[36.71581,36.14423],[36.71026,36.14648],[36.70923,36.1508],[36.71498,36.15458],[36.73286,36.15686],[36.74323,36.16289],[36.76015,36.16506],[36.77344,36.18585],[36.76507,36.19137],[36.76869,36.19544],[36.77402,36.19539],[36.78057,36.20749],[36.79825,36.21655],[36.81228,36.21483],[36.82821,36.21716],[36.83309,36.23102],[36.84031,36.2338],[36.83761,36.24737],[36.83564,36.24913],[36.82242,36.25022],[36.82386,36.25841],[36.81615,36.26763],[36.82189,36.28353],[36.81519,36.28439],[36.79342,36.28137],[36.78698,36.30267],[36.77312,36.30183],[36.76554,36.30444],[36.75129,36.33265],[36.74513,36.33783],[36.72574,36.33804]]]]}},{"type":"Feature","properties":{"pcode":"SY070302","name":"سلقين","district":"حارم","gov":"إدلب","POP2004":47939,"mh_mean":0.7849,"seis_mean":0.7732,"flood_mean":0.6342,"pop_dens":338.5557,"frag_pct":0.6489,"old_pct":0.1631,"nonstd_pct":0.0001,"vuln_idx":0.6976,"risk_ahp":0.8062,"risk_class":5},"geometry":{"type":"MultiPolygon","coordinates":[[[[36.395,36.22541],[36.38884,36.21792],[36.38123,36.21621],[36.38359,36.21285],[36.38798,36.21596],[36.39055,36.21428],[36.3878,36.20679],[36.39137,36.2106],[36.39701,36.20218],[36.39237,36.20429],[36.39062,36.19704],[36.39494,36.19501],[36.39333,36.19818],[36.3961,36.1996],[36.39522,36.19679],[36.39979,36.19426],[36.39979,36.19108],[36.39701,36.19258],[36.39662,36.18837],[36.38916,36.18773],[36.38669,36.18337],[36.38237,36.18523],[36.38723,36.18894],[36.38147,36.18837],[36.38041,36.18262],[36.37773,36.18405],[36.37217,36.17842],[36.36813,36.17977],[36.37417,36.17081],[36.37012,36.17137],[36.3653,36.16694],[36.36884,36.1658],[36.36774,36.15919],[36.38063,36.15525],[36.38009,36.15321],[36.37591,36.15257],[36.37784,36.14793],[36.37977,36.147],[36.38312,36.14932],[36.38891,36.14597],[36.38587,36.14404],[36.38805,36.14083],[36.38473,36.14036],[36.38223,36.13515],[36.38228,36.13201],[36.38592,36.13208],[36.3868,36.12856],[36.38002,36.13087],[36.3747,36.12805],[36.37784,36.12544],[36.3716,36.12266],[36.37188,36.12127],[36.37791,36.12234],[36.37973,36.11581],[36.37584,36.11856],[36.37017,36.11648],[36.37452,36.11374],[36.37484,36.10942],[36.37909,36.11081],[36.38148,36.1086],[36.38095,36.10649],[36.37538,36.10599],[36.3752,36.10289],[36.37945,36.10185],[36.38091,36.1051],[36.38569,36.10257],[36.3853,36.09439],[36.38102,36.09921],[36.37684,36.09839],[36.37898,36.09329],[36.39006,36.08228],[36.38612,36.07766],[36.38692,36.07491],[36.38115,36.07503],[36.3787,36.07212],[36.38115,36.05864],[36.37881,36.0567],[36.38681,36.05304],[36.38629,36.05056],[36.40957,36.04594],[36.41527,36.03203],[36.4284,36.02762],[36.43332,36.04216],[36.43379,36.08866],[36.46069,36.09084],[36.46716,36.12807],[36.47065,36.13325],[36.49365,36.13203],[36.49523,36.14358],[36.49905,36.1469],[36.50234,36.15726],[36.50226,36.16469],[36.49989,36.16773],[36.48183,36.17055],[36.475,36.18633],[36.4711,36.18884],[36.46936,36.19855],[36.46509,36.19685],[36.45595,36.20256],[36.45718,36.2079],[36.42901,36.20751],[36.395,36.22541]]]]}},{"type":"Feature","properties":{"pcode":"SY070303","name":"كفر تخاريم","district":"حارم","gov":"إدلب","POP2004":13174,"mh_mean":0.6751,"seis_mean":0.7577,"flood_mean":0.4625,"pop_dens":142.4291,"frag_pct":0.6489,"old_pct":0.1631,"nonstd_pct":0.0001,"vuln_idx":0.6593,"risk_ahp":0.6958,"risk_class":5},"geometry":{"type":"MultiPolygon","coordinates":[[[[36.53809,36.17595],[36.53279,36.16947],[36.51629,36.16668],[36.51091,36.14995],[36.49905,36.1469],[36.49523,36.14358],[36.49365,36.13203],[36.47065,36.13325],[36.46429,36.11727],[36.46069,36.09084],[36.45638,36.08961],[36.45817,36.06876],[36.47019,36.06817],[36.48035,36.07245],[36.48359,36.07921],[36.48331,36.09088],[36.52023,36.08931],[36.51718,36.07916],[36.53605,36.07532],[36.54512,36.06286],[36.57248,36.07284],[36.57511,36.0872],[36.58945,36.0892],[36.57885,36.11082],[36.58262,36.13419],[36.58093,36.15363],[36.57435,36.15328],[36.56146,36.16514],[36.53809,36.17595]]]]}},{"type":"Feature","properties":{"pcode":"SY070304","name":"قورقينا","district":"حارم","gov":"إدلب","POP2004":12552,"mh_mean":0.6833,"seis_mean":0.7325,"flood_mean":0.508,"pop_dens":101.6812,"frag_pct":0.6489,"old_pct":0.1631,"nonstd_pct":0.0001,"vuln_idx":0.6445,"risk_ahp":0.6948,"risk_class":5},"geometry":{"type":"MultiPolygon","coordinates":[[[[36.63677,36.23744],[36.63019,36.23939],[36.62203,36.23718],[36.62526,36.23682],[36.62564,36.23329],[36.62984,36.23264],[36.62642,36.22632],[36.6265,36.22365],[36.62868,36.22358],[36.6251,36.21382],[36.60272,36.22015],[36.59031,36.22659],[36.58247,36.226],[36.57807,36.23196],[36.559,36.21929],[36.53515,36.21869],[36.53613,36.20052],[36.54557,36.2004],[36.54949,36.17253],[36.56146,36.16514],[36.57435,36.15328],[36.58093,36.15363],[36.58201,36.15109],[36.58262,36.13419],[36.57885,36.11082],[36.58963,36.09176],[36.58702,36.08763],[36.57392,36.08591],[36.57248,36.07284],[36.57912,36.06956],[36.58586,36.06867],[36.59338,36.07766],[36.60901,36.07664],[36.61535,36.09283],[36.63749,36.09067],[36.65671,36.10735],[36.65834,36.11945],[36.66587,36.1375],[36.65198,36.14037],[36.6547,36.15323],[36.64939,36.16374],[36.64416,36.16367],[36.64997,36.1741],[36.65297,36.18867],[36.65206,36.20912],[36.63677,36.23744]]]]}},{"type":"Feature","properties":{"pcode":"SY070305","name":"أرمناز","district":"حارم","gov":"إدلب","POP2004":28865,"mh_mean":0.7262,"seis_mean":0.7698,"flood_mean":0.5394,"pop_dens":221.8456,"frag_pct":0.6489,"old_pct":0.1631,"nonstd_pct":0.0001,"vuln_idx":0.6789,"risk_ahp":0.7488,"risk_class":5},"geometry":{"type":"MultiPolygon","coordinates":[[[[36.48331,36.09088],[36.48359,36.07921],[36.48035,36.07245],[36.47652,36.06935],[36.46491,36.06738],[36.4569,36.07011],[36.45638,36.08961],[36.43379,36.08866],[36.43332,36.04216],[36.4284,36.02762],[36.43051,36.01986],[36.43609,36.01225],[36.45317,36.01101],[36.46475,36.01288],[36.46598,36.01105],[36.46291,35.99381],[36.44922,35.98619],[36.44574,35.97425],[36.45152,35.96184],[36.45103,35.95748],[36.43919,35.94037],[36.4347,35.91341],[36.44225,35.91089],[36.45031,35.91893],[36.46213,35.94068],[36.46416,35.95955],[36.46879,35.96377],[36.47522,35.96624],[36.4839,35.95408],[36.48763,35.95254],[36.51357,35.9537],[36.52128,35.96392],[36.52182,35.97205],[36.53942,35.9724],[36.5359,35.97909],[36.53517,35.99255],[36.53448,36.0215],[36.53762,36.02526],[36.54522,36.02512],[36.54774,36.01797],[36.55389,36.01657],[36.56937,36.01679],[36.57164,36.01979],[36.57017,36.02448],[36.5543,36.02574],[36.55269,36.02745],[36.55182,36.03784],[36.53911,36.05376],[36.5391,36.05686],[36.54512,36.06286],[36.53605,36.07532],[36.51718,36.07916],[36.52023,36.08931],[36.48331,36.09088]]]]}},{"type":"Feature","properties":{"pcode":"SY070400","name":"مركز جسر الشغور","district":"جسر الشغور","gov":"إدلب","POP2004":90348,"mh_mean":0.7672,"seis_mean":0.8071,"flood_mean":0.5726,"pop_dens":347.7263,"frag_pct":0.4601,"old_pct":0.1412,"nonstd_pct":0.0001,"vuln_idx":0.5556,"risk_ahp":0.7071,"risk_class":5},"geometry":{"type":"MultiPolygon","coordinates":[[[[36.3789,35.92032],[36.36196,35.89796],[36.34555,35.89337],[36.34149,35.88717],[36.34433,35.884],[36.34354,35.88118],[36.34014,35.8801],[36.34447,35.87317],[36.32434,35.87015],[36.32052,35.85959],[36.31692,35.85646],[36.31254,35.85615],[36.3004,35.87134],[36.29593,35.87256],[36.28335,35.86701],[36.27143,35.87247],[36.27159,35.87529],[36.27468,35.87636],[36.27192,35.88093],[36.26324,35.87876],[36.24995,35.88331],[36.24904,35.87689],[36.25466,35.86596],[36.25123,35.8654],[36.24763,35.85664],[36.23499,35.85211],[36.23277,35.83785],[36.23853,35.82436],[36.23506,35.81893],[36.25204,35.80124],[36.25469,35.79283],[36.24143,35.78534],[36.24297,35.77434],[36.23646,35.7662],[36.2278,35.76141],[36.22564,35.75201],[36.25679,35.74986],[36.27912,35.74448],[36.29381,35.75205],[36.30266,35.75071],[36.31167,35.74624],[36.31415,35.74679],[36.31656,35.7601],[36.31974,35.76206],[36.3281,35.76103],[36.34752,35.7394],[36.3469,35.73646],[36.34115,35.73548],[36.34358,35.72102],[36.34586,35.71952],[36.36149,35.72306],[36.36844,35.71614],[36.37743,35.7178],[36.38093,35.72564],[36.39377,35.7229],[36.39092,35.74513],[36.39331,35.75232],[36.40756,35.75118],[36.41379,35.75367],[36.41564,35.74821],[36.41978,35.74827],[36.43027,35.75517],[36.42992,35.77119],[36.42767,35.77454],[36.41368,35.77476],[36.41043,35.79665],[36.41123,35.80088],[36.42252,35.80273],[36.42584,35.80826],[36.4301,35.82519],[36.42743,35.83343],[36.43086,35.87794],[36.42135,35.87638],[36.41759,35.88331],[36.40855,35.88778],[36.40501,35.88333],[36.39887,35.88657],[36.39575,35.88601],[36.40085,35.90222],[36.39532,35.9141],[36.3789,35.92032]]]]}},{"type":"Feature","properties":{"pcode":"SY070401","name":"بداما","district":"جسر الشغور","gov":"إدلب","POP2004":18501,"mh_mean":0.6799,"seis_mean":0.7479,"flood_mean":0.4824,"pop_dens":145.0984,"frag_pct":0.4601,"old_pct":0.1412,"nonstd_pct":0.0001,"vuln_idx":0.517,"risk_ahp":0.6197,"risk_class":5},"geometry":{"type":"MultiPolygon","coordinates":[[[[36.21142,35.93618],[36.18361,35.9316],[36.17588,35.92102],[36.17426,35.89334],[36.1696,35.88531],[36.1753,35.86882],[36.16806,35.82928],[36.16144,35.81749],[36.15681,35.81301],[36.15148,35.81223],[36.14761,35.79469],[36.15056,35.78857],[36.16094,35.78388],[36.16898,35.78497],[36.18873,35.77487],[36.19794,35.76698],[36.19978,35.7608],[36.20752,35.75258],[36.22564,35.75201],[36.2278,35.76141],[36.23646,35.7662],[36.24297,35.77434],[36.24143,35.78534],[36.25469,35.79283],[36.25204,35.80124],[36.23506,35.81893],[36.23853,35.82436],[36.23277,35.83785],[36.23499,35.85211],[36.24763,35.85664],[36.25123,35.8654],[36.25466,35.86596],[36.24904,35.87689],[36.25612,35.90352],[36.25558,35.90696],[36.25064,35.91036],[36.23511,35.90795],[36.23567,35.93229],[36.22564,35.93189],[36.21142,35.93618]]]]}},{"type":"Feature","properties":{"pcode":"SY070402","name":"دركوش","district":"جسر الشغور","gov":"إدلب","POP2004":21561,"mh_mean":0.744,"seis_mean":0.7932,"flood_mean":0.5396,"pop_dens":168.2818,"frag_pct":0.4601,"old_pct":0.1412,"nonstd_pct":0.0001,"vuln_idx":0.5235,"risk_ahp":0.6703,"risk_class":5},"geometry":{"type":"MultiPolygon","coordinates":[[[[36.38378,36.05042],[36.37887,36.04853],[36.37984,36.04402],[36.38812,36.04311],[36.38978,36.04008],[36.38058,36.03797],[36.38041,36.03397],[36.37733,36.03174],[36.37967,36.02917],[36.37148,36.02481],[36.36637,36.02538],[36.36677,36.02223],[36.37158,36.02432],[36.37348,36.02305],[36.36968,36.01952],[36.37492,36.01964],[36.37661,36.01764],[36.37397,36.01433],[36.37619,36.01161],[36.36755,36.00229],[36.34939,35.99218],[36.33626,35.98828],[36.31327,36.00525],[36.30216,36.01034],[36.2903,36.01059],[36.28628,36.00915],[36.28567,36.00635],[36.2858,35.98337],[36.29734,35.96594],[36.32374,35.97119],[36.3238,35.95839],[36.33001,35.95412],[36.33085,35.9444],[36.35098,35.9498],[36.35597,35.94475],[36.36284,35.94536],[36.35748,35.95733],[36.36088,35.96429],[36.37625,35.95887],[36.38325,35.96307],[36.38841,35.96058],[36.40038,35.95998],[36.40086,35.95128],[36.3789,35.92032],[36.39393,35.9153],[36.39683,35.91181],[36.40085,35.90222],[36.39575,35.88601],[36.39887,35.88657],[36.40501,35.88333],[36.40855,35.88778],[36.41176,35.88662],[36.41759,35.88331],[36.42227,35.87602],[36.43086,35.87794],[36.42504,35.88753],[36.42819,35.89123],[36.44475,35.89732],[36.44227,35.91136],[36.4347,35.91341],[36.43919,35.94037],[36.45103,35.95748],[36.45152,35.96184],[36.44587,35.97187],[36.44922,35.98619],[36.46291,35.99381],[36.46598,36.01105],[36.46475,36.01288],[36.45317,36.01101],[36.43609,36.01225],[36.43051,36.01986],[36.42823,36.02825],[36.41527,36.03203],[36.40957,36.04594],[36.40134,36.04892],[36.38378,36.05042]]]]}},{"type":"Feature","properties":{"pcode":"SY070403","name":"الجانودية","district":"جسر الشغور","gov":"إدلب","POP2004":19642,"mh_mean":0.7342,"seis_mean":0.783,"flood_mean":0.533,"pop_dens":162.0554,"frag_pct":0.4601,"old_pct":0.1412,"nonstd_pct":0.0001,"vuln_idx":0.5218,"risk_ahp":0.6623,"risk_class":5},"geometry":{"type":"MultiPolygon","coordinates":[[[[36.32374,35.97119],[36.29734,35.96594],[36.29678,35.95871],[36.28127,35.94952],[36.26879,35.95299],[36.26059,35.96144],[36.2556,35.96301],[36.2311,35.95904],[36.20474,35.95152],[36.18906,35.93984],[36.18361,35.9316],[36.20027,35.9332],[36.20607,35.93636],[36.22564,35.93189],[36.23567,35.93229],[36.23511,35.90795],[36.25064,35.91036],[36.25558,35.90696],[36.25519,35.89671],[36.2511,35.89101],[36.24995,35.88331],[36.26324,35.87876],[36.27192,35.88093],[36.27468,35.87636],[36.27159,35.87529],[36.27143,35.87247],[36.28335,35.86701],[36.29593,35.87256],[36.3004,35.87134],[36.31254,35.85615],[36.31692,35.85646],[36.32052,35.85959],[36.32434,35.87015],[36.34447,35.87317],[36.34014,35.8801],[36.34354,35.88118],[36.34433,35.884],[36.34149,35.88717],[36.34258,35.89026],[36.3477,35.89443],[36.36196,35.89796],[36.38522,35.92672],[36.40086,35.95128],[36.40038,35.95998],[36.38841,35.96058],[36.38325,35.96307],[36.37625,35.95887],[36.36088,35.96429],[36.35748,35.95733],[36.36284,35.94536],[36.35597,35.94475],[36.35098,35.9498],[36.33085,35.9444],[36.33001,35.95412],[36.3238,35.95839],[36.32374,35.97119]]]]}},{"type":"Feature","properties":{"pcode":"SY070500","name":"مركز أريحا","district":"أريحا","gov":"إدلب","POP2004":83487,"mh_mean":0.6594,"seis_mean":0.7094,"flood_mean":0.5002,"pop_dens":303.5973,"frag_pct":0.745,"old_pct":0.1226,"nonstd_pct":0.0001,"vuln_idx":0.7084,"risk_ahp":0.7072,"risk_class":5},"geometry":{"type":"MultiPolygon","coordinates":[[[[36.52115,35.90623],[36.5139,35.90743],[36.50661,35.89209],[36.50838,35.88914],[36.50315,35.86691],[36.49285,35.84243],[36.49361,35.82837],[36.4997,35.82613],[36.50188,35.82078],[36.51009,35.81987],[36.5118,35.81733],[36.511,35.78287],[36.49635,35.78611],[36.50101,35.76723],[36.50821,35.75901],[36.51775,35.75683],[36.52188,35.76176],[36.54669,35.76775],[36.54753,35.78134],[36.57904,35.77973],[36.5792,35.77666],[36.57244,35.774],[36.57082,35.76322],[36.59823,35.76181],[36.59976,35.75108],[36.59554,35.74769],[36.59426,35.74229],[36.61455,35.73056],[36.62426,35.69455],[36.65739,35.68928],[36.66108,35.69087],[36.67373,35.72361],[36.6861,35.73072],[36.71073,35.73432],[36.71264,35.74403],[36.72257,35.75979],[36.72196,35.76369],[36.6988,35.76369],[36.69605,35.77016],[36.69726,35.77734],[36.70358,35.7859],[36.69829,35.80617],[36.69923,35.82572],[36.70417,35.83035],[36.71243,35.83274],[36.71463,35.83636],[36.71227,35.83942],[36.69306,35.84012],[36.68605,35.84425],[36.67034,35.84664],[36.66523,35.85991],[36.65987,35.86309],[36.65568,35.8741],[36.64488,35.87428],[36.63597,35.85462],[36.63158,35.85455],[36.62607,35.86034],[36.61049,35.86044],[36.60641,35.8695],[36.60233,35.87107],[36.58668,35.87248],[36.58147,35.88022],[36.58525,35.89883],[36.58231,35.90514],[36.5743,35.90567],[36.57161,35.90368],[36.57105,35.89195],[36.56518,35.88959],[36.54594,35.89095],[36.52115,35.90623]]]]}},{"type":"Feature","properties":{"pcode":"SY070501","name":"احسم","district":"أريحا","gov":"إدلب","POP2004":65253,"mh_mean":0.6753,"seis_mean":0.7513,"flood_mean":0.4777,"pop_dens":319.3946,"frag_pct":0.745,"old_pct":0.1226,"nonstd_pct":0.0001,"vuln_idx":0.7106,"risk_ahp":0.7225,"risk_class":5},"geometry":{"type":"MultiPolygon","coordinates":[[[[36.48822,35.78857],[36.48293,35.78772],[36.48122,35.78437],[36.47805,35.76178],[36.47372,35.75186],[36.45087,35.72694],[36.43973,35.71808],[36.42705,35.66794],[36.41923,35.65554],[36.41981,35.65124],[36.44293,35.65195],[36.47914,35.63782],[36.49625,35.63613],[36.51196,35.64291],[36.51146,35.65215],[36.51897,35.65303],[36.53618,35.64942],[36.57323,35.64609],[36.5847,35.63507],[36.6005,35.67499],[36.6245,35.67687],[36.62426,35.69455],[36.61561,35.72871],[36.59426,35.74229],[36.59554,35.74769],[36.59976,35.75108],[36.59823,35.76181],[36.57152,35.76195],[36.57244,35.774],[36.5792,35.77666],[36.57904,35.77973],[36.54753,35.78134],[36.54669,35.76775],[36.52188,35.76176],[36.51775,35.75683],[36.51304,35.75677],[36.50558,35.76102],[36.50101,35.76723],[36.49635,35.78611],[36.48822,35.78857]]]]}},{"type":"Feature","properties":{"pcode":"SY070502","name":"محمبل","district":"أريحا","gov":"إدلب","POP2004":28265,"mh_mean":0.7649,"seis_mean":0.7642,"flood_mean":0.615,"pop_dens":227.5341,"frag_pct":0.745,"old_pct":0.1226,"nonstd_pct":0.0001,"vuln_idx":0.6956,"risk_ahp":0.7893,"risk_class":5},"geometry":{"type":"MultiPolygon","coordinates":[[[[36.50827,35.89119],[36.50661,35.89209],[36.50075,35.88852],[36.49352,35.87442],[36.48388,35.8681],[36.47704,35.86898],[36.47028,35.86107],[36.46024,35.85474],[36.45705,35.85469],[36.44872,35.86109],[36.44106,35.87752],[36.43086,35.87794],[36.42743,35.83343],[36.4301,35.82519],[36.42584,35.80826],[36.42252,35.80273],[36.41123,35.80088],[36.41043,35.79665],[36.41368,35.77476],[36.42767,35.77454],[36.42992,35.77119],[36.43027,35.75517],[36.41978,35.74827],[36.41564,35.74821],[36.41379,35.75367],[36.40756,35.75118],[36.39331,35.75232],[36.39133,35.74873],[36.39393,35.72079],[36.41018,35.70516],[36.41073,35.69724],[36.40601,35.67606],[36.38728,35.6749],[36.38613,35.67297],[36.38985,35.66938],[36.40067,35.66915],[36.40214,35.66215],[36.39582,35.64703],[36.40445,35.65122],[36.41981,35.65124],[36.41923,35.65554],[36.42705,35.66794],[36.43973,35.71808],[36.45087,35.72694],[36.47372,35.75186],[36.47805,35.76178],[36.4796,35.77948],[36.48293,35.78772],[36.48822,35.78857],[36.511,35.78287],[36.5118,35.81733],[36.51009,35.81987],[36.50188,35.82078],[36.4997,35.82613],[36.49361,35.82837],[36.4924,35.83909],[36.50315,35.86691],[36.50827,35.89119]]]]}},{"type":"Feature","properties":{"pcode":"SY080000","name":"مركز الحسكة","district":"مركز الحسكة","gov":"الحسكة","POP2004":254622,"mh_mean":0.406,"seis_mean":0.2599,"flood_mean":0.6549,"pop_dens":101.4883,"frag_pct":0.636,"old_pct":0.0403,"nonstd_pct":0.0003,"vuln_idx":0.5009,"risk_ahp":0.3541,"risk_class":2},"geometry":{"type":"MultiPolygon","coordinates":[[[[40.80081,36.80472],[40.78414,36.80472],[40.78186,36.7926],[40.76216,36.77896],[40.74701,36.77517],[40.69019,36.77593],[40.62579,36.7676],[40.547,36.76533],[40.49396,36.75472],[40.4882,36.72086],[40.47745,36.68034],[40.47827,36.66132],[40.49233,36.64809],[40.51135,36.64561],[40.5312,36.6547],[40.55104,36.64891],[40.56948,36.63258],[40.58443,36.62857],[40.59136,36.61471],[40.58553,36.5848],[40.57303,36.56934],[40.55515,36.53932],[40.56026,36.51058],[40.55131,36.50227],[40.54684,36.49333],[40.54237,36.45948],[40.52513,36.44542],[40.48992,36.45679],[40.44363,36.44224],[40.39469,36.43299],[40.29417,36.43299],[40.25317,36.43563],[40.21878,36.4224],[40.18571,36.41315],[40.15132,36.42637],[40.12619,36.43299],[40.08714,36.29188],[40.07342,36.27633],[40.08876,36.26649],[40.12553,36.26559],[40.17664,36.27814],[40.23045,36.31043],[40.2717,36.29249],[40.31295,36.29339],[40.34971,36.27814],[40.40621,36.27725],[40.42952,36.28801],[40.44477,36.29877],[40.48692,36.29697],[40.50754,36.28083],[40.55507,36.26559],[40.6026,36.2629],[40.72724,36.27994],[40.78643,36.27545],[40.80167,36.2638],[40.83575,36.27276],[40.86624,36.29608],[40.87431,36.31401],[40.86534,36.32119],[40.85817,36.34181],[40.87162,36.36154],[40.88417,36.3732],[40.92811,36.3714],[40.95322,36.38127],[40.95053,36.39831],[40.93708,36.40638],[40.92901,36.42611],[40.95482,36.45152],[40.93981,36.49993],[40.90839,36.53999],[40.88238,36.58124],[40.8761,36.60187],[40.85132,36.63741],[40.86072,36.64924],[40.89936,36.65481],[40.90921,36.65916],[40.9145,36.66445],[40.91185,36.69752],[40.9145,36.72265],[40.9264,36.73852],[40.91273,36.78383],[40.88187,36.7979],[40.82808,36.79639],[40.80081,36.80472]]]]}},{"type":"Feature","properties":{"pcode":"SY080001","name":"تل تمر","district":"مركز الحسكة","gov":"الحسكة","POP2004":50718,"mh_mean":0.3879,"seis_mean":0.2197,"flood_mean":0.6768,"pop_dens":45.6342,"frag_pct":0.636,"old_pct":0.0403,"nonstd_pct":0.0003,"vuln_idx":0.4659,"risk_ahp":0.3186,"risk_class":2},"geometry":{"type":"MultiPolygon","coordinates":[[[[40.40305,36.78048],[40.40093,36.78441],[40.36323,36.77639],[40.36024,36.77356],[40.36473,36.75443],[40.36207,36.74777],[40.346,36.74003],[40.31793,36.73536],[40.29624,36.72813],[40.27711,36.73068],[40.25031,36.7243],[40.24394,36.71282],[40.25117,36.70049],[40.26988,36.67922],[40.26818,36.66817],[40.25754,36.6452],[40.24734,36.63372],[40.22905,36.63372],[40.21502,36.63117],[40.181,36.60523],[40.16654,36.60948],[40.14825,36.60948],[40.12274,36.598],[40.11806,36.58609],[40.13082,36.56695],[40.13677,36.54356],[40.13975,36.49891],[40.12619,36.43299],[40.15132,36.42637],[40.18571,36.41315],[40.21878,36.4224],[40.25317,36.43563],[40.29417,36.43299],[40.39469,36.43299],[40.44363,36.44224],[40.48992,36.45679],[40.52513,36.44542],[40.54237,36.45948],[40.54684,36.49333],[40.55131,36.50227],[40.56026,36.51058],[40.55515,36.53932],[40.57303,36.56934],[40.58553,36.5848],[40.59136,36.61471],[40.58443,36.62857],[40.56948,36.63258],[40.55104,36.64891],[40.5312,36.6547],[40.51135,36.64561],[40.49233,36.64809],[40.47827,36.66132],[40.47745,36.68034],[40.4882,36.72086],[40.49396,36.75472],[40.45911,36.75396],[40.40305,36.78048]]]]}},{"type":"Feature","properties":{"pcode":"SY080002","name":"شدادة","district":"مركز الحسكة","gov":"الحسكة","POP2004":58916,"mh_mean":0.3618,"seis_mean":0.2055,"flood_mean":0.6506,"pop_dens":30.4525,"frag_pct":0.636,"old_pct":0.0403,"nonstd_pct":0.0003,"vuln_idx":0.4484,"risk_ahp":0.2769,"risk_class":1},"geometry":{"type":"MultiPolygon","coordinates":[[[[40.94605,36.24765],[40.90928,36.25752],[40.92121,36.23539],[40.9242,36.21295],[40.90476,36.18304],[40.87335,36.16659],[40.80754,36.16509],[40.76566,36.14864],[40.69686,36.13368],[40.6834,36.13368],[40.66246,36.14864],[40.65349,36.18453],[40.6161,36.23539],[40.56824,36.24286],[40.55627,36.21594],[40.53084,36.17406],[40.50392,36.14714],[40.47072,36.12013],[40.4506,36.09847],[40.42739,36.08068],[40.41568,36.04693],[40.40969,36.00057],[40.34987,35.94822],[40.3459,35.94686],[40.36438,35.93839],[40.37608,35.92403],[40.39416,35.88414],[40.50115,35.78864],[40.50656,35.78624],[40.56973,35.8495],[40.59067,35.8869],[40.62358,35.90484],[40.67892,35.90484],[40.74622,35.89288],[40.81652,35.88989],[40.8584,35.89437],[40.87335,35.90783],[40.88532,35.95121],[40.88382,35.9871],[40.91075,36.01104],[40.98852,36.023],[41.00796,36.00954],[41.04535,36.04095],[41.07826,36.03796],[41.10668,36.04095],[41.11565,36.0589],[41.11715,36.08731],[41.14556,36.12919],[41.16501,36.17257],[41.16127,36.21806],[41.12271,36.22613],[41.09043,36.24227],[41.0698,36.24138],[41.03841,36.22972],[41.01151,36.22344],[40.99178,36.23151],[40.97026,36.24855],[40.94605,36.24765]]]]}},{"type":"Feature","properties":{"pcode":"SY080003","name":"مركدة","district":"مركز الحسكة","gov":"الحسكة","POP2004":34745,"mh_mean":0.341,"seis_mean":0.1504,"flood_mean":0.688,"pop_dens":10.4474,"frag_pct":0.636,"old_pct":0.0403,"nonstd_pct":0.0003,"vuln_idx":0.4035,"risk_ahp":0.2321,"risk_class":1},"geometry":{"type":"MultiPolygon","coordinates":[[[[41.27829,36.23544],[41.21866,36.21985],[41.16127,36.21806],[41.16501,36.17257],[41.14556,36.12919],[41.11715,36.08731],[41.11565,36.0589],[41.10668,36.04095],[41.07826,36.03796],[41.04535,36.04095],[41.00796,36.00954],[40.98852,36.023],[40.91075,36.01104],[40.88382,35.9871],[40.88532,35.95121],[40.87335,35.90783],[40.8584,35.89437],[40.81652,35.88989],[40.74622,35.89288],[40.67892,35.90484],[40.62358,35.90484],[40.59067,35.8869],[40.56973,35.8495],[40.50656,35.78624],[40.53819,35.77154],[40.57837,35.73844],[40.61804,35.71142],[40.63364,35.69464],[40.6612,35.67401],[40.69319,35.65264],[40.72294,35.64015],[40.73517,35.62805],[40.75207,35.61723],[40.86109,35.58754],[40.97095,35.54937],[41.02576,35.55135],[41.10983,35.54714],[41.20923,35.53843],[41.2795,35.49885],[41.38227,35.62551],[41.36953,35.8429],[41.25591,36.0594],[41.27829,36.23544]]]]}},{"type":"Feature","properties":{"pcode":"SY080004","name":"بئر الحلو الوردية","district":"مركز الحسكة","gov":"الحسكة","POP2004":40522,"mh_mean":0.3765,"seis_mean":0.196,"flood_mean":0.688,"pop_dens":44.2818,"frag_pct":0.636,"old_pct":0.0403,"nonstd_pct":0.0003,"vuln_idx":0.4646,"risk_ahp":0.3028,"risk_class":1},"geometry":{"type":"MultiPolygon","coordinates":[[[[41.22977,36.84218],[41.21625,36.83939],[41.20103,36.82781],[41.1918,36.82588],[41.17078,36.8336],[41.1564,36.83296],[41.1463,36.82826],[41.13328,36.81633],[41.11268,36.81741],[41.09533,36.83043],[41.0883,36.84083],[41.03189,36.78805],[40.99703,36.76684],[40.92506,36.7782],[40.91273,36.78383],[40.9264,36.73852],[40.9145,36.72265],[40.91185,36.69752],[40.9145,36.66445],[40.90921,36.65916],[40.89936,36.65481],[40.86072,36.64924],[40.85132,36.63741],[40.8761,36.60187],[40.88238,36.58124],[40.90839,36.53999],[40.93981,36.49993],[40.94506,36.50671],[40.95566,36.51341],[40.96808,36.51499],[40.97721,36.51362],[41.00254,36.49516],[41.03931,36.4826],[41.04648,36.48798],[41.04738,36.49874],[41.03931,36.50681],[41.02586,36.51488],[41.02227,36.52923],[41.02496,36.54179],[41.03662,36.54358],[41.04648,36.5382],[41.0689,36.51399],[41.07787,36.51668],[41.08863,36.53371],[41.09849,36.5373],[41.12884,36.53546],[41.14961,36.5391],[41.17203,36.54717],[41.18458,36.55882],[41.22494,36.56331],[41.2357,36.57228],[41.23032,36.57496],[41.21866,36.592],[41.23211,36.60814],[41.25429,36.60625],[41.24722,36.67083],[41.23512,36.68395],[41.21796,36.69404],[41.20485,36.71523],[41.20283,36.74651],[41.2109,36.76064],[41.23512,36.77477],[41.25401,36.81277],[41.24371,36.81644],[41.24221,36.82781],[41.23813,36.83854],[41.22977,36.84218]]]]}},{"type":"Feature","properties":{"pcode":"SY080005","name":"العريشة","district":"مركز الحسكة","gov":"الحسكة","POP2004":30544,"mh_mean":0.3605,"seis_mean":0.2001,"flood_mean":0.656,"pop_dens":20.1107,"frag_pct":0.636,"old_pct":0.0403,"nonstd_pct":0.0003,"vuln_idx":0.4307,"risk_ahp":0.2695,"risk_class":1},"geometry":{"type":"MultiPolygon","coordinates":[[[[40.2717,36.29249],[40.23045,36.31043],[40.17664,36.27814],[40.12553,36.26559],[40.08876,36.26649],[40.07342,36.27633],[40.00682,36.20083],[40.0114,36.19225],[40.0064,36.18183],[40.06668,36.14521],[40.07655,36.13634],[40.08808,36.11939],[40.09902,36.08628],[40.1536,36.05995],[40.20013,36.02893],[40.2333,36.02574],[40.23893,36.00502],[40.25951,35.98444],[40.32236,35.95276],[40.3459,35.94686],[40.34987,35.94822],[40.40969,36.00057],[40.41568,36.04693],[40.42739,36.08068],[40.4506,36.09847],[40.47072,36.12013],[40.50392,36.14714],[40.53084,36.17406],[40.55627,36.21594],[40.56824,36.24286],[40.6161,36.23539],[40.65349,36.18453],[40.66246,36.14864],[40.6834,36.13368],[40.69686,36.13368],[40.76566,36.14864],[40.80754,36.16509],[40.87335,36.16659],[40.90476,36.18304],[40.9242,36.21295],[40.92121,36.23539],[40.90928,36.25752],[40.81871,36.26828],[40.80167,36.2638],[40.78643,36.27545],[40.72724,36.27994],[40.6026,36.2629],[40.55507,36.26559],[40.50754,36.28083],[40.48692,36.29697],[40.44477,36.29877],[40.42952,36.28801],[40.40621,36.27725],[40.34971,36.27814],[40.31295,36.29339],[40.2717,36.29249]]]]}},{"type":"Feature","properties":{"pcode":"SY080006","name":"الهول","district":"مركز الحسكة","gov":"الحسكة","POP2004":14899,"mh_mean":0.3209,"seis_mean":0.1514,"flood_mean":0.6518,"pop_dens":11.922,"frag_pct":0.636,"old_pct":0.0403,"nonstd_pct":0.0003,"vuln_idx":0.4089,"risk_ahp":0.1994,"risk_class":1},"geometry":{"type":"GeometryCollection","geometries":[{"type":"Polygon","coordinates":[[[41.26337,36.58304],[41.25429,36.60625],[41.23211,36.60814],[41.21866,36.592],[41.23032,36.57496],[41.2357,36.57228],[41.22494,36.56331],[41.18458,36.55882],[41.17203,36.54717],[41.14961,36.5391],[41.12884,36.53546],[41.09849,36.5373],[41.08863,36.53371],[41.07787,36.51668],[41.0689,36.51399],[41.04648,36.5382],[41.03662,36.54358],[41.02496,36.54179],[41.02227,36.52923],[41.02586,36.51488],[41.03931,36.50681],[41.04738,36.49874],[41.04648,36.48798],[41.03931,36.4826],[41.00254,36.49516],[40.97721,36.51362],[40.96808,36.51499],[40.95566,36.51341],[40.94506,36.50671],[40.93981,36.49993],[40.95482,36.45152],[40.92901,36.42611],[40.93708,36.40638],[40.95053,36.39831],[40.95322,36.38127],[40.92811,36.3714],[40.88417,36.3732],[40.87162,36.36154],[40.85817,36.34181],[40.86534,36.32119],[40.87431,36.31401],[40.86624,36.29608],[40.83575,36.27276],[40.81871,36.26828],[40.90928,36.25752],[40.94605,36.24765],[40.97026,36.24855],[40.99178,36.23151],[41.01151,36.22344],[41.03841,36.22972],[41.0698,36.24138],[41.09043,36.24227],[41.12271,36.22613],[41.16127,36.21806],[41.21866,36.21985],[41.27829,36.23544],[41.28457,36.29641],[41.28349,36.34887],[41.37585,36.48817],[41.33605,36.52157],[41.32277,36.53553],[41.31391,36.5655],[41.30881,36.57232],[41.2979,36.57572],[41.26842,36.578],[41.26337,36.58304]]]},{"type":"LineString","coordinates":[[41.24809,36.66415],[41.25429,36.60625]]}]}},{"type":"Feature","properties":{"pcode":"SY080200","name":"مركز القامشلي","district":"القامشلي","gov":"الحسكة","POP2004":232258,"mh_mean":0.4553,"seis_mean":0.2947,"flood_mean":0.6927,"pop_dens":362.8821,"frag_pct":0.6754,"old_pct":0.0608,"nonstd_pct":0.0014,"vuln_idx":0.6135,"risk_ahp":0.456,"risk_class":4},"geometry":{"type":"MultiPolygon","coordinates":[[[[41.06785,37.10545],[41.07147,37.07225],[41.06605,37.03755],[41.07364,37.02779],[41.08882,37.02453],[41.09641,37.00935],[41.09859,36.98767],[41.08991,36.95513],[41.07147,36.93778],[41.06171,36.902],[41.06822,36.87055],[41.09533,36.83043],[41.11268,36.81741],[41.13328,36.81633],[41.1463,36.82826],[41.1564,36.83296],[41.17078,36.8336],[41.1918,36.82588],[41.20103,36.82781],[41.21625,36.83939],[41.22977,36.84218],[41.23813,36.83854],[41.24371,36.81644],[41.25401,36.81277],[41.27447,36.84842],[41.27649,36.85953],[41.27144,36.86356],[41.25429,36.86962],[41.25732,36.88475],[41.3108,36.90998],[41.36427,36.92814],[41.38962,36.94006],[41.37336,36.95337],[41.36024,36.99575],[41.3441,37.06133],[41.34774,37.07916],[41.29274,37.08086],[41.26327,37.07937],[41.23285,37.07427],[41.22143,37.06968],[41.22342,37.06837],[41.21821,37.06209],[41.19814,37.06388],[41.19843,37.08011],[41.17278,37.09009],[41.16775,37.08817],[41.16829,37.09265],[41.16514,37.09427],[41.1446,37.09777],[41.13418,37.09493],[41.12666,37.09736],[41.11948,37.09446],[41.10972,37.09665],[41.10605,37.09482],[41.10651,37.09748],[41.09574,37.1006],[41.09079,37.10162],[41.09218,37.09919],[41.08902,37.0996],[41.08755,37.1021],[41.06785,37.10545]]]]}},{"type":"Feature","properties":{"pcode":"SY080201","name":"تل حميس","district":"القامشلي","gov":"الحسكة","POP2004":69419,"mh_mean":0.3736,"seis_mean":0.1946,"flood_mean":0.6848,"pop_dens":46.7354,"frag_pct":0.6754,"old_pct":0.0608,"nonstd_pct":0.0014,"vuln_idx":0.5232,"risk_ahp":0.317,"risk_class":2},"geometry":{"type":"MultiPolygon","coordinates":[[[[41.38962,36.94006],[41.36427,36.92814],[41.3108,36.90998],[41.25732,36.88475],[41.25429,36.86962],[41.27144,36.86356],[41.27649,36.85953],[41.27447,36.84842],[41.23512,36.77477],[41.2109,36.76064],[41.20283,36.74651],[41.20485,36.71523],[41.21796,36.69404],[41.23512,36.68395],[41.24722,36.67083],[41.25429,36.60625],[41.26337,36.58304],[41.26842,36.578],[41.2979,36.57572],[41.30881,36.57232],[41.31391,36.5655],[41.32277,36.53553],[41.33605,36.52157],[41.37585,36.48817],[41.39944,36.52367],[41.81717,36.58778],[41.83452,36.60013],[41.81129,36.62543],[41.79716,36.6557],[41.78202,36.7223],[41.77496,36.72734],[41.69928,36.74349],[41.68818,36.75156],[41.64883,36.74248],[41.58728,36.73945],[41.56205,36.74954],[41.53783,36.74752],[41.51866,36.75963],[41.50554,36.78486],[41.48839,36.8676],[41.46014,36.90493],[41.41776,36.92108],[41.38962,36.94006]]]]}},{"type":"Feature","properties":{"pcode":"SY080202","name":"عامودا","district":"القامشلي","gov":"الحسكة","POP2004":56006,"mh_mean":0.3734,"seis_mean":0.2093,"flood_mean":0.6653,"pop_dens":53.4926,"frag_pct":0.6754,"old_pct":0.0608,"nonstd_pct":0.0014,"vuln_idx":0.5291,"risk_ahp":0.3185,"risk_class":2},"geometry":{"type":"MultiPolygon","coordinates":[[[[40.91103,37.13203],[40.88945,37.12808],[40.87182,37.12889],[40.84836,37.12235],[40.8452,37.11978],[40.84303,37.11111],[40.83474,37.10679],[40.82132,37.11147],[40.81171,37.12587],[40.79789,37.11933],[40.77687,37.12247],[40.76648,37.12796],[40.76272,37.12616],[40.75334,37.11003],[40.76822,37.08581],[40.77353,37.05323],[40.76822,37.0055],[40.77732,36.95473],[40.77656,36.92746],[40.76217,36.90549],[40.7455,36.90549],[40.72807,36.89261],[40.7205,36.87367],[40.72277,36.85624],[40.73565,36.832],[40.74247,36.81079],[40.74247,36.78957],[40.74701,36.77517],[40.76216,36.77896],[40.78186,36.7926],[40.78414,36.80472],[40.80081,36.80472],[40.82808,36.79639],[40.88187,36.7979],[40.92506,36.7782],[40.99703,36.76684],[41.03189,36.78805],[41.0883,36.84083],[41.06822,36.87055],[41.06171,36.902],[41.07147,36.93778],[41.08991,36.95513],[41.09859,36.98767],[41.09641,37.00935],[41.08882,37.02453],[41.07364,37.02779],[41.06605,37.03755],[41.07147,37.07225],[41.06785,37.10545],[41.01178,37.11583],[40.98163,37.11616],[40.91103,37.13203]]]]}},{"type":"Feature","properties":{"pcode":"SY080203","name":"قحطانية","district":"القامشلي","gov":"الحسكة","POP2004":65685,"mh_mean":0.3956,"seis_mean":0.2195,"flood_mean":0.6897,"pop_dens":74.7147,"frag_pct":0.6754,"old_pct":0.0608,"nonstd_pct":0.0014,"vuln_idx":0.5437,"risk_ahp":0.3549,"risk_class":2},"geometry":{"type":"MultiPolygon","coordinates":[[[[41.65331,37.11807],[41.63611,37.11459],[41.63028,37.10881],[41.6226,37.11062],[41.61006,37.10909],[41.55409,37.08692],[41.52354,37.08363],[41.51755,37.07795],[41.4746,37.0799],[41.38751,37.07926],[41.37844,37.07909],[41.37059,37.07545],[41.34774,37.07916],[41.3441,37.06133],[41.37336,36.95337],[41.39556,36.93521],[41.41776,36.92108],[41.46014,36.90493],[41.48839,36.8676],[41.50554,36.78486],[41.51866,36.75963],[41.53783,36.74752],[41.56205,36.74954],[41.58728,36.73945],[41.64883,36.74248],[41.68818,36.75156],[41.68516,36.77678],[41.69726,36.82421],[41.69525,36.89888],[41.71038,36.9231],[41.68717,36.94731],[41.68213,36.97456],[41.68818,36.98969],[41.68616,37.00987],[41.66699,37.04115],[41.66598,37.07647],[41.65331,37.11807]]]]}},{"type":"Feature","properties":{"pcode":"SY080300","name":"مركز المالكية","district":"المالكية","gov":"الحسكة","POP2004":110327,"mh_mean":0.4243,"seis_mean":0.284,"flood_mean":0.6543,"pop_dens":88.0987,"frag_pct":0.7497,"old_pct":0.0642,"nonstd_pct":0.0002,"vuln_idx":0.5921,"risk_ahp":0.4095,"risk_class":3},"geometry":{"type":"MultiPolygon","coordinates":[[[[42.21619,37.32043],[42.20698,37.31852],[42.19956,37.31215],[42.19651,37.31196],[42.19017,37.30136],[42.19028,37.29473],[42.18374,37.28642],[42.10214,37.22808],[42.09403,37.22049],[42.08887,37.20788],[42.07921,37.20783],[42.05517,37.19769],[42.03476,37.18213],[42.00092,37.18094],[41.98898,37.17269],[41.96668,37.16636],[41.96321,37.16065],[41.9491,37.15722],[41.92968,37.15877],[41.88956,37.14944],[41.89705,37.13197],[41.89403,37.10674],[41.88091,37.08051],[41.88091,37.06235],[41.891,37.0351],[41.89403,37.01896],[41.88293,36.9907],[41.88596,36.96346],[41.90917,36.93521],[41.92632,36.9241],[41.94145,36.92108],[41.96163,36.92108],[41.99291,36.93117],[42.04135,36.95236],[42.06759,36.9463],[42.11905,36.92915],[42.16849,36.91906],[42.19842,36.91545],[42.37213,37.06931],[42.37549,37.07864],[42.35469,37.0844],[42.35043,37.08797],[42.35331,37.09668],[42.34935,37.11249],[42.35532,37.12112],[42.35358,37.13093],[42.34447,37.13726],[42.32717,37.15907],[42.32769,37.16981],[42.32024,37.1843],[42.33138,37.20355],[42.33742,37.20966],[42.34823,37.21435],[42.34026,37.22125],[42.34275,37.23274],[42.33716,37.23845],[42.3309,37.23907],[42.31594,37.24692],[42.31068,37.25682],[42.30578,37.26004],[42.29119,37.26239],[42.28798,37.27519],[42.28322,37.28226],[42.26081,37.27131],[42.23492,37.28359],[42.21852,37.27731],[42.20544,37.28017],[42.20972,37.28564],[42.20774,37.28987],[42.20943,37.29442],[42.22542,37.31127],[42.22447,37.31681],[42.21619,37.32043]]]]}},{"type":"Feature","properties":{"pcode":"SY080301","name":"جوادية","district":"المالكية","gov":"الحسكة","POP2004":40352,"mh_mean":0.4005,"seis_mean":0.2472,"flood_mean":0.6619,"pop_dens":101.9811,"frag_pct":0.7497,"old_pct":0.0642,"nonstd_pct":0.0002,"vuln_idx":0.5985,"risk_ahp":0.3794,"risk_class":2},"geometry":{"type":"MultiPolygon","coordinates":[[[[41.88956,37.14944],[41.85775,37.14197],[41.82451,37.13856],[41.79363,37.12868],[41.69424,37.11442],[41.65331,37.11807],[41.66598,37.07647],[41.66699,37.04115],[41.68616,37.00987],[41.68818,36.98969],[41.68213,36.97456],[41.68717,36.94731],[41.71038,36.9231],[41.7235,36.9231],[41.73763,36.93319],[41.78505,36.94832],[41.80221,36.94328],[41.82743,36.94832],[41.85367,36.94731],[41.89006,36.95847],[41.88596,36.96346],[41.88293,36.9907],[41.89403,37.01896],[41.891,37.0351],[41.88091,37.06235],[41.88091,37.08051],[41.89403,37.10674],[41.89705,37.13197],[41.88956,37.14944]]]]}},{"type":"Feature","properties":{"pcode":"SY080302","name":"يعربية","district":"المالكية","gov":"الحسكة","POP2004":38955,"mh_mean":0.3554,"seis_mean":0.1886,"flood_mean":0.6617,"pop_dens":39.5913,"frag_pct":0.7497,"old_pct":0.0642,"nonstd_pct":0.0002,"vuln_idx":0.5571,"risk_ahp":0.2979,"risk_class":1},"geometry":{"type":"MultiPolygon","coordinates":[[[[41.90917,36.93521],[41.89006,36.95847],[41.85367,36.94731],[41.82743,36.94832],[41.80221,36.94328],[41.78505,36.94832],[41.73763,36.93319],[41.7235,36.9231],[41.71038,36.9231],[41.69525,36.89888],[41.69726,36.82421],[41.68516,36.77678],[41.68818,36.75156],[41.69928,36.74349],[41.77496,36.72734],[41.78202,36.7223],[41.79716,36.6557],[41.81129,36.62543],[41.83452,36.60013],[41.88555,36.63641],[42.19842,36.91545],[42.16849,36.91906],[42.11905,36.92915],[42.06759,36.9463],[42.04135,36.95236],[41.99291,36.93117],[41.96163,36.92108],[41.94145,36.92108],[41.92632,36.9241],[41.90917,36.93521]]]]}},{"type":"Feature","properties":{"pcode":"SY080400","name":"مركز رأس العين","district":"رأس العين","gov":"الحسكة","POP2004":121708,"mh_mean":0.3716,"seis_mean":0.2192,"flood_mean":0.6493,"pop_dens":42.2348,"frag_pct":0.7241,"old_pct":0.0668,"nonstd_pct":0.0071,"vuln_idx":0.6001,"risk_ahp":0.3363,"risk_class":2},"geometry":{"type":"MultiPolygon","coordinates":[[[[40.42315,37.01695],[40.41879,37.01652],[40.41952,37.01203],[40.41621,37.0117],[40.41557,37.01607],[40.3994,37.0089],[40.38286,36.99153],[40.3787,36.97999],[40.35664,36.96281],[40.33829,36.95821],[40.30724,36.93965],[40.26672,36.92183],[40.2384,36.91522],[40.2206,36.90103],[40.19517,36.8874],[40.18289,36.87769],[40.14463,36.86963],[40.11074,36.86753],[40.07769,36.85823],[40.06228,36.85611],[40.05301,36.84329],[40.03117,36.82671],[39.99914,36.82254],[39.93011,36.7973],[39.85414,36.77638],[39.83748,36.7637],[39.81963,36.75649],[39.71173,36.75023],[39.68241,36.73829],[39.64046,36.72482],[39.59505,36.72305],[39.54544,36.71389],[39.50334,36.70335],[39.51299,36.68423],[39.56445,36.61788],[39.62498,36.56166],[39.75854,36.45201],[39.79958,36.36931],[39.80615,36.37273],[39.81418,36.37229],[39.82845,36.36092],[39.85555,36.35795],[39.89913,36.33579],[39.94421,36.24526],[39.95559,36.23382],[40.00224,36.20941],[40.00682,36.20083],[40.08714,36.29188],[40.13039,36.4466],[40.13975,36.49891],[40.13677,36.54356],[40.13082,36.56695],[40.11806,36.58609],[40.12274,36.598],[40.14825,36.60948],[40.16654,36.60948],[40.181,36.60523],[40.21502,36.63117],[40.22905,36.63372],[40.24734,36.63372],[40.25754,36.6452],[40.26818,36.66817],[40.26988,36.67922],[40.25117,36.70049],[40.24394,36.71282],[40.25031,36.7243],[40.27711,36.73068],[40.29624,36.72813],[40.31793,36.73536],[40.346,36.74003],[40.36207,36.74777],[40.36473,36.75443],[40.36024,36.77356],[40.36323,36.77639],[40.40093,36.78441],[40.37577,36.83654],[40.37653,36.86533],[40.38335,36.90019],[40.41214,36.92973],[40.42199,36.93428],[40.42426,36.94943],[40.41517,36.96686],[40.42315,37.01695]]]]}},{"type":"Feature","properties":{"pcode":"SY080401","name":"درباسية","district":"رأس العين","gov":"الحسكة","POP2004":55442,"mh_mean":0.3586,"seis_mean":0.2159,"flood_mean":0.6317,"pop_dens":54.1756,"frag_pct":0.7241,"old_pct":0.0668,"nonstd_pct":0.0071,"vuln_idx":0.611,"risk_ahp":0.3176,"risk_class":2},"geometry":{"type":"MultiPolygon","coordinates":[[[[40.74406,37.11107],[40.72265,37.1084],[40.71177,37.10405],[40.69607,37.10396],[40.67768,37.09211],[40.63094,37.07221],[40.61874,37.06448],[40.58833,37.06155],[40.57069,37.04913],[40.52974,37.02803],[40.42315,37.01695],[40.41517,36.96686],[40.42426,36.94943],[40.42199,36.93428],[40.41214,36.92973],[40.38335,36.90019],[40.37653,36.86533],[40.37577,36.83654],[40.40305,36.78048],[40.45911,36.75396],[40.49396,36.75472],[40.547,36.76533],[40.62579,36.7676],[40.69019,36.77593],[40.74701,36.77517],[40.74247,36.78957],[40.74247,36.81079],[40.73565,36.832],[40.72277,36.85624],[40.7205,36.87367],[40.72807,36.89261],[40.7455,36.90549],[40.76217,36.90549],[40.77656,36.92746],[40.77732,36.95473],[40.76822,37.0055],[40.77353,37.05323],[40.76822,37.08581],[40.75334,37.11003],[40.74406,37.11107]]]]}},{"type":"Feature","properties":{"pcode":"SY090100","name":"مركز دير الزور","district":"مركز دير الزور","gov":"دير الزور","POP2004":239196,"mh_mean":0.5599,"seis_mean":0.4611,"flood_mean":0.6531,"pop_dens":59.6531,"frag_pct":0.2843,"old_pct":0.032,"nonstd_pct":0.0031,"vuln_idx":0.2692,"risk_ahp":0.3767,"risk_class":2},"geometry":{"type":"MultiPolygon","coordinates":[[[[40.60302,35.51813],[40.40619,35.60331],[40.3649,35.56539],[40.30592,35.53422],[40.20143,35.50135],[40.16014,35.48534],[40.13486,35.46175],[40.11578,35.43215],[40.10053,35.41566],[40.09228,35.41236],[40.07826,35.4173],[40.06852,35.42354],[40.04903,35.42705],[40.03016,35.41638],[39.86283,35.39511],[39.69474,35.40218],[39.59211,35.47827],[39.49697,35.54029],[39.47137,35.5531],[39.24493,35.27797],[39.29738,35.25086],[39.41638,35.16245],[39.59963,34.91803],[40.16664,35.25508],[40.20076,35.28355],[40.21223,35.31567],[40.23325,35.34276],[40.31482,35.32101],[40.37191,35.27139],[40.40114,35.251],[40.43309,35.23945],[40.47047,35.2646],[40.49562,35.31218],[40.54116,35.46307],[40.61593,35.49162],[40.64652,35.48143],[40.6506,35.49366],[40.60302,35.51813]]]]}},{"type":"Feature","properties":{"pcode":"SY090101","name":"كسرة","district":"مركز دير الزور","gov":"دير الزور","POP2004":63226,"mh_mean":0.4295,"seis_mean":0.2741,"flood_mean":0.676,"pop_dens":16.0983,"frag_pct":0.2843,"old_pct":0.032,"nonstd_pct":0.0031,"vuln_idx":0.2129,"risk_ahp":0.2496,"risk_class":1},"geometry":{"type":"MultiPolygon","coordinates":[[[[39.89794,36.3364],[39.89438,36.33823],[39.8989,36.26947],[39.89349,36.24491],[39.89461,36.23995],[39.88011,36.21527],[39.86911,36.21285],[39.86374,36.20936],[39.85435,36.18816],[39.84281,36.17957],[39.84255,36.17286],[39.8294,36.15059],[39.83101,36.1463],[39.83476,36.14623],[39.83664,36.13825],[39.84308,36.13127],[39.83879,36.12644],[39.83798,36.11973],[39.83396,36.1192],[39.82752,36.11115],[39.81705,36.109],[39.80981,36.09665],[39.79988,36.08619],[39.80068,36.0819],[39.79478,36.07036],[39.78432,36.06311],[39.78002,36.04969],[39.77578,36.04946],[39.76767,36.04272],[39.76392,36.03574],[39.74648,36.03252],[39.74218,36.02662],[39.74245,36.01588],[39.72716,36.00944],[39.72367,36.00246],[39.71696,35.99951],[39.71374,35.99415],[39.70327,35.98905],[39.69844,35.96919],[39.70757,35.95497],[39.70139,35.92974],[39.70381,35.82589],[39.69757,35.77634],[39.71003,35.77329],[39.71829,35.76439],[39.736,35.75709],[39.7459,35.75791],[39.76402,35.74918],[39.78439,35.75312],[39.79596,35.74756],[39.81956,35.72026],[39.82141,35.69596],[39.84016,35.67189],[39.81676,35.64927],[39.81933,35.63324],[39.82974,35.62468],[39.84895,35.61473],[39.85358,35.60709],[39.85196,35.59205],[39.85323,35.58713],[39.85659,35.58488],[39.86075,35.58349],[39.8751,35.58603],[39.88667,35.59136],[39.89176,35.59043],[39.89454,35.58696],[39.89477,35.58349],[39.8788,35.56706],[39.87617,35.56086],[39.87811,35.55502],[39.88621,35.54924],[39.90283,35.54577],[39.90932,35.54205],[39.9133,35.53463],[39.91189,35.52385],[39.916,35.51924],[39.92542,35.51915],[39.94187,35.53177],[39.95245,35.53157],[39.95843,35.52718],[39.96352,35.5165],[39.97901,35.50997],[39.99341,35.49641],[40.02737,35.4775],[40.0526,35.4694],[40.06117,35.46043],[40.06667,35.44997],[40.06852,35.42354],[40.07826,35.4173],[40.09228,35.41236],[40.10053,35.41566],[40.11578,35.43215],[40.13486,35.46175],[40.16014,35.48534],[40.20143,35.50135],[40.30592,35.53422],[40.3649,35.56539],[40.56574,35.74809],[40.53819,35.77154],[40.50115,35.78864],[40.42538,35.85457],[40.41807,35.86323],[40.41589,35.86287],[40.39416,35.88414],[40.37608,35.92403],[40.36438,35.93839],[40.3459,35.94686],[40.32236,35.95276],[40.25951,35.98444],[40.23893,36.00502],[40.2333,36.02574],[40.20013,36.02893],[40.1536,36.05995],[40.09902,36.08628],[40.08808,36.11939],[40.07655,36.13634],[40.06668,36.14521],[40.0064,36.18183],[40.0114,36.19225],[40.00224,36.20941],[39.95559,36.23382],[39.94421,36.24526],[39.89794,36.3364]]]]}},{"type":"Feature","properties":{"pcode":"SY090102","name":"بصيرة","district":"مركز دير الزور","gov":"دير الزور","POP2004":40236,"mh_mean":0.4326,"seis_mean":0.2343,"flood_mean":0.7342,"pop_dens":42.1332,"frag_pct":0.2843,"old_pct":0.032,"nonstd_pct":0.0031,"vuln_idx":0.2541,"risk_ahp":0.2753,"risk_class":1},"geometry":{"type":"MultiPolygon","coordinates":[[[[40.58384,35.31884],[40.50199,35.33327],[40.49562,35.31218],[40.47047,35.2646],[40.43309,35.23945],[40.42744,35.24149],[40.43396,35.2163],[40.41757,35.2047],[40.41141,35.19448],[40.41129,35.18707],[40.40323,35.17775],[40.40154,35.16941],[40.40362,35.16147],[40.42335,35.12705],[40.42518,35.07506],[40.42833,35.0692],[40.43435,35.06512],[40.44721,35.06442],[40.46233,35.07265],[40.47251,35.06823],[40.5267,35.10329],[40.57675,35.1459],[40.66188,35.14055],[40.85612,35.1199],[40.90572,35.16837],[40.93133,35.18872],[40.95166,35.23296],[40.97533,35.26349],[40.97825,35.27155],[40.65421,35.33056],[40.58384,35.31884]]]]}},{"type":"Feature","properties":{"pcode":"SY090103","name":"موحسن","district":"مركز دير الزور","gov":"دير الزور","POP2004":35113,"mh_mean":0.4528,"seis_mean":0.2838,"flood_mean":0.7032,"pop_dens":23.2211,"frag_pct":0.2843,"old_pct":0.032,"nonstd_pct":0.0031,"vuln_idx":0.2284,"risk_ahp":0.2764,"risk_class":1},"geometry":{"type":"MultiPolygon","coordinates":[[[[40.21246,35.31559],[40.20076,35.28355],[40.16664,35.25508],[39.59963,34.91803],[39.70022,34.79009],[40.05132,34.95734],[40.14953,35.00778],[40.33456,35.11519],[40.33568,35.14047],[40.34917,35.15396],[40.37614,35.1576],[40.394,35.16234],[40.40777,35.15463],[40.40264,35.16371],[40.40162,35.17179],[40.40457,35.18023],[40.41129,35.18707],[40.41154,35.19158],[40.40954,35.20009],[40.40413,35.20691],[40.39394,35.21206],[40.34546,35.21985],[40.33956,35.22803],[40.34271,35.23601],[40.34256,35.24423],[40.3329,35.25418],[40.31061,35.26468],[40.27812,35.26656],[40.27198,35.26922],[40.26832,35.27651],[40.26111,35.28172],[40.23306,35.28643],[40.22636,35.29308],[40.22257,35.30817],[40.21246,35.31559]]]]}},{"type":"Feature","properties":{"pcode":"SY090104","name":"التبني","district":"مركز دير الزور","gov":"دير الزور","POP2004":48393,"mh_mean":0.6088,"seis_mean":0.5115,"flood_mean":0.6704,"pop_dens":39.9521,"frag_pct":0.2843,"old_pct":0.032,"nonstd_pct":0.0031,"vuln_idx":0.2518,"risk_ahp":0.3935,"risk_class":3},"geometry":{"type":"MultiPolygon","coordinates":[[[[39.69452,35.76859],[39.6846,35.7766],[39.65765,35.77558],[39.65142,35.77024],[39.6429,35.76198],[39.64016,35.75256],[39.47137,35.5531],[39.49697,35.54029],[39.59211,35.47827],[39.69474,35.40218],[39.86283,35.39511],[40.03016,35.41638],[40.04903,35.42705],[40.06852,35.42354],[40.06667,35.44997],[40.06117,35.46043],[40.0526,35.4694],[40.02737,35.4775],[39.99341,35.49641],[39.97901,35.50997],[39.96352,35.5165],[39.95843,35.52718],[39.95245,35.53157],[39.94187,35.53177],[39.92542,35.51915],[39.916,35.51924],[39.91189,35.52385],[39.9133,35.53463],[39.90932,35.54205],[39.90283,35.54577],[39.88621,35.54924],[39.87811,35.55502],[39.87617,35.56086],[39.8788,35.56706],[39.89477,35.58349],[39.89454,35.58696],[39.89176,35.59043],[39.88667,35.59136],[39.8751,35.58603],[39.86075,35.58349],[39.85659,35.58488],[39.85323,35.58713],[39.85196,35.59205],[39.85358,35.60709],[39.84895,35.61473],[39.82974,35.62468],[39.81933,35.63324],[39.81676,35.64927],[39.84016,35.67189],[39.82141,35.69596],[39.81956,35.72026],[39.79596,35.74756],[39.78439,35.75312],[39.76402,35.74918],[39.7459,35.75791],[39.736,35.75709],[39.71829,35.76439],[39.71003,35.77329],[39.70036,35.77469],[39.70049,35.77024],[39.69452,35.76859]]]]}},{"type":"Feature","properties":{"pcode":"SY090105","name":"خشام","district":"مركز دير الزور","gov":"دير الزور","POP2004":28718,"mh_mean":0.5654,"seis_mean":0.3798,"flood_mean":0.7718,"pop_dens":250.7598,"frag_pct":0.2843,"old_pct":0.032,"nonstd_pct":0.0031,"vuln_idx":0.3325,"risk_ahp":0.4225,"risk_class":3},"geometry":{"type":"MultiPolygon","coordinates":[[[[40.23325,35.34276],[40.21223,35.31567],[40.22304,35.30748],[40.22939,35.289],[40.23747,35.28483],[40.26137,35.2816],[40.26849,35.27631],[40.27198,35.26922],[40.27812,35.26656],[40.30867,35.26508],[40.32732,35.25763],[40.34256,35.24423],[40.34271,35.23601],[40.33956,35.22803],[40.34396,35.22083],[40.35032,35.2181],[40.3973,35.21095],[40.407,35.20403],[40.41124,35.19382],[40.41757,35.2047],[40.43396,35.2163],[40.42744,35.24149],[40.40114,35.251],[40.37191,35.27139],[40.31482,35.32101],[40.23325,35.34276]]]]}},{"type":"Feature","properties":{"pcode":"SY090106","name":"صور","district":"مركز دير الزور","gov":"دير الزور","POP2004":37552,"mh_mean":0.3886,"seis_mean":0.1742,"flood_mean":0.7383,"pop_dens":14.3862,"frag_pct":0.2843,"old_pct":0.032,"nonstd_pct":0.0031,"vuln_idx":0.2083,"risk_ahp":0.2136,"risk_class":1},"geometry":{"type":"MultiPolygon","coordinates":[[[[40.56574,35.74809],[40.40619,35.60331],[40.60302,35.51813],[40.6506,35.49366],[40.64652,35.48143],[40.61593,35.49162],[40.54116,35.46307],[40.50199,35.33327],[40.58385,35.31884],[40.65421,35.33056],[40.97825,35.27155],[41.13386,35.07354],[41.21072,35.10473],[41.20875,35.14278],[41.21789,35.20069],[41.22028,35.25889],[41.26553,35.38112],[41.26806,35.48472],[41.2795,35.49885],[41.20923,35.53843],[41.10983,35.54714],[41.02576,35.55135],[40.97095,35.54937],[40.86109,35.58754],[40.75207,35.61723],[40.73517,35.62805],[40.72294,35.64015],[40.69319,35.65264],[40.6612,35.67401],[40.63364,35.69464],[40.61804,35.71142],[40.56574,35.74809]]]]}},{"type":"Feature","properties":{"pcode":"SY090200","name":"مركز البوكمال","district":"البوكمال","gov":"دير الزور","POP2004":92031,"mh_mean":0.3907,"seis_mean":0.1874,"flood_mean":0.7241,"pop_dens":24.1794,"frag_pct":0.1741,"old_pct":0.0118,"nonstd_pct":0.0002,"vuln_idx":0.121,"risk_ahp":0.1642,"risk_class":1},"geometry":{"type":"MultiPolygon","coordinates":[[[[40.07351,34.8111],[40.06258,34.80534],[39.80216,34.66042],[40.23266,34.1118],[40.64011,34.31517],[40.97774,34.39803],[40.99104,34.42354],[40.97444,34.44493],[40.96815,34.44615],[40.94733,34.44415],[40.93233,34.4498],[40.92789,34.45974],[40.93328,34.47269],[40.93241,34.48076],[40.92797,34.4867],[40.91723,34.49172],[40.91255,34.49734],[40.91708,34.51182],[40.92551,34.51832],[40.93997,34.52418],[40.94446,34.5319],[40.94231,34.53848],[40.92535,34.5536],[40.91374,34.57052],[40.91333,34.58124],[40.9233,34.6017],[40.92147,34.61691],[40.90037,34.63892],[40.86856,34.65824],[40.86534,34.65967],[40.84727,34.65662],[40.83526,34.61837],[40.75916,34.57695],[40.54341,34.51698],[40.40614,34.65737],[40.27827,34.58224],[40.07351,34.8111]]]]}},{"type":"Feature","properties":{"pcode":"SY090201","name":"هجين","district":"البوكمال","gov":"دير الزور","POP2004":97870,"mh_mean":0.4012,"seis_mean":0.2104,"flood_mean":0.7116,"pop_dens":57.6086,"frag_pct":0.1741,"old_pct":0.0118,"nonstd_pct":0.0002,"vuln_idx":0.1585,"risk_ahp":0.1958,"risk_class":1},"geometry":{"type":"MultiPolygon","coordinates":[[[[41.21072,35.10473],[40.96964,35.00742],[40.86038,34.92297],[40.73103,34.85861],[40.70502,34.84002],[40.68155,34.83594],[40.66554,34.8381],[40.668,34.80405],[40.68058,34.77224],[40.70714,34.7689],[40.72355,34.74808],[40.74454,34.75062],[40.75981,34.73734],[40.77369,34.7048],[40.78309,34.70503],[40.79108,34.70872],[40.79545,34.71359],[40.79417,34.72249],[40.79707,34.73095],[40.80253,34.73185],[40.80744,34.72999],[40.81026,34.72539],[40.8074,34.71729],[40.80948,34.70495],[40.81966,34.69227],[40.82114,34.68715],[40.81841,34.68004],[40.80276,34.66805],[40.80342,34.65925],[40.80864,34.65574],[40.82482,34.65531],[40.86534,34.65967],[40.88103,34.65187],[40.90143,34.63808],[40.91957,34.62066],[40.92366,34.60663],[40.92024,34.59277],[40.95867,34.60517],[41.10621,34.62199],[41.12263,34.65378],[41.22752,34.7786],[41.21072,35.10473]]]]}},{"type":"Feature","properties":{"pcode":"SY090202","name":"الجلاء","district":"البوكمال","gov":"دير الزور","POP2004":29255,"mh_mean":0.4128,"seis_mean":0.211,"flood_mean":0.7308,"pop_dens":46.3599,"frag_pct":0.1741,"old_pct":0.0118,"nonstd_pct":0.0002,"vuln_idx":0.1491,"risk_ahp":0.1978,"risk_class":1},"geometry":{"type":"MultiPolygon","coordinates":[[[[40.58332,34.75527],[40.57986,34.75952],[40.56149,34.74967],[40.40614,34.65736],[40.54341,34.51698],[40.75916,34.57695],[40.83526,34.61837],[40.84727,34.65662],[40.80864,34.65574],[40.80184,34.6623],[40.8033,34.66883],[40.81841,34.68004],[40.82114,34.68715],[40.81966,34.69227],[40.80948,34.70495],[40.8074,34.71729],[40.81026,34.72539],[40.80647,34.73062],[40.79707,34.73095],[40.79417,34.72249],[40.79545,34.71359],[40.79127,34.70886],[40.78309,34.70503],[40.77369,34.7048],[40.75981,34.73734],[40.74454,34.75062],[40.73908,34.74986],[40.73968,34.74726],[40.70943,34.69889],[40.6729,34.6996],[40.66606,34.70039],[40.65161,34.70908],[40.58332,34.75527]]]]}},{"type":"Feature","properties":{"pcode":"SY090203","name":"سوسة","district":"البوكمال","gov":"دير الزور","POP2004":45986,"mh_mean":0.4542,"seis_mean":0.2636,"flood_mean":0.7324,"pop_dens":201.9146,"frag_pct":0.1741,"old_pct":0.0118,"nonstd_pct":0.0002,"vuln_idx":0.2137,"risk_ahp":0.2684,"risk_class":1},"geometry":{"type":"MultiPolygon","coordinates":[[[[41.10621,34.62199],[40.95867,34.60517],[40.92024,34.59277],[40.91308,34.58034],[40.91437,34.5687],[40.92672,34.55208],[40.94213,34.53871],[40.94444,34.53324],[40.94021,34.52436],[40.92551,34.51832],[40.91723,34.51198],[40.91245,34.49877],[40.91566,34.49297],[40.92677,34.48764],[40.93241,34.48076],[40.93328,34.47269],[40.9279,34.45894],[40.93415,34.44832],[40.94845,34.44403],[40.96792,34.44615],[40.97444,34.44493],[40.99192,34.42216],[41.00435,34.43668],[41.01528,34.44458],[41.10621,34.62199]]]]}},{"type":"Feature","properties":{"pcode":"SY090300","name":"مركز الميادين","district":"الميادين","gov":"دير الزور","POP2004":86091,"mh_mean":0.4468,"seis_mean":0.272,"flood_mean":0.7085,"pop_dens":55.1465,"frag_pct":0.2851,"old_pct":0.022,"nonstd_pct":0.0002,"vuln_idx":0.2326,"risk_ahp":0.2744,"risk_class":1},"geometry":{"type":"MultiPolygon","coordinates":[[[[40.40774,35.15465],[40.394,35.16234],[40.37614,35.1576],[40.34917,35.15396],[40.33568,35.14047],[40.33456,35.11519],[40.14953,35.00778],[40.05132,34.95734],[39.70022,34.79009],[39.80216,34.66042],[40.07351,34.8111],[40.13003,34.74911],[40.45373,34.90947],[40.50825,34.93995],[40.53297,34.98244],[40.52807,34.98529],[40.52157,34.98351],[40.51425,34.98536],[40.4929,34.99763],[40.47875,35.02158],[40.46496,35.02655],[40.44382,35.02792],[40.43895,35.03068],[40.43802,35.03491],[40.44092,35.03864],[40.47199,35.04962],[40.47587,35.05499],[40.47616,35.06123],[40.47189,35.06893],[40.46498,35.07264],[40.45789,35.0716],[40.44925,35.06511],[40.4429,35.06372],[40.43379,35.06536],[40.42728,35.07049],[40.42518,35.07506],[40.42388,35.12512],[40.40774,35.15465]]]]}},{"type":"Feature","properties":{"pcode":"SY090301","name":"ذيبان","district":"الميادين","gov":"دير الزور","POP2004":65079,"mh_mean":0.4153,"seis_mean":0.22,"flood_mean":0.7235,"pop_dens":46.9987,"frag_pct":0.2851,"old_pct":0.022,"nonstd_pct":0.0002,"vuln_idx":0.2257,"risk_ahp":0.2455,"risk_class":1},"geometry":{"type":"MultiPolygon","coordinates":[[[[40.97825,35.27155],[40.97533,35.26349],[40.95166,35.23296],[40.93133,35.18872],[40.90572,35.16837],[40.85612,35.1199],[40.66188,35.14055],[40.57675,35.1459],[40.5267,35.10329],[40.47251,35.06823],[40.4765,35.05818],[40.47184,35.0495],[40.43879,35.03667],[40.43824,35.03196],[40.44202,35.02841],[40.46314,35.02694],[40.48003,35.02091],[40.49136,34.99878],[40.51461,34.98522],[40.53102,34.98425],[40.53858,34.97221],[40.56662,34.95391],[40.57106,34.94395],[40.57104,34.91581],[40.58043,34.89105],[40.57757,34.87242],[40.58249,34.86785],[40.58983,34.86697],[40.6114,34.88],[40.6205,34.88218],[40.6256,34.87994],[40.62473,34.86303],[40.61235,34.84265],[40.61147,34.83456],[40.61655,34.82663],[40.63025,34.81974],[40.63713,34.81352],[40.64156,34.80435],[40.64132,34.79412],[40.64626,34.78996],[40.67732,34.77916],[40.668,34.80405],[40.66554,34.8381],[40.68155,34.83594],[40.70502,34.84002],[40.73103,34.85861],[40.86038,34.92297],[40.96964,35.00742],[41.13386,35.07354],[40.97825,35.27155]]]]}},{"type":"Feature","properties":{"pcode":"SY090302","name":"عشارة","district":"الميادين","gov":"دير الزور","POP2004":96001,"mh_mean":0.4489,"seis_mean":0.2611,"flood_mean":0.7266,"pop_dens":95.2626,"frag_pct":0.2851,"old_pct":0.022,"nonstd_pct":0.0002,"vuln_idx":0.2566,"risk_ahp":0.2899,"risk_class":1},"geometry":{"type":"MultiPolygon","coordinates":[[[[40.53299,34.98241],[40.50825,34.93995],[40.45373,34.90947],[40.13003,34.74911],[40.27827,34.58224],[40.57986,34.75952],[40.58332,34.75527],[40.66606,34.70039],[40.70943,34.69889],[40.73968,34.74726],[40.73908,34.74986],[40.72355,34.74808],[40.70714,34.7689],[40.68058,34.77224],[40.67732,34.77916],[40.64228,34.79288],[40.64156,34.80435],[40.63761,34.8129],[40.63025,34.81974],[40.6163,34.82684],[40.61136,34.83514],[40.61247,34.84292],[40.62445,34.86216],[40.6261,34.87921],[40.62101,34.88216],[40.61236,34.88033],[40.59018,34.86703],[40.58414,34.86726],[40.57898,34.87035],[40.57684,34.8762],[40.58048,34.89068],[40.57065,34.91774],[40.56983,34.94867],[40.56472,34.95588],[40.53812,34.97262],[40.53299,34.98241]]]]}},{"type":"Feature","properties":{"pcode":"SY100000","name":"مركز طرطوس","district":"مركز طرطوس","gov":"طرطوس","POP2004":160862,"mh_mean":0.6135,"seis_mean":0.5644,"flood_mean":0.6096,"pop_dens":812.4342,"frag_pct":0.0709,"old_pct":0.0637,"nonstd_pct":0.0025,"vuln_idx":0.2817,"risk_ahp":0.419,"risk_class":3},"geometry":{"type":"MultiPolygon","coordinates":[[[[36.05725,34.96684],[36.04872,34.96736],[36.03738,34.96162],[36.03149,34.96321],[36.01561,34.95578],[35.99977,34.95289],[35.98822,34.95571],[35.98396,34.95435],[35.97055,34.96085],[35.96536,34.96097],[35.95938,34.95459],[35.95102,34.95578],[35.94825,34.95963],[35.94558,34.95738],[35.93485,34.95607],[35.9276,34.9473],[35.92267,34.94753],[35.90837,34.93924],[35.89958,34.93797],[35.88767,34.94476],[35.87888,34.93794],[35.87938,34.91918],[35.87192,34.91501],[35.872,34.91278],[35.8638,34.91073],[35.86278,34.90856],[35.86951,34.90897],[35.8629,34.90564],[35.87275,34.90656],[35.86481,34.90317],[35.87337,34.9049],[35.8701,34.90181],[35.87257,34.89955],[35.86864,34.89853],[35.87272,34.89577],[35.87126,34.89458],[35.87416,34.89333],[35.87925,34.8828],[35.88082,34.8776],[35.87904,34.87504],[35.87797,34.87763],[35.87847,34.87468],[35.88276,34.87281],[35.88076,34.86941],[35.89285,34.85231],[35.92678,34.78371],[35.93074,34.76577],[35.94466,34.76595],[35.94854,34.77425],[35.9496,34.77945],[35.94661,34.78649],[35.93565,34.78941],[35.94126,34.79703],[35.938,34.80288],[35.94077,34.8088],[35.95114,34.81519],[35.95705,34.82186],[35.97292,34.82683],[35.98222,34.83317],[35.98957,34.84647],[35.99366,34.84897],[36.00424,34.84798],[36.01422,34.84089],[36.02524,34.84712],[36.02577,34.85425],[36.02168,34.85873],[36.02081,34.86495],[36.02844,34.8711],[36.03824,34.87166],[36.03705,34.88107],[36.02608,34.88114],[36.01337,34.88521],[36.0059,34.90705],[36.01543,34.92285],[36.04415,34.91985],[36.05695,34.92403],[36.0628,34.92855],[36.06165,34.93553],[36.05138,34.9479],[36.05207,34.95257],[36.06465,34.96207],[36.05725,34.96684]]]]}},{"type":"Feature","properties":{"pcode":"SY100001","name":"أرواد","district":"مركز طرطوس","gov":"طرطوس","POP2004":4403,"mh_mean":0.5907,"seis_mean":0.4673,"flood_mean":0.6966,"pop_dens":20696.4183,"frag_pct":0.0709,"old_pct":0.0637,"nonstd_pct":0.0025,"vuln_idx":0.3587,"risk_ahp":0.4571,"risk_class":4},"geometry":{"type":"MultiPolygon","coordinates":[[[[35.85636,34.85872],[35.85687,34.85424],[35.86207,34.85436],[35.86206,34.85673],[35.86084,34.85547],[35.85764,34.85824],[35.85894,34.85899],[35.86173,34.85722],[35.86079,34.85847],[35.85855,34.85915],[35.85636,34.85872]]]]}},{"type":"Feature","properties":{"pcode":"SY100002","name":"الحميدية","district":"مركز طرطوس","gov":"طرطوس","POP2004":20309,"mh_mean":0.6427,"seis_mean":0.4753,"flood_mean":0.7777,"pop_dens":246.145,"frag_pct":0.0709,"old_pct":0.0637,"nonstd_pct":0.0025,"vuln_idx":0.2287,"risk_ahp":0.3932,"risk_class":3},"geometry":{"type":"MultiPolygon","coordinates":[[[[35.99443,34.76707],[35.98597,34.76696],[35.98517,34.76341],[35.9764,34.75576],[35.96496,34.75349],[35.95761,34.764],[35.93074,34.76577],[35.93121,34.75842],[35.92898,34.75684],[35.93171,34.74991],[35.92954,34.74708],[35.93481,34.72889],[35.97519,34.63434],[35.97788,34.63458],[35.97579,34.6431],[35.98118,34.6446],[35.9804,34.64934],[35.98643,34.64817],[35.99004,34.65059],[35.99009,34.64323],[35.99248,34.6427],[35.99324,34.64465],[35.99652,34.64251],[36.00759,34.64542],[36.00574,34.64206],[36.02427,34.63339],[36.03142,34.64377],[36.04429,34.67842],[36.0515,34.67977],[36.04615,34.69043],[36.03918,34.69738],[36.0296,34.70093],[35.97858,34.70423],[35.97699,34.70959],[35.98744,34.71632],[35.99776,34.73003],[35.99631,34.73795],[35.98907,34.74174],[35.98803,34.74519],[35.99573,34.75373],[35.99772,34.75926],[35.99443,34.76707]]]]}},{"type":"Feature","properties":{"pcode":"SY100003","name":"خربة المعزة","district":"مركز طرطوس","gov":"طرطوس","POP2004":22897,"mh_mean":0.6331,"seis_mean":0.5387,"flood_mean":0.6764,"pop_dens":411.4725,"frag_pct":0.0709,"old_pct":0.0637,"nonstd_pct":0.0025,"vuln_idx":0.2515,"risk_ahp":0.407,"risk_class":3},"geometry":{"type":"MultiPolygon","coordinates":[[[[36.00009,34.84887],[35.99115,34.84781],[35.98222,34.83317],[35.97292,34.82683],[35.95705,34.82186],[35.95114,34.81519],[35.94077,34.8088],[35.938,34.80288],[35.94126,34.79703],[35.93565,34.78941],[35.94486,34.78788],[35.94896,34.78322],[35.94854,34.77425],[35.94466,34.76595],[35.95761,34.764],[35.96496,34.75349],[35.9764,34.75576],[35.98517,34.76341],[35.98597,34.76696],[35.99457,34.76707],[36.01251,34.77532],[36.03323,34.77422],[36.03033,34.79876],[36.01466,34.82462],[36.01422,34.84089],[36.00009,34.84887]]]]}},{"type":"Feature","properties":{"pcode":"SY100004","name":"سودا خوابي","district":"مركز طرطوس","gov":"طرطوس","POP2004":32295,"mh_mean":0.5728,"seis_mean":0.5622,"flood_mean":0.5432,"pop_dens":285.4631,"frag_pct":0.0709,"old_pct":0.0637,"nonstd_pct":0.0025,"vuln_idx":0.2353,"risk_ahp":0.3598,"risk_class":2},"geometry":{"type":"MultiPolygon","coordinates":[[[[35.95575,35.06961],[35.93548,35.06744],[35.93059,35.05425],[35.91639,35.03422],[35.90924,35.033],[35.89608,35.02489],[35.89829,35.00962],[35.89664,35.00406],[35.87804,34.98918],[35.87783,34.97704],[35.87427,34.96476],[35.87962,34.94933],[35.87888,34.93794],[35.88767,34.94476],[35.89958,34.93797],[35.90837,34.93924],[35.92267,34.94753],[35.9276,34.9473],[35.93485,34.95607],[35.94558,34.95738],[35.94825,34.95963],[35.95102,34.95578],[35.95938,34.95459],[35.96536,34.96097],[35.97055,34.96085],[35.98396,34.95435],[35.98822,34.95571],[35.99977,34.95289],[36.01561,34.95578],[36.03149,34.96321],[36.03874,34.96235],[36.03683,34.96488],[36.03922,34.97995],[36.0198,34.99146],[36.0082,34.9911],[35.99938,34.99395],[36.00234,35.00204],[35.99823,35.01598],[35.99332,35.01634],[35.9873,35.0063],[35.98194,35.00284],[35.97635,35.01435],[35.96882,35.01425],[35.95516,35.02273],[35.95484,35.02633],[35.9633,35.02941],[35.9717,35.03608],[35.96777,35.05468],[35.95575,35.06961]]]]}},{"type":"Feature","properties":{"pcode":"SY100005","name":"كريمة","district":"مركز طرطوس","gov":"طرطوس","POP2004":17271,"mh_mean":0.6908,"seis_mean":0.5471,"flood_mean":0.765,"pop_dens":310.8418,"frag_pct":0.0709,"old_pct":0.0637,"nonstd_pct":0.0025,"vuln_idx":0.239,"risk_ahp":0.4269,"risk_class":3},"geometry":{"type":"MultiPolygon","coordinates":[[[[36.08773,34.71135],[36.08117,34.70896],[36.07682,34.69843],[36.06017,34.6831],[36.04429,34.67842],[36.03142,34.64377],[36.02427,34.63339],[36.0279,34.62989],[36.03414,34.63104],[36.03339,34.62739],[36.04295,34.62982],[36.05215,34.62769],[36.05444,34.63222],[36.05917,34.63264],[36.06275,34.63577],[36.06514,34.63136],[36.06722,34.63381],[36.07294,34.63204],[36.07377,34.62798],[36.07937,34.63421],[36.08086,34.63048],[36.08574,34.63198],[36.09204,34.62884],[36.09738,34.63256],[36.0986,34.63649],[36.10092,34.63445],[36.11448,34.63363],[36.11744,34.63771],[36.11683,34.64905],[36.12901,34.66458],[36.12515,34.67966],[36.12821,34.69139],[36.1153,34.69528],[36.08773,34.71135]]]]}},{"type":"Feature","properties":{"pcode":"SY100006","name":"صفصافة","district":"مركز طرطوس","gov":"طرطوس","POP2004":23416,"mh_mean":0.6588,"seis_mean":0.5565,"flood_mean":0.6979,"pop_dens":345.1169,"frag_pct":0.0709,"old_pct":0.0637,"nonstd_pct":0.0025,"vuln_idx":0.2437,"risk_ahp":0.4145,"risk_class":3},"geometry":{"type":"MultiPolygon","coordinates":[[[[36.01251,34.77532],[35.99443,34.76707],[35.99772,34.75926],[35.98803,34.74519],[35.98907,34.74174],[35.99631,34.73795],[35.99776,34.73003],[35.98744,34.71632],[35.97901,34.71225],[35.97704,34.70676],[35.9802,34.70312],[36.0296,34.70093],[36.03918,34.69738],[36.04615,34.69043],[36.0515,34.67977],[36.06017,34.6831],[36.074,34.69506],[36.08051,34.70826],[36.08773,34.71135],[36.08598,34.7126],[36.08835,34.7245],[36.08425,34.73749],[36.09164,34.74475],[36.09191,34.75008],[36.08916,34.75545],[36.07531,34.76354],[36.0543,34.76209],[36.04102,34.75429],[36.03076,34.7656],[36.03323,34.77422],[36.01251,34.77532]]]]}},{"type":"Feature","properties":{"pcode":"SY100200","name":"مركز بانياس","district":"بانياس","gov":"طرطوس","POP2004":96550,"mh_mean":0.6208,"seis_mean":0.6128,"flood_mean":0.559,"pop_dens":573.646,"frag_pct":0.0953,"old_pct":0.0703,"nonstd_pct":0.0013,"vuln_idx":0.2795,"risk_ahp":0.4218,"risk_class":3},"geometry":{"type":"MultiPolygon","coordinates":[[[[35.93432,35.27732],[35.92259,35.27185],[35.92508,35.26164],[35.92765,35.26306],[35.93194,35.26035],[35.93208,35.25507],[35.93893,35.24665],[35.94836,35.22666],[35.94598,35.22329],[35.94907,35.223],[35.9527,35.19319],[35.9499,35.18879],[35.94105,35.18396],[35.94207,35.18808],[35.93967,35.18608],[35.94062,35.18368],[35.92367,35.1729],[35.92671,35.1566],[35.92284,35.15005],[35.91666,35.14934],[35.91732,35.14579],[35.90709,35.12908],[35.90466,35.1199],[35.89505,35.1179],[35.89329,35.10991],[35.88767,35.10541],[35.90241,35.10076],[35.9171,35.10285],[35.95517,35.09159],[35.96564,35.09484],[35.9814,35.09227],[35.99041,35.09499],[35.99753,35.09412],[36.0125,35.10729],[36.02561,35.10348],[36.03545,35.09394],[36.05931,35.10081],[36.07323,35.11101],[36.06768,35.11543],[36.0695,35.12626],[36.06727,35.13366],[36.05774,35.13699],[36.05915,35.14161],[36.04227,35.13774],[36.02538,35.1276],[36.00952,35.12297],[36.00396,35.1276],[36.00347,35.13084],[35.99774,35.13405],[35.98972,35.16004],[36.01023,35.16601],[36.08114,35.16922],[36.07983,35.1739],[36.05463,35.18395],[36.04375,35.19279],[36.03258,35.19403],[36.02905,35.20348],[36.02252,35.20392],[36.02327,35.20946],[36.02903,35.21713],[36.0433,35.22501],[36.04469,35.22697],[36.04149,35.22985],[36.01504,35.23109],[35.99102,35.25209],[35.98548,35.2517],[35.98136,35.24599],[35.97526,35.24418],[35.97064,35.25718],[35.95682,35.25904],[35.95401,35.26097],[35.95274,35.26756],[35.93432,35.27732]]]]}},{"type":"Feature","properties":{"pcode":"SY100201","name":"الروضة","district":"بانياس","gov":"طرطوس","POP2004":12088,"mh_mean":0.5779,"seis_mean":0.5442,"flood_mean":0.5752,"pop_dens":324.0106,"frag_pct":0.0953,"old_pct":0.0703,"nonstd_pct":0.0013,"vuln_idx":0.2542,"risk_ahp":0.3771,"risk_class":2},"geometry":{"type":"MultiPolygon","coordinates":[[[[35.88767,35.10541],[35.88686,35.09897],[35.89238,35.0805],[35.88534,35.06386],[35.89608,35.02489],[35.90924,35.033],[35.91639,35.03422],[35.93059,35.05425],[35.93325,35.0659],[35.94017,35.06885],[35.95572,35.06955],[35.95917,35.07776],[35.9814,35.09227],[35.96564,35.09484],[35.9518,35.09189],[35.9171,35.10285],[35.90241,35.10076],[35.88767,35.10541]]]]}},{"type":"Feature","properties":{"pcode":"SY100601","name":"العنازة","district":"القدموس","gov":"طرطوس","POP2004":18446,"mh_mean":0.5771,"seis_mean":0.719,"flood_mean":0.3412,"pop_dens":181.9964,"frag_pct":0.0953,"old_pct":0.0703,"nonstd_pct":0.0013,"vuln_idx":0.2286,"risk_ahp":0.3572,"risk_class":2},"geometry":{"type":"MultiPolygon","coordinates":[[[[36.21995,35.25416],[36.20299,35.24878],[36.19085,35.23627],[36.18286,35.23349],[36.17992,35.22622],[36.16507,35.22099],[36.14496,35.22632],[36.12164,35.22413],[36.11842,35.22173],[36.06317,35.22619],[36.05057,35.22494],[36.04469,35.22697],[36.02903,35.21713],[36.02327,35.20946],[36.02252,35.20392],[36.02905,35.20348],[36.03258,35.19403],[36.04375,35.19279],[36.05463,35.18395],[36.07748,35.17577],[36.08603,35.16198],[36.09049,35.1591],[36.11059,35.16535],[36.11691,35.17916],[36.12152,35.1796],[36.12363,35.17744],[36.12034,35.17151],[36.12054,35.16616],[36.12348,35.16547],[36.13611,35.1793],[36.14594,35.18254],[36.22844,35.20486],[36.25486,35.20603],[36.25504,35.21193],[36.2482,35.22018],[36.244,35.23051],[36.24406,35.2438],[36.23647,35.25094],[36.21995,35.25416]]]]}},{"type":"Feature","properties":{"pcode":"SY100602","name":"القدموس","district":"القدموس","gov":"طرطوس","POP2004":22370,"mh_mean":0.5722,"seis_mean":0.7237,"flood_mean":0.3301,"pop_dens":163.8585,"frag_pct":0.0953,"old_pct":0.0703,"nonstd_pct":0.0013,"vuln_idx":0.224,"risk_ahp":0.3507,"risk_class":2},"geometry":{"type":"MultiPolygon","coordinates":[[[[36.12299,35.17847],[36.11498,35.17774],[36.11059,35.16535],[36.10588,35.16292],[36.09049,35.1591],[36.08525,35.16321],[36.07833,35.15073],[36.06076,35.14532],[36.05731,35.13785],[36.06727,35.13366],[36.0695,35.12626],[36.06768,35.11543],[36.0732,35.11257],[36.06824,35.10749],[36.07528,35.10188],[36.0892,35.09982],[36.09728,35.09439],[36.11705,35.09447],[36.12461,35.08913],[36.1305,35.08921],[36.13419,35.08197],[36.1163,35.07139],[36.10782,35.0621],[36.11922,35.06059],[36.12661,35.05309],[36.12762,35.04831],[36.13461,35.04352],[36.14831,35.0404],[36.15569,35.04131],[36.15661,35.04413],[36.168,35.04282],[36.17488,35.04819],[36.17455,35.05867],[36.17752,35.0646],[36.19487,35.07383],[36.24753,35.07451],[36.249,35.07853],[36.26442,35.08345],[36.26441,35.10083],[36.27231,35.10959],[36.26894,35.11631],[36.27287,35.12729],[36.27012,35.132],[36.22487,35.12158],[36.21009,35.12336],[36.19444,35.12225],[36.17378,35.12881],[36.1679,35.12874],[36.15139,35.13474],[36.14976,35.14354],[36.13588,35.14956],[36.1361,35.16215],[36.12054,35.16616],[36.12299,35.17847]]]]}},{"type":"Feature","properties":{"pcode":"SY100603","name":"حمام واصل","district":"القدموس","gov":"طرطوس","POP2004":8522,"mh_mean":0.5536,"seis_mean":0.6487,"flood_mean":0.3977,"pop_dens":188.2887,"frag_pct":0.0953,"old_pct":0.0703,"nonstd_pct":0.0013,"vuln_idx":0.2301,"risk_ahp":0.3445,"risk_class":2},"geometry":{"type":"MultiPolygon","coordinates":[[[[36.02093,35.10619],[36.0125,35.10729],[35.99753,35.09412],[36.00351,35.08986],[36.00733,35.08183],[36.01677,35.08044],[36.02309,35.07657],[36.02355,35.07321],[36.02789,35.07141],[36.02942,35.06538],[36.03546,35.0599],[36.07696,35.04656],[36.08423,35.05221],[36.08393,35.05792],[36.08719,35.06275],[36.09749,35.06752],[36.10782,35.0621],[36.1163,35.07139],[36.13419,35.08197],[36.1305,35.08921],[36.12461,35.08913],[36.11705,35.09447],[36.09728,35.09439],[36.0892,35.09982],[36.07528,35.10188],[36.06834,35.10737],[36.05931,35.10081],[36.03545,35.09394],[36.02986,35.10078],[36.02093,35.10619]]]]}},{"type":"Feature","properties":{"pcode":"SY100604","name":"الطواحين","district":"القدموس","gov":"طرطوس","POP2004":10024,"mh_mean":0.5695,"seis_mean":0.7427,"flood_mean":0.2971,"pop_dens":116.2583,"frag_pct":0.0953,"old_pct":0.0703,"nonstd_pct":0.0013,"vuln_idx":0.2089,"risk_ahp":0.3372,"risk_class":2},"geometry":{"type":"MultiPolygon","coordinates":[[[[36.22844,35.20486],[36.14594,35.18254],[36.13611,35.1793],[36.12348,35.16547],[36.1361,35.16215],[36.13588,35.14956],[36.14976,35.14354],[36.15139,35.13474],[36.18815,35.12338],[36.22967,35.1218],[36.24212,35.12665],[36.27012,35.132],[36.26634,35.13948],[36.26621,35.15245],[36.25545,35.18275],[36.25486,35.20603],[36.22844,35.20486]]]]}},{"type":"Feature","properties":{"pcode":"SY100206","name":"تالين","district":"بانياس","gov":"طرطوس","POP2004":8351,"mh_mean":0.5705,"seis_mean":0.6303,"flood_mean":0.4503,"pop_dens":297.5748,"frag_pct":0.0953,"old_pct":0.0703,"nonstd_pct":0.0013,"vuln_idx":0.2504,"risk_ahp":0.3698,"risk_class":2},"geometry":{"type":"MultiPolygon","coordinates":[[[[36.08114,35.16922],[36.03859,35.16862],[36.01023,35.16601],[35.99202,35.16128],[35.98972,35.16004],[35.99774,35.13405],[36.00347,35.13084],[36.00396,35.1276],[36.00952,35.12297],[36.02538,35.1276],[36.04227,35.13774],[36.05915,35.14161],[36.06076,35.14532],[36.07833,35.15073],[36.08163,35.15458],[36.08525,35.16321],[36.08114,35.16922]]]]}},{"type":"Feature","properties":{"pcode":"SY100300","name":"مركز صافيتا","district":"صافيتا","gov":"طرطوس","POP2004":60172,"mh_mean":0.6671,"seis_mean":0.6741,"flood_mean":0.5573,"pop_dens":479.159,"frag_pct":0.2868,"old_pct":0.0645,"nonstd_pct":0.0006,"vuln_idx":0.3794,"risk_ahp":0.5226,"risk_class":4},"geometry":{"type":"MultiPolygon","coordinates":[[[[36.21541,34.89973],[36.21036,34.90008],[36.17884,34.87867],[36.16421,34.87466],[36.15928,34.87587],[36.14673,34.87062],[36.13731,34.87082],[36.12072,34.87548],[36.10295,34.87398],[36.08564,34.87794],[36.08351,34.86506],[36.08696,34.85714],[36.09233,34.85539],[36.092,34.85196],[36.09818,34.84873],[36.10363,34.83848],[36.09451,34.83087],[36.08063,34.8278],[36.06783,34.81839],[36.06206,34.82028],[36.05882,34.81914],[36.05672,34.80963],[36.0469,34.80533],[36.03713,34.80553],[36.03604,34.80091],[36.03044,34.79624],[36.0335,34.77178],[36.03076,34.7656],[36.03946,34.75491],[36.04943,34.76034],[36.06305,34.76348],[36.07674,34.76342],[36.08429,34.75907],[36.11298,34.7636],[36.12624,34.75794],[36.13239,34.76741],[36.12664,34.77352],[36.12782,34.77699],[36.14054,34.78426],[36.14758,34.79206],[36.15201,34.79293],[36.16601,34.81981],[36.174,34.82925],[36.17978,34.83101],[36.18825,34.84152],[36.19561,34.84466],[36.20529,34.85656],[36.19671,34.8672],[36.19688,34.87147],[36.21471,34.87948],[36.21399,34.88338],[36.21755,34.8902],[36.21541,34.89973]]]]}},{"type":"Feature","properties":{"pcode":"SY100301","name":"مشتى الحلو","district":"صافيتا","gov":"طرطوس","POP2004":12577,"mh_mean":0.6718,"seis_mean":0.7935,"flood_mean":0.4127,"pop_dens":241.7792,"frag_pct":0.2868,"old_pct":0.0645,"nonstd_pct":0.0006,"vuln_idx":0.3491,"risk_ahp":0.5042,"risk_class":4},"geometry":{"type":"MultiPolygon","coordinates":[[[[36.28135,34.91715],[36.25631,34.90096],[36.24293,34.88841],[36.23556,34.88588],[36.2269,34.88637],[36.2186,34.88038],[36.19847,34.87281],[36.19671,34.8672],[36.20529,34.85656],[36.19561,34.84466],[36.18825,34.84152],[36.18485,34.83707],[36.22748,34.83827],[36.25218,34.83576],[36.28485,34.83763],[36.30953,34.85652],[36.31507,34.86418],[36.32814,34.874],[36.32971,34.87754],[36.32588,34.88079],[36.31084,34.87816],[36.30353,34.86831],[36.28881,34.86345],[36.27151,34.86895],[36.26708,34.87352],[36.26654,34.88577],[36.28274,34.89758],[36.28526,34.91025],[36.28135,34.91715]]]]}},{"type":"Feature","properties":{"pcode":"SY100302","name":"البارقية","district":"صافيتا","gov":"طرطوس","POP2004":7336,"mh_mean":0.685,"seis_mean":0.7188,"flood_mean":0.529,"pop_dens":191.2691,"frag_pct":0.2868,"old_pct":0.0645,"nonstd_pct":0.0006,"vuln_idx":0.3387,"risk_ahp":0.5047,"risk_class":4},"geometry":{"type":"MultiPolygon","coordinates":[[[[36.18485,34.83707],[36.17978,34.83101],[36.18657,34.82991],[36.19161,34.82252],[36.19172,34.80634],[36.18315,34.79647],[36.18263,34.7899],[36.1919,34.7898],[36.20764,34.79793],[36.21223,34.79637],[36.21119,34.79146],[36.19631,34.78345],[36.20309,34.77873],[36.21996,34.78909],[36.24419,34.79428],[36.2592,34.80155],[36.25954,34.80392],[36.26928,34.80733],[36.28485,34.83763],[36.25218,34.83576],[36.18485,34.83707]]]]}},{"type":"Feature","properties":{"pcode":"SY100303","name":"سبة","district":"صافيتا","gov":"طرطوس","POP2004":7614,"mh_mean":0.6539,"seis_mean":0.8257,"flood_mean":0.3453,"pop_dens":372.8216,"frag_pct":0.2868,"old_pct":0.0645,"nonstd_pct":0.0006,"vuln_idx":0.3683,"risk_ahp":0.5063,"risk_class":4},"geometry":{"type":"MultiPolygon","coordinates":[[[[36.24069,34.93268],[36.22997,34.92839],[36.22441,34.92196],[36.21394,34.91567],[36.21036,34.90008],[36.21541,34.89973],[36.21755,34.8902],[36.21399,34.88338],[36.21471,34.87948],[36.2269,34.88637],[36.23556,34.88588],[36.24293,34.88841],[36.25631,34.90096],[36.2805,34.91747],[36.26599,34.91915],[36.26516,34.92276],[36.26752,34.92537],[36.26092,34.929],[36.24069,34.93268]]]]}},{"type":"Feature","properties":{"pcode":"SY100304","name":"السيسنية","district":"صافيتا","gov":"طرطوس","POP2004":22018,"mh_mean":0.6901,"seis_mean":0.6308,"flood_mean":0.6535,"pop_dens":303.794,"frag_pct":0.2868,"old_pct":0.0645,"nonstd_pct":0.0006,"vuln_idx":0.3592,"risk_ahp":0.5228,"risk_class":4},"geometry":{"type":"MultiPolygon","coordinates":[[[[36.18574,34.83004],[36.17978,34.83101],[36.174,34.82925],[36.16287,34.81551],[36.15201,34.79293],[36.14758,34.79206],[36.14054,34.78426],[36.12782,34.77699],[36.12664,34.77352],[36.13239,34.76741],[36.12624,34.75794],[36.11298,34.7636],[36.10667,34.76382],[36.08429,34.75907],[36.09191,34.75008],[36.09164,34.74475],[36.08425,34.73749],[36.08867,34.72111],[36.08598,34.7126],[36.1153,34.69528],[36.12821,34.69139],[36.14634,34.69823],[36.15127,34.72393],[36.14505,34.73463],[36.15019,34.73611],[36.15449,34.74246],[36.16039,34.74443],[36.1702,34.7591],[36.19944,34.77395],[36.20309,34.77873],[36.19631,34.78345],[36.21119,34.79146],[36.21223,34.79637],[36.20764,34.79793],[36.1919,34.7898],[36.18263,34.7899],[36.18315,34.79647],[36.19172,34.80634],[36.19161,34.82252],[36.18574,34.83004]]]]}},{"type":"Feature","properties":{"pcode":"SY100305","name":"رأس الخشوفة","district":"صافيتا","gov":"طرطوس","POP2004":19915,"mh_mean":0.6338,"seis_mean":0.6204,"flood_mean":0.5709,"pop_dens":421.878,"frag_pct":0.2868,"old_pct":0.0645,"nonstd_pct":0.0006,"vuln_idx":0.3737,"risk_ahp":0.4966,"risk_class":4},"geometry":{"type":"MultiPolygon","coordinates":[[[[36.07097,34.88108],[36.03705,34.88107],[36.03824,34.87166],[36.02844,34.8711],[36.02081,34.86495],[36.02168,34.85873],[36.02577,34.85425],[36.02524,34.84712],[36.01425,34.84104],[36.01315,34.83022],[36.02021,34.81686],[36.01922,34.81451],[36.02737,34.80593],[36.03044,34.79624],[36.03604,34.80091],[36.03777,34.80628],[36.0469,34.80533],[36.05672,34.80963],[36.05882,34.81914],[36.06206,34.82028],[36.06783,34.81839],[36.08063,34.8278],[36.09451,34.83087],[36.10363,34.83848],[36.09818,34.84873],[36.092,34.85196],[36.09233,34.85539],[36.08696,34.85714],[36.08351,34.86506],[36.08564,34.87794],[36.07097,34.88108]]]]}},{"type":"Feature","properties":{"pcode":"SY100400","name":"مركز دريكيش","district":"دريكيش","gov":"طرطوس","POP2004":28749,"mh_mean":0.6254,"seis_mean":0.7094,"flood_mean":0.4401,"pop_dens":340.8284,"frag_pct":0.36,"old_pct":0.0543,"nonstd_pct":0.0001,"vuln_idx":0.395,"risk_ahp":0.5047,"risk_class":4},"geometry":{"type":"MultiPolygon","coordinates":[[[[36.06465,34.96207],[36.05107,34.95108],[36.05325,34.9439],[36.06352,34.93195],[36.0628,34.92855],[36.04987,34.92107],[36.05428,34.91442],[36.07469,34.90838],[36.0872,34.9003],[36.0862,34.87781],[36.09571,34.87494],[36.12072,34.87548],[36.14158,34.87013],[36.1511,34.87174],[36.15928,34.87587],[36.16421,34.87466],[36.17884,34.87867],[36.21036,34.90008],[36.21394,34.91567],[36.22441,34.92196],[36.22777,34.92708],[36.21082,34.93151],[36.20466,34.93122],[36.19953,34.93673],[36.16284,34.94926],[36.15693,34.94625],[36.1574,34.9366],[36.15292,34.93396],[36.1566,34.9245],[36.16026,34.92393],[36.1591,34.91813],[36.1518,34.91886],[36.15084,34.91585],[36.14196,34.91336],[36.13246,34.90627],[36.12645,34.90727],[36.11084,34.912],[36.10923,34.91918],[36.11094,34.92903],[36.10727,34.93745],[36.11099,34.94647],[36.11671,34.94816],[36.11464,34.95123],[36.11232,34.95321],[36.08642,34.95069],[36.06465,34.96207]]]]}},{"type":"Feature","properties":{"pcode":"SY100401","name":"جنينة رسلان","district":"دريكيش","gov":"طرطوس","POP2004":9846,"mh_mean":0.6072,"seis_mean":0.7186,"flood_mean":0.3974,"pop_dens":254.0831,"frag_pct":0.36,"old_pct":0.0543,"nonstd_pct":0.0001,"vuln_idx":0.382,"risk_ahp":0.4836,"risk_class":4},"geometry":{"type":"MultiPolygon","coordinates":[[[[36.19208,34.98584],[36.17314,34.9845],[36.14557,34.97281],[36.13773,34.97224],[36.1375,34.97436],[36.11961,34.97061],[36.1234,34.96028],[36.11834,34.95449],[36.11232,34.95321],[36.11671,34.94816],[36.11099,34.94647],[36.10727,34.93745],[36.11094,34.92903],[36.10923,34.91918],[36.11188,34.91089],[36.13246,34.90627],[36.14196,34.91336],[36.15084,34.91585],[36.1518,34.91886],[36.1591,34.91813],[36.16026,34.92393],[36.1566,34.9245],[36.15295,34.93241],[36.15873,34.94074],[36.15693,34.94625],[36.16284,34.94926],[36.1667,34.94675],[36.17131,34.94727],[36.17778,34.95489],[36.18773,34.95786],[36.18855,34.96851],[36.19886,34.97416],[36.20236,34.98264],[36.19208,34.98584]]]]}},{"type":"Feature","properties":{"pcode":"SY100402","name":"حمين","district":"دريكيش","gov":"طرطوس","POP2004":8679,"mh_mean":0.6016,"seis_mean":0.6367,"flood_mean":0.4947,"pop_dens":318.8507,"frag_pct":0.36,"old_pct":0.0543,"nonstd_pct":0.0001,"vuln_idx":0.3921,"risk_ahp":0.4859,"risk_class":4},"geometry":{"type":"MultiPolygon","coordinates":[[[[36.03818,34.92018],[36.01543,34.92285],[36.01391,34.92156],[36.00581,34.90482],[36.01337,34.88521],[36.02608,34.88114],[36.07097,34.88108],[36.0862,34.87781],[36.0872,34.9003],[36.07469,34.90838],[36.05428,34.91442],[36.04987,34.92107],[36.03818,34.92018]]]]}},{"type":"Feature","properties":{"pcode":"SY100403","name":"دوير رسلان","district":"دريكيش","gov":"طرطوس","POP2004":13704,"mh_mean":0.6411,"seis_mean":0.8154,"flood_mean":0.3348,"pop_dens":383.7444,"frag_pct":0.36,"old_pct":0.0543,"nonstd_pct":0.0001,"vuln_idx":0.4003,"risk_ahp":0.519,"risk_class":4},"geometry":{"type":"MultiPolygon","coordinates":[[[[36.20236,34.98264],[36.19886,34.97416],[36.18855,34.96851],[36.18773,34.95786],[36.17778,34.95489],[36.17131,34.94727],[36.17723,34.94328],[36.19953,34.93673],[36.20466,34.93122],[36.21082,34.93151],[36.22777,34.92708],[36.24069,34.93268],[36.25133,34.93184],[36.26752,34.92537],[36.27005,34.9336],[36.26903,34.94853],[36.26139,34.95866],[36.23807,34.97748],[36.20236,34.98264]]]]}},{"type":"Feature","properties":{"pcode":"SY100500","name":"مركز الشيخ بدر","district":"الشيخ بدر","gov":"طرطوس","POP2004":25324,"mh_mean":0.5814,"seis_mean":0.6656,"flood_mean":0.4228,"pop_dens":246.4698,"frag_pct":0.3137,"old_pct":0.0285,"nonstd_pct":0.0001,"vuln_idx":0.3234,"risk_ahp":0.4277,"risk_class":3},"geometry":{"type":"MultiPolygon","coordinates":[[[[36.05228,35.05405],[36.05207,35.03078],[36.04591,35.01734],[36.031,35.02546],[36.00424,35.02367],[35.981,35.03313],[35.97301,35.02962],[35.96584,35.03119],[35.95484,35.02633],[35.95516,35.02273],[35.96882,35.01425],[35.97635,35.01435],[35.98194,35.00284],[35.9873,35.0063],[35.99332,35.01634],[35.99823,35.01598],[36.00234,35.00204],[35.99938,34.99395],[36.0082,34.9911],[36.0198,34.99146],[36.03922,34.97995],[36.03683,34.96488],[36.03874,34.96235],[36.04872,34.96736],[36.05725,34.96684],[36.07422,34.95498],[36.08642,34.95069],[36.11834,34.95449],[36.1234,34.96028],[36.11961,34.97061],[36.1375,34.97436],[36.13704,34.97868],[36.14773,34.98071],[36.15701,35.00356],[36.16212,35.00587],[36.16122,35.00762],[36.13857,35.01488],[36.13069,35.02066],[36.1036,35.02728],[36.10479,35.03664],[36.09581,35.04396],[36.08544,35.04492],[36.08025,35.04764],[36.07696,35.04656],[36.05228,35.05405]]]]}},{"type":"Feature","properties":{"pcode":"SY100501","name":"برمانة المشايخ","district":"الشيخ بدر","gov":"طرطوس","POP2004":13562,"mh_mean":0.5953,"seis_mean":0.7471,"flood_mean":0.3399,"pop_dens":208.503,"frag_pct":0.3137,"old_pct":0.0285,"nonstd_pct":0.0001,"vuln_idx":0.316,"risk_ahp":0.4321,"risk_class":3},"geometry":{"type":"MultiPolygon","coordinates":[[[[36.24753,35.07451],[36.19487,35.07383],[36.17752,35.0646],[36.17455,35.05867],[36.17488,35.04819],[36.17068,35.04478],[36.168,35.04282],[36.15661,35.04413],[36.15569,35.04131],[36.15233,35.04049],[36.13723,35.04196],[36.12762,35.04831],[36.12661,35.05309],[36.11922,35.06059],[36.10782,35.0621],[36.09749,35.06752],[36.08719,35.06275],[36.08393,35.05792],[36.08423,35.05221],[36.08025,35.04764],[36.08544,35.04492],[36.09581,35.04396],[36.10158,35.04027],[36.10479,35.03664],[36.1036,35.02728],[36.13069,35.02066],[36.13857,35.01488],[36.15659,35.01012],[36.16212,35.00587],[36.18301,35.012],[36.19995,35.02394],[36.23763,35.02647],[36.24162,35.02856],[36.25408,35.06656],[36.24753,35.07451]]]]}},{"type":"Feature","properties":{"pcode":"SY100502","name":"قمصية","district":"الشيخ بدر","gov":"طرطوس","POP2004":14095,"mh_mean":0.5602,"seis_mean":0.6266,"flood_mean":0.4377,"pop_dens":301.4666,"frag_pct":0.3137,"old_pct":0.0285,"nonstd_pct":0.0001,"vuln_idx":0.3323,"risk_ahp":0.4188,"risk_class":3},"geometry":{"type":"MultiPolygon","coordinates":[[[[35.99753,35.09412],[35.99041,35.09499],[35.97778,35.09095],[35.95677,35.07436],[35.95575,35.06961],[35.96777,35.05468],[35.9717,35.03608],[35.96584,35.03119],[35.97301,35.02962],[35.98365,35.03275],[36.00424,35.02367],[36.02721,35.02624],[36.03593,35.02408],[36.04591,35.01734],[36.05207,35.03078],[36.05228,35.05405],[36.03546,35.0599],[36.02942,35.06538],[36.02789,35.07141],[36.02355,35.07321],[36.02309,35.07657],[36.01677,35.08044],[36.00899,35.08067],[36.00351,35.08986],[35.99753,35.09412]]]]}},{"type":"Feature","properties":{"pcode":"SY110100","name":"مركز الرقة","district":"مركز الرقة","gov":"الرقة","POP2004":343870,"mh_mean":0.4494,"seis_mean":0.2802,"flood_mean":0.7018,"pop_dens":119.0094,"frag_pct":0.4691,"old_pct":0.0566,"nonstd_pct":0.0014,"vuln_idx":0.4303,"risk_ahp":0.3759,"risk_class":2},"geometry":{"type":"MultiPolygon","coordinates":[[[[39.08438,36.37394],[39.06354,36.35618],[39.06202,36.34859],[39.05595,36.33871],[39.03999,36.33795],[39.03335,36.33391],[38.99227,36.32416],[38.98985,36.32479],[38.99157,36.32739],[38.98595,36.33042],[38.98752,36.33256],[38.96807,36.34346],[38.96627,36.35133],[38.95717,36.3628],[38.94593,36.35549],[38.93379,36.35965],[38.91816,36.35414],[38.91243,36.34796],[38.92041,36.34054],[38.94289,36.33627],[38.94435,36.33267],[38.95987,36.33022],[38.91589,36.31231],[38.90798,36.30309],[38.90877,36.29151],[38.90324,36.28229],[38.9043,36.27676],[38.88323,36.27281],[38.88375,36.27676],[38.87691,36.27702],[38.8719,36.27281],[38.86795,36.27518],[38.87032,36.27992],[38.85847,36.28571],[38.85478,36.29388],[38.84425,36.29493],[38.84188,36.28914],[38.82607,36.28729],[38.82792,36.27649],[38.82239,36.26649],[38.80922,36.26833],[38.80685,36.26543],[38.75444,36.25858],[38.75444,36.252],[38.76497,36.25174],[38.76181,36.22882],[38.75891,36.22593],[38.75233,36.22751],[38.75101,36.22434],[38.72546,36.23067],[38.71414,36.22751],[38.71282,36.23093],[38.69228,36.2362],[38.70044,36.25674],[38.69913,36.26174],[38.70202,36.26438],[38.67779,36.26886],[38.67015,36.26464],[38.66699,36.24462],[38.66199,36.24094],[38.63267,36.25055],[38.63059,36.25448],[38.61372,36.25009],[38.60747,36.25095],[38.58381,36.26286],[38.57408,36.25763],[38.57213,36.25993],[38.57109,36.28741],[38.54725,36.29009],[38.53945,36.28058],[38.53892,36.26041],[38.53415,36.26041],[38.52855,36.24696],[38.5392,36.24528],[38.54686,36.23764],[38.54816,36.23156],[38.55797,36.23184],[38.55769,36.22988],[38.5518,36.22819],[38.54648,36.22007],[38.55515,36.19432],[38.56895,36.18535],[38.57067,36.17258],[38.56584,36.16706],[38.5686,36.16051],[38.56239,36.15568],[38.57412,36.14636],[38.57654,36.14774],[38.57309,36.13601],[38.58344,36.13153],[38.5824,36.12704],[38.60379,36.11807],[38.60276,36.09496],[38.59827,36.09599],[38.59034,36.09392],[38.58723,36.09737],[38.58827,36.10496],[38.58102,36.10876],[38.56791,36.10186],[38.56826,36.0953],[38.54411,36.09461],[38.54411,36.08564],[38.53928,36.07219],[38.56343,36.06011],[38.56446,36.05701],[38.57861,36.04804],[38.57378,36.03079],[38.58654,36.02389],[38.58275,36.01526],[38.58585,36.00802],[38.5755,35.99249],[38.57619,35.98697],[38.57171,35.98214],[38.56895,35.96144],[38.58033,35.95937],[38.57102,35.95075],[38.56998,35.93867],[38.56515,35.93005],[38.56895,35.91832],[38.55722,35.89934],[38.55066,35.899],[38.54135,35.8783],[38.53824,35.8783],[38.53445,35.87416],[38.50305,35.88485],[38.49098,35.87864],[38.4927,35.87381],[38.46614,35.87588],[38.43509,35.88278],[38.42198,35.87968],[38.41542,35.86139],[38.41059,35.85587],[38.41611,35.85001],[38.41128,35.83759],[38.43371,35.82896],[38.46752,35.82793],[38.52962,35.86105],[38.5617,35.8676],[38.59931,35.88175],[38.62208,35.87347],[38.62656,35.86726],[38.6414,35.85691],[38.65658,35.8507],[38.6859,35.85346],[38.73144,35.86967],[38.76422,35.89693],[38.77871,35.91625],[38.7863,35.91728],[38.81528,35.90521],[38.83425,35.90659],[38.83494,35.93281],[38.87669,35.92453],[38.88221,35.92625],[38.89083,35.92384],[38.89463,35.91211],[38.90471,35.91045],[38.91053,35.90566],[38.91669,35.90395],[38.92661,35.91079],[38.93928,35.90668],[38.94612,35.90839],[38.95057,35.90292],[38.9581,35.90121],[38.97794,35.90052],[39.0084,35.89471],[39.01353,35.88547],[39.02106,35.88033],[39.02517,35.88239],[39.03954,35.88239],[39.05015,35.87794],[39.05084,35.88992],[39.05802,35.90463],[39.06418,35.91011],[39.07205,35.90668],[39.08027,35.89573],[39.09601,35.88718],[39.10917,35.89131],[39.10445,35.90581],[39.10508,35.914],[39.12619,35.91715],[39.13376,35.92314],[39.14952,35.92188],[39.15992,35.92819],[39.15866,35.93228],[39.14983,35.93228],[39.14668,35.93701],[39.14668,35.94395],[39.1429,35.94521],[39.13817,35.93701],[39.13061,35.93386],[39.11138,35.9367],[39.08144,35.93449],[39.06978,35.9367],[39.06127,35.94741],[39.06852,35.95529],[39.07955,35.95781],[39.0827,35.96475],[39.08182,35.96877],[39.08994,35.97564],[39.09868,35.99376],[39.14991,35.98501],[39.16802,35.98626],[39.15116,36.0075],[39.12929,36.04811],[39.18364,36.04811],[39.19301,36.04373],[39.24861,36.04186],[39.27922,36.02562],[39.29983,36.02249],[39.30858,36.06747],[39.32982,36.07434],[39.34731,36.13744],[39.34231,36.14618],[39.36168,36.18929],[39.37042,36.19116],[39.38942,36.26694],[39.36322,36.26855],[39.3222,36.28285],[39.28492,36.30118],[39.23987,36.33474],[39.22899,36.33163],[39.1858,36.33411],[39.18425,36.31299],[39.16094,36.31299],[39.15939,36.32573],[39.13764,36.32604],[39.13733,36.31827],[39.12583,36.322],[39.12366,36.32604],[39.11372,36.32573],[39.11278,36.33225],[39.10968,36.33287],[39.10906,36.33691],[39.10129,36.33909],[39.09508,36.3366],[39.09103,36.33784],[39.09081,36.34721],[39.08721,36.35042],[39.09001,36.35722],[39.08661,36.36862],[39.08921,36.37012],[39.08438,36.37394]]]]}},{"type":"Feature","properties":{"pcode":"SY110101","name":"السبخة","district":"مركز الرقة","gov":"الرقة","POP2004":48106,"mh_mean":0.4837,"seis_mean":0.3632,"flood_mean":0.6515,"pop_dens":19.2361,"frag_pct":0.4691,"old_pct":0.0566,"nonstd_pct":0.0014,"vuln_idx":0.3512,"risk_ahp":0.3701,"risk_class":2},"geometry":{"type":"MultiPolygon","coordinates":[[[[38.89463,35.91211],[38.89083,35.92384],[38.87742,35.86414],[38.87949,35.83888],[38.86417,35.83681],[38.85299,35.83184],[38.85879,35.79498],[38.86666,35.79209],[38.85423,35.77883],[38.85311,35.7485],[38.8589,35.74906],[38.94486,35.70495],[38.95234,35.69883],[38.94644,35.67717],[38.93032,35.66841],[38.96398,35.66234],[39.00811,35.63089],[39.04673,35.61986],[39.04066,35.57076],[39.05611,35.54703],[39.07597,35.50069],[39.07818,35.46648],[39.08591,35.4571],[39.09915,35.45103],[39.16732,35.3268],[39.18211,35.3233],[39.19679,35.31645],[39.20173,35.30592],[39.20078,35.2934],[39.20453,35.28848],[39.24493,35.27797],[39.61824,35.72657],[39.61002,35.72835],[39.6086,35.73477],[39.6036,35.73906],[39.60395,35.75406],[39.56789,35.75727],[39.53754,35.75263],[39.51111,35.76191],[39.49111,35.76155],[39.45362,35.76941],[39.43969,35.76798],[39.41757,35.77366],[39.42649,35.79436],[39.43237,35.79891],[39.4275,35.80684],[39.40891,35.81125],[39.40071,35.8289],[39.36951,35.84561],[39.361,35.84813],[39.34493,35.84372],[39.33799,35.84403],[39.33327,35.83931],[39.32665,35.84025],[39.32003,35.84687],[39.31498,35.84624],[39.29418,35.83206],[39.29009,35.83143],[39.28504,35.83363],[39.27212,35.84939],[39.26613,35.85128],[39.26802,35.85412],[39.26298,35.86641],[39.24754,35.87114],[39.23115,35.88249],[39.21743,35.87806],[39.21035,35.86799],[39.1908,35.86799],[39.18198,35.87366],[39.16685,35.87587],[39.16338,35.88406],[39.11926,35.88753],[39.10917,35.89131],[39.09601,35.88718],[39.08027,35.89573],[39.07205,35.90668],[39.06418,35.91011],[39.05802,35.90463],[39.05084,35.88992],[39.05015,35.87794],[39.03954,35.88239],[39.02517,35.88239],[39.02106,35.88033],[39.01353,35.88547],[39.0084,35.89471],[38.97794,35.90052],[38.9581,35.90121],[38.95057,35.90292],[38.94612,35.90839],[38.93928,35.90668],[38.92661,35.91079],[38.91669,35.90395],[38.91053,35.90566],[38.90471,35.91045],[38.89463,35.91211]]]]}},{"type":"Feature","properties":{"pcode":"SY110102","name":"الكرامة","district":"مركز الرقة","gov":"الرقة","POP2004":71678,"mh_mean":0.4457,"seis_mean":0.2791,"flood_mean":0.6973,"pop_dens":39.2235,"frag_pct":0.4691,"old_pct":0.0566,"nonstd_pct":0.0014,"vuln_idx":0.3817,"risk_ahp":0.3505,"risk_class":2},"geometry":{"type":"MultiPolygon","coordinates":[[[[39.41759,36.25799],[39.38942,36.26694],[39.37042,36.19116],[39.36168,36.18929],[39.34231,36.14618],[39.34731,36.13744],[39.32982,36.07434],[39.30858,36.06747],[39.29983,36.02249],[39.27922,36.02562],[39.24861,36.04186],[39.19301,36.04373],[39.18364,36.04811],[39.12929,36.04811],[39.15116,36.0075],[39.16802,35.98626],[39.14991,35.98501],[39.09868,35.99376],[39.08994,35.97564],[39.08182,35.96877],[39.0827,35.96475],[39.07955,35.95781],[39.06852,35.95529],[39.06127,35.94741],[39.06253,35.94395],[39.06536,35.94395],[39.06978,35.9367],[39.08144,35.93449],[39.11138,35.9367],[39.13061,35.93386],[39.13817,35.93701],[39.1429,35.94521],[39.14668,35.94395],[39.14668,35.93701],[39.14983,35.93228],[39.15866,35.93228],[39.15992,35.92819],[39.14952,35.92188],[39.13376,35.92314],[39.12619,35.91715],[39.10508,35.914],[39.10445,35.90581],[39.10917,35.89131],[39.11926,35.88753],[39.16338,35.88406],[39.16685,35.87587],[39.18198,35.87366],[39.1908,35.86799],[39.21035,35.86799],[39.21802,35.87845],[39.23222,35.88216],[39.24754,35.87114],[39.26298,35.86641],[39.26802,35.85412],[39.26613,35.85128],[39.27212,35.84939],[39.28504,35.83363],[39.29009,35.83143],[39.29418,35.83206],[39.31498,35.84624],[39.32003,35.84687],[39.32665,35.84025],[39.33327,35.83931],[39.33799,35.84403],[39.34493,35.84372],[39.361,35.84813],[39.36951,35.84561],[39.40071,35.8289],[39.40891,35.81125],[39.41868,35.8081],[39.4275,35.80684],[39.43192,35.80905],[39.4751,35.81346],[39.48329,35.81125],[39.49558,35.80401],[39.52543,35.80491],[39.53656,35.8018],[39.54538,35.79455],[39.55042,35.79676],[39.57564,35.79171],[39.61661,35.80621],[39.64214,35.79518],[39.65097,35.77753],[39.65765,35.77558],[39.6846,35.7766],[39.69452,35.76859],[39.70049,35.77024],[39.70036,35.77469],[39.69757,35.77634],[39.70381,35.82589],[39.70139,35.92974],[39.67415,35.93385],[39.65927,35.96808],[39.66472,35.99784],[39.69846,36.0157],[39.72078,36.01967],[39.75005,36.06928],[39.7224,36.07622],[39.71028,36.09549],[39.70345,36.11537],[39.70655,36.12066],[39.70376,36.13743],[39.70593,36.14831],[39.69785,36.16229],[39.69071,36.15981],[39.68636,36.16229],[39.66678,36.16447],[39.66119,36.17348],[39.65032,36.17441],[39.63571,36.16043],[39.62204,36.15701],[39.62142,36.16136],[39.59128,36.16726],[39.58103,36.19554],[39.52417,36.21138],[39.51826,36.21169],[39.51422,36.20952],[39.51205,36.21107],[39.50614,36.20828],[39.49341,36.21542],[39.46606,36.21667],[39.46327,36.22785],[39.41759,36.25799]]]]}},{"type":"Feature","properties":{"pcode":"SY110103","name":"معدان","district":"مركز الرقة","gov":"الرقة","POP2004":42652,"mh_mean":0.6247,"seis_mean":0.4541,"flood_mean":0.776,"pop_dens":407.9834,"frag_pct":0.4691,"old_pct":0.0566,"nonstd_pct":0.0014,"vuln_idx":0.4848,"risk_ahp":0.5586,"risk_class":5},"geometry":{"type":"MultiPolygon","coordinates":[[[[39.48329,35.81125],[39.46533,35.81346],[39.43192,35.80905],[39.4275,35.80684],[39.43237,35.79891],[39.42649,35.79436],[39.41757,35.77366],[39.43969,35.76798],[39.45362,35.76941],[39.49111,35.76155],[39.51111,35.76191],[39.53754,35.75263],[39.56789,35.75727],[39.60395,35.75406],[39.6036,35.73906],[39.6086,35.73477],[39.61002,35.72835],[39.61824,35.72657],[39.64016,35.75256],[39.6429,35.76198],[39.65765,35.77558],[39.65097,35.77753],[39.64214,35.79518],[39.61661,35.80621],[39.57564,35.79171],[39.55042,35.79676],[39.54538,35.79455],[39.53656,35.8018],[39.52543,35.80491],[39.49558,35.80401],[39.48329,35.81125]]]]}},{"type":"Feature","properties":{"pcode":"SY110200","name":"مركز تل أبيض","district":"تل أبيض","gov":"الرقة","POP2004":44671,"mh_mean":0.4196,"seis_mean":0.2976,"flood_mean":0.6285,"pop_dens":83.7243,"frag_pct":0.696,"old_pct":0.0307,"nonstd_pct":0.0018,"vuln_idx":0.5308,"risk_ahp":0.3819,"risk_class":2},"geometry":{"type":"MultiPolygon","coordinates":[[[[38.6474,36.76911],[38.63488,36.76854],[38.63655,36.75524],[38.64414,36.74645],[38.63607,36.73315],[38.64985,36.71747],[38.66457,36.71557],[38.67265,36.68422],[38.66054,36.67567],[38.62158,36.66688],[38.61612,36.67472],[38.58453,36.6778],[38.58024,36.6645],[38.5926,36.64574],[38.58904,36.63315],[38.59575,36.61354],[38.62372,36.6056],[38.63417,36.61083],[38.63441,36.63695],[38.62871,36.64384],[38.66315,36.65358],[38.66837,36.63814],[38.67621,36.63885],[38.70495,36.65168],[38.70946,36.65026],[38.70994,36.64123],[38.71493,36.64455],[38.71897,36.64384],[38.72015,36.64147],[38.71469,36.63743],[38.70329,36.63814],[38.69426,36.6189],[38.69569,36.61367],[38.67594,36.57628],[38.69423,36.57663],[38.69899,36.57044],[38.70962,36.57044],[38.71168,36.59234],[38.73199,36.6028],[38.73627,36.599],[38.74785,36.60027],[38.74864,36.59836],[38.75356,36.59868],[38.75055,36.61232],[38.76752,36.61343],[38.78545,36.60979],[38.79497,36.61708],[38.8002,36.61581],[38.80131,36.61121],[38.80734,36.60677],[38.81734,36.60804],[38.82558,36.60534],[38.82891,36.59598],[38.82432,36.59249],[38.81464,36.59471],[38.81226,36.58123],[38.83193,36.58139],[38.83082,36.566],[38.8351,36.56235],[38.8543,36.5641],[38.85446,36.5503],[38.88793,36.55712],[38.88856,36.56331],[38.89332,36.56315],[38.89903,36.56727],[38.90014,36.57552],[38.90903,36.57599],[38.9122,36.57996],[38.92838,36.57743],[38.92996,36.56997],[38.93885,36.56045],[38.97819,36.56759],[38.98073,36.57377],[38.97962,36.58298],[38.98247,36.58758],[38.98358,36.60756],[38.99659,36.60407],[39.00468,36.61486],[39.02245,36.61661],[39.01943,36.60138],[39.04418,36.59646],[39.05449,36.60582],[39.06385,36.60471],[39.07337,36.61534],[39.06528,36.62549],[39.07734,36.63279],[39.07416,36.63532],[39.07464,36.64389],[39.06433,36.65167],[39.07131,36.66372],[39.09447,36.66134],[39.10706,36.69304],[39.06391,36.70568],[39.02058,36.71072],[38.89066,36.70073],[38.74491,36.70701],[38.73105,36.71116],[38.69196,36.73417],[38.6474,36.76911]]]]}},{"type":"Feature","properties":{"pcode":"SY110201","name":"سلوك","district":"تل أبيض","gov":"الرقة","POP2004":44131,"mh_mean":0.349,"seis_mean":0.1861,"flood_mean":0.6544,"pop_dens":14.1041,"frag_pct":0.696,"old_pct":0.0307,"nonstd_pct":0.0018,"vuln_idx":0.4541,"risk_ahp":0.2592,"risk_class":1},"geometry":{"type":"MultiPolygon","coordinates":[[[[39.50398,36.70208],[39.3612,36.69204],[39.26407,36.67508],[39.21291,36.66911],[39.10706,36.69304],[39.09447,36.66134],[39.07131,36.66372],[39.06433,36.65167],[39.07464,36.64389],[39.07416,36.63532],[39.07734,36.63279],[39.06528,36.62549],[39.07337,36.61534],[39.06385,36.60471],[39.05449,36.60582],[39.04418,36.59646],[39.01943,36.60138],[39.02245,36.61661],[39.00468,36.61486],[39.00167,36.60899],[38.99461,36.60431],[38.99529,36.59575],[38.99791,36.59346],[38.9966,36.57887],[38.99955,36.57609],[39.00431,36.57609],[39.00676,36.56904],[39.01905,36.55741],[39.02905,36.5561],[39.03052,36.55413],[39.03167,36.54659],[39.02807,36.53119],[39.022,36.52758],[39.03102,36.51759],[39.02757,36.50628],[39.02938,36.50317],[39.04708,36.49366],[39.04822,36.47875],[39.05248,36.47842],[39.0574,36.46744],[39.06442,36.46206],[39.07337,36.4595],[39.0705,36.45311],[39.07497,36.45119],[39.10001,36.42305],[39.09773,36.40329],[39.09166,36.39645],[39.09166,36.39037],[39.0833,36.37442],[39.08921,36.37012],[39.08661,36.36862],[39.09001,36.35722],[39.08721,36.35042],[39.09081,36.34721],[39.09103,36.33784],[39.09508,36.3366],[39.10129,36.33909],[39.10906,36.33691],[39.10968,36.33287],[39.11278,36.33225],[39.11372,36.32573],[39.12366,36.32604],[39.12583,36.322],[39.13733,36.31827],[39.13764,36.32604],[39.15939,36.32573],[39.16094,36.31299],[39.18425,36.31299],[39.1858,36.33411],[39.22899,36.33163],[39.23987,36.33474],[39.28492,36.30118],[39.3222,36.28285],[39.36322,36.26855],[39.38435,36.26855],[39.41759,36.25799],[39.46327,36.22785],[39.46606,36.21667],[39.49341,36.21542],[39.50614,36.20828],[39.51205,36.21107],[39.51422,36.20952],[39.51826,36.21169],[39.52417,36.21138],[39.58103,36.19554],[39.59128,36.16726],[39.62142,36.16136],[39.62204,36.15701],[39.63571,36.16043],[39.65032,36.17441],[39.66119,36.17348],[39.66678,36.16447],[39.68636,36.16229],[39.69071,36.15981],[39.69785,36.16229],[39.70593,36.14831],[39.70376,36.13743],[39.70655,36.12066],[39.70345,36.11537],[39.71028,36.09549],[39.7224,36.07622],[39.75005,36.06928],[39.72078,36.01967],[39.69846,36.0157],[39.66472,35.99784],[39.65927,35.96808],[39.67415,35.93385],[39.7014,35.92974],[39.70757,35.95497],[39.69844,35.96919],[39.70327,35.98905],[39.71374,35.99415],[39.71696,35.99951],[39.72367,36.00246],[39.72716,36.00944],[39.74245,36.01588],[39.74218,36.02662],[39.74648,36.03252],[39.76392,36.03574],[39.76767,36.04272],[39.77578,36.04946],[39.78002,36.04969],[39.78432,36.06311],[39.79478,36.07036],[39.80068,36.0819],[39.79988,36.08619],[39.80981,36.09665],[39.81705,36.109],[39.82752,36.11115],[39.83396,36.1192],[39.83798,36.11973],[39.83879,36.12644],[39.84308,36.13127],[39.83664,36.13825],[39.83476,36.14623],[39.83101,36.1463],[39.8294,36.15059],[39.84255,36.17286],[39.84281,36.17957],[39.85435,36.18816],[39.86374,36.20936],[39.86911,36.21285],[39.88011,36.21527],[39.89461,36.23995],[39.89349,36.24491],[39.8989,36.26947],[39.89438,36.33823],[39.8549,36.35818],[39.82845,36.36092],[39.81396,36.37237],[39.80615,36.37273],[39.79958,36.36931],[39.75854,36.45201],[39.62498,36.56166],[39.56445,36.61788],[39.51299,36.68423],[39.50398,36.70208]]]]}},{"type":"Feature","properties":{"pcode":"SY110202","name":"عين عيسى","district":"تل أبيض","gov":"الرقة","POP2004":38468,"mh_mean":0.3801,"seis_mean":0.221,"flood_mean":0.6615,"pop_dens":32.1963,"frag_pct":0.696,"old_pct":0.0307,"nonstd_pct":0.0018,"vuln_idx":0.4891,"risk_ahp":0.3157,"risk_class":2},"geometry":{"type":"MultiPolygon","coordinates":[[[[38.8002,36.61581],[38.79497,36.61708],[38.78545,36.60979],[38.76752,36.61343],[38.75055,36.61232],[38.75356,36.59868],[38.74864,36.59836],[38.74785,36.60027],[38.73627,36.599],[38.73199,36.6028],[38.71168,36.59234],[38.70962,36.57044],[38.69899,36.57044],[38.69423,36.57663],[38.67594,36.57628],[38.67265,36.55974],[38.68215,36.55216],[38.68381,36.54337],[38.66671,36.52888],[38.65314,36.49844],[38.6565,36.48233],[38.6774,36.47686],[38.6717,36.45976],[38.65697,36.45501],[38.65341,36.44622],[38.66383,36.43545],[38.6641,36.42057],[38.6565,36.41867],[38.65175,36.41172],[38.64224,36.41202],[38.64201,36.40466],[38.63536,36.39943],[38.64034,36.38993],[38.63583,36.37212],[38.64296,36.36832],[38.64676,36.34789],[38.64034,36.34433],[38.64604,36.33934],[38.63844,36.32818],[38.64723,36.31297],[38.62752,36.30347],[38.63156,36.2821],[38.60875,36.27497],[38.58381,36.26286],[38.60747,36.25095],[38.61372,36.25009],[38.63059,36.25448],[38.63267,36.25055],[38.66199,36.24094],[38.66699,36.24462],[38.67015,36.26464],[38.67779,36.26886],[38.70202,36.26438],[38.69913,36.26174],[38.70044,36.25674],[38.69228,36.2362],[38.71282,36.23093],[38.71414,36.22751],[38.72546,36.23067],[38.75101,36.22434],[38.75233,36.22751],[38.75891,36.22593],[38.76181,36.22882],[38.76497,36.25174],[38.75444,36.252],[38.75444,36.25858],[38.80685,36.26543],[38.80922,36.26833],[38.82239,36.26649],[38.82792,36.27649],[38.82607,36.28729],[38.84188,36.28914],[38.84425,36.29493],[38.85478,36.29388],[38.85847,36.28571],[38.87032,36.27992],[38.86795,36.27518],[38.8719,36.27281],[38.87691,36.27702],[38.88375,36.27676],[38.88323,36.27281],[38.9043,36.27676],[38.90324,36.28229],[38.90877,36.29151],[38.90798,36.30309],[38.91589,36.31231],[38.95987,36.33022],[38.94435,36.33267],[38.94289,36.33627],[38.92041,36.34054],[38.91243,36.34796],[38.91816,36.35414],[38.93379,36.35965],[38.94593,36.35549],[38.95717,36.3628],[38.96627,36.35133],[38.96807,36.34346],[38.98752,36.33256],[38.98595,36.33042],[38.99157,36.32739],[38.98985,36.32479],[38.99227,36.32416],[39.03335,36.33391],[39.03999,36.33795],[39.05595,36.33871],[39.06202,36.34859],[39.06354,36.35618],[39.08102,36.36986],[39.09166,36.39037],[39.09166,36.39645],[39.09773,36.40329],[39.10001,36.42305],[39.07497,36.45119],[39.0705,36.45311],[39.07337,36.4595],[39.06442,36.46206],[39.0574,36.46744],[39.05248,36.47842],[39.04822,36.47875],[39.04708,36.49366],[39.02938,36.50317],[39.02757,36.50628],[39.03102,36.51759],[39.022,36.52758],[39.02807,36.53119],[39.03167,36.54659],[39.03052,36.55413],[39.02905,36.5561],[39.01905,36.55741],[39.00676,36.56904],[39.00431,36.57609],[38.99955,36.57609],[38.9966,36.57887],[38.99791,36.59346],[38.99529,36.59575],[38.99461,36.60431],[38.98358,36.60756],[38.98247,36.58758],[38.97962,36.58298],[38.98073,36.57377],[38.97819,36.56759],[38.93885,36.56045],[38.92996,36.56997],[38.92838,36.57743],[38.9122,36.57996],[38.90903,36.57599],[38.90014,36.57552],[38.89903,36.56727],[38.89332,36.56315],[38.88856,36.56331],[38.88793,36.55712],[38.85446,36.5503],[38.8543,36.5641],[38.8351,36.56235],[38.83082,36.566],[38.83193,36.58139],[38.81226,36.58123],[38.81464,36.59471],[38.82432,36.59249],[38.82891,36.59598],[38.82558,36.60534],[38.81734,36.60804],[38.80734,36.60677],[38.80131,36.61121],[38.8002,36.61581]]]]}},{"type":"Feature","properties":{"pcode":"SY110300","name":"مركز الثورة","district":"الثورة","gov":"الرقة","POP2004":69425,"mh_mean":0.5303,"seis_mean":0.3727,"flood_mean":0.72,"pop_dens":1364.1366,"frag_pct":0.56,"old_pct":0.0271,"nonstd_pct":0.0044,"vuln_idx":0.5857,"risk_ahp":0.5269,"risk_class":4},"geometry":{"type":"MultiPolygon","coordinates":[[[[38.59096,35.86366],[38.59931,35.88175],[38.5617,35.8676],[38.52962,35.86105],[38.51066,35.85095],[38.51148,35.83062],[38.5268,35.82153],[38.54069,35.82201],[38.53398,35.79089],[38.54595,35.78897],[38.53829,35.76407],[38.55218,35.7636],[38.55697,35.78179],[38.58282,35.78179],[38.58473,35.79136],[38.57947,35.79232],[38.58138,35.85408],[38.59096,35.86366]]]]}},{"type":"Feature","properties":{"pcode":"SY110301","name":"المنصورة","district":"الثورة","gov":"الرقة","POP2004":58727,"mh_mean":0.4147,"seis_mean":0.262,"flood_mean":0.6667,"pop_dens":15.0217,"frag_pct":0.56,"old_pct":0.0271,"nonstd_pct":0.0044,"vuln_idx":0.3881,"risk_ahp":0.3213,"risk_class":2},"geometry":{"type":"MultiPolygon","coordinates":[[[[38.20555,35.96468],[38.16165,35.97621],[38.16351,35.97065],[38.16083,35.95706],[38.16413,35.9517],[38.17667,35.9533],[38.18581,35.94949],[38.1911,35.94985],[38.20071,35.94224],[38.15733,35.90249],[38.13592,35.87717],[38.13036,35.86028],[38.11533,35.83352],[38.12583,35.83063],[38.12788,35.83698],[38.17226,35.83646],[38.14513,35.79266],[38.16966,35.78653],[38.15739,35.73223],[38.16248,35.73007],[38.16367,35.72485],[38.18692,35.71844],[38.19428,35.70458],[38.19882,35.67814],[38.19249,35.65264],[38.21031,35.61675],[38.20698,35.60653],[38.25356,35.59156],[38.25696,35.59835],[38.26491,35.5991],[38.26897,35.59439],[38.26711,35.58134],[38.30276,35.56803],[38.29967,35.52834],[38.2904,35.51551],[38.27947,35.50577],[38.24477,35.44421],[38.31675,35.39538],[38.57532,35.39887],[38.87133,35.37107],[39.13431,35.32397],[39.14281,35.32723],[39.16732,35.3268],[39.09915,35.45103],[39.08591,35.4571],[39.07818,35.46648],[39.07597,35.50069],[39.05611,35.54703],[39.04066,35.57076],[39.04673,35.61986],[39.00811,35.63089],[38.96398,35.66234],[38.93032,35.66841],[38.94644,35.67717],[38.95234,35.69883],[38.94486,35.70495],[38.8589,35.74906],[38.85311,35.7485],[38.85423,35.77883],[38.86666,35.79209],[38.85879,35.79498],[38.85299,35.83184],[38.86417,35.83681],[38.87949,35.83888],[38.87742,35.86414],[38.89083,35.92384],[38.88221,35.92625],[38.87669,35.92453],[38.83494,35.93281],[38.83425,35.90659],[38.81528,35.90521],[38.7863,35.91728],[38.77871,35.91625],[38.76422,35.89693],[38.73144,35.86967],[38.6859,35.85346],[38.65658,35.8507],[38.6414,35.85691],[38.62656,35.86726],[38.62208,35.87347],[38.59931,35.88175],[38.59096,35.86366],[38.58138,35.85408],[38.57947,35.79232],[38.58473,35.79136],[38.58282,35.78179],[38.55697,35.78179],[38.55218,35.7636],[38.53829,35.76407],[38.54595,35.78897],[38.53398,35.79089],[38.54069,35.82201],[38.5268,35.82153],[38.51148,35.83062],[38.51066,35.85095],[38.46752,35.82793],[38.43371,35.82896],[38.42163,35.83414],[38.41853,35.83345],[38.41128,35.83759],[38.41611,35.85001],[38.41059,35.85587],[38.41771,35.86777],[38.38126,35.88042],[38.30274,35.91249],[38.20555,35.96468]]]]}},{"type":"Feature","properties":{"pcode":"SY110302","name":"الجرنية","district":"الثورة","gov":"الرقة","POP2004":31786,"mh_mean":0.3827,"seis_mean":0.1947,"flood_mean":0.7009,"pop_dens":21.1872,"frag_pct":0.56,"old_pct":0.0271,"nonstd_pct":0.0044,"vuln_idx":0.4026,"risk_ahp":0.2897,"risk_class":1},"geometry":{"type":"MultiPolygon","coordinates":[[[[38.33189,36.2761],[38.32881,36.28338],[38.31341,36.28198],[38.31172,36.27834],[38.29863,36.27496],[38.28057,36.27351],[38.25663,36.27543],[38.22796,36.28254],[38.21956,36.28254],[38.21508,36.2789],[38.20731,36.28237],[38.19769,36.27277],[38.18498,36.26938],[38.17419,36.26296],[38.17184,36.26401],[38.16294,36.25722],[38.14068,36.25651],[38.13459,36.2537],[38.13647,36.23906],[38.13412,36.23636],[38.1374,36.22957],[38.13421,36.22323],[38.11517,36.20879],[38.10821,36.17692],[38.08667,36.17223],[38.07915,36.15069],[38.08032,36.14505],[38.07402,36.13743],[38.08176,36.12301],[38.08197,36.11807],[38.1005,36.10201],[38.09968,36.09934],[38.09247,36.08883],[38.08581,36.08709],[38.07968,36.08843],[38.069,36.09851],[38.06262,36.09892],[38.05973,36.09686],[38.059,36.08606],[38.06341,36.08175],[38.08506,36.07236],[38.10544,36.05157],[38.09597,36.04024],[38.10237,36.01741],[38.10988,36.01242],[38.12454,36.00946],[38.13387,35.99844],[38.15007,35.99508],[38.15424,35.98815],[38.15387,35.97838],[38.15988,35.97933],[38.16165,35.97621],[38.20555,35.96468],[38.30274,35.91249],[38.38126,35.88042],[38.41771,35.86777],[38.42198,35.87968],[38.43509,35.88278],[38.46614,35.87588],[38.4927,35.87381],[38.49098,35.87864],[38.50305,35.88485],[38.53445,35.87416],[38.53824,35.8783],[38.54135,35.8783],[38.55066,35.899],[38.55722,35.89934],[38.56895,35.91832],[38.56515,35.93005],[38.56998,35.93867],[38.57102,35.95075],[38.58033,35.95937],[38.56895,35.96144],[38.57171,35.98214],[38.57619,35.98697],[38.5755,35.99249],[38.58585,36.00802],[38.58275,36.01526],[38.58654,36.02389],[38.57378,36.03079],[38.57861,36.04804],[38.56446,36.05701],[38.56343,36.06011],[38.53928,36.07219],[38.54411,36.08564],[38.54411,36.09461],[38.56826,36.0953],[38.56791,36.10186],[38.58102,36.10876],[38.58827,36.10496],[38.58723,36.09737],[38.59034,36.09392],[38.59827,36.09599],[38.60276,36.09496],[38.60379,36.11807],[38.5824,36.12704],[38.58344,36.13153],[38.57309,36.13601],[38.57654,36.14774],[38.57412,36.14636],[38.56239,36.15568],[38.5686,36.16051],[38.56584,36.16706],[38.57067,36.17258],[38.56895,36.18535],[38.55515,36.19432],[38.54648,36.22007],[38.52687,36.20606],[38.51258,36.2041],[38.50984,36.23219],[38.50259,36.23798],[38.48093,36.24024],[38.42378,36.22707],[38.41762,36.22259],[38.42811,36.20621],[38.43829,36.19853],[38.4415,36.19273],[38.43807,36.15536],[38.41341,36.15256],[38.40249,36.15705],[38.38696,36.15969],[38.38392,36.16598],[38.38542,36.17932],[38.37948,36.18658],[38.38455,36.19038],[38.3839,36.19454],[38.358,36.20093],[38.34472,36.20839],[38.33807,36.2094],[38.33255,36.21506],[38.33437,36.23501],[38.33778,36.23632],[38.33666,36.24444],[38.34394,36.24556],[38.34842,36.25145],[38.35178,36.26321],[38.34394,36.27106],[38.3389,36.27106],[38.33189,36.2761]]]]}},{"type":"Feature","properties":{"pcode":"SY120000","name":"مركز درعا","district":"درعا","gov":"درعا","POP2004":146481,"mh_mean":0.5425,"seis_mean":0.4382,"flood_mean":0.6531,"pop_dens":407.4059,"frag_pct":0.1121,"old_pct":0.0403,"nonstd_pct":0.0101,"vuln_idx":0.3099,"risk_ahp":0.392,"risk_class":3},"geometry":{"type":"MultiPolygon","coordinates":[[[[36.09901,32.71433],[36.08031,32.68982],[36.07631,32.67229],[36.07069,32.66272],[36.0343,32.65906],[36.0273,32.65411],[36.02837,32.63809],[36.02387,32.61232],[36.0264,32.60481],[36.03335,32.60374],[36.04029,32.59084],[36.04925,32.58742],[36.04913,32.58559],[36.06082,32.57793],[36.07103,32.55897],[36.0784,32.53697],[36.07841,32.51248],[36.12239,32.5256],[36.14362,32.52248],[36.15603,32.52347],[36.16605,32.51252],[36.19431,32.53027],[36.2013,32.52992],[36.2394,32.4985],[36.26281,32.54321],[36.26497,32.56554],[36.25906,32.57249],[36.26301,32.59413],[36.27362,32.59583],[36.28452,32.60062],[36.28701,32.60681],[36.28858,32.63604],[36.26968,32.64035],[36.26529,32.65027],[36.26143,32.65337],[36.2418,32.66199],[36.22587,32.66513],[36.20725,32.66239],[36.19609,32.65791],[36.18873,32.66003],[36.18189,32.66781],[36.15479,32.67455],[36.14787,32.69726],[36.14458,32.69573],[36.12408,32.69862],[36.10546,32.70434],[36.10752,32.70511],[36.10486,32.71168],[36.09901,32.71433]]]]}},{"type":"Feature","properties":{"pcode":"SY120001","name":"بصرى الشام","district":"درعا","gov":"درعا","POP2004":33839,"mh_mean":0.4037,"seis_mean":0.3185,"flood_mean":0.5744,"pop_dens":96.8398,"frag_pct":0.1121,"old_pct":0.0403,"nonstd_pct":0.0101,"vuln_idx":0.2464,"risk_ahp":0.2463,"risk_class":1},"geometry":{"type":"MultiPolygon","coordinates":[[[[36.40479,32.58811],[36.35968,32.58045],[36.33854,32.57932],[36.3588,32.56751],[36.38456,32.54498],[36.34602,32.50302],[36.324,32.49121],[36.31951,32.4649],[36.31137,32.46015],[36.30549,32.46063],[36.31184,32.45701],[36.39582,32.37921],[36.48462,32.37012],[36.49947,32.36078],[36.51029,32.38923],[36.52165,32.43738],[36.54356,32.46351],[36.54287,32.47519],[36.53882,32.48206],[36.51406,32.50967],[36.50739,32.53717],[36.51243,32.55575],[36.50493,32.56611],[36.49135,32.56897],[36.43845,32.56611],[36.41308,32.5679],[36.40479,32.58811]]]]}},{"type":"Feature","properties":{"pcode":"SY120002","name":"خربة غزالة","district":"درعا","gov":"درعا","POP2004":44266,"mh_mean":0.5253,"seis_mean":0.409,"flood_mean":0.662,"pop_dens":311.7205,"frag_pct":0.1121,"old_pct":0.0403,"nonstd_pct":0.0101,"vuln_idx":0.298,"risk_ahp":0.3722,"risk_class":2},"geometry":{"type":"MultiPolygon","coordinates":[[[[36.25302,32.776],[36.24043,32.78358],[36.21113,32.77604],[36.19711,32.78151],[36.17204,32.76097],[36.17203,32.75326],[36.16547,32.74744],[36.15622,32.74383],[36.15264,32.70983],[36.14787,32.69726],[36.15479,32.67455],[36.18189,32.66781],[36.18873,32.66003],[36.19609,32.65791],[36.20725,32.66239],[36.22587,32.66513],[36.2418,32.66199],[36.26143,32.65337],[36.26529,32.65027],[36.26968,32.64035],[36.28858,32.63604],[36.30167,32.66628],[36.30349,32.69905],[36.29064,32.6996],[36.27395,32.70741],[36.26172,32.71425],[36.25158,32.72739],[36.25285,32.743],[36.24798,32.75778],[36.25302,32.776]]]]}},{"type":"Feature","properties":{"pcode":"SY120003","name":"الشجرة","district":"درعا","gov":"درعا","POP2004":34206,"mh_mean":0.6332,"seis_mean":0.5493,"flood_mean":0.6622,"pop_dens":184.7218,"frag_pct":0.1121,"old_pct":0.0403,"nonstd_pct":0.0101,"vuln_idx":0.2749,"risk_ahp":0.4256,"risk_class":3},"geometry":{"type":"MultiPolygon","coordinates":[[[[35.75534,32.74409],[35.76488,32.74644],[35.78569,32.74714],[35.79671,32.75523],[35.80015,32.74833],[35.79404,32.74491],[35.79929,32.74251],[35.80119,32.73624],[35.80472,32.73666],[35.80912,32.74182],[35.81054,32.73579],[35.82581,32.73408],[35.83553,32.72668],[35.84529,32.73171],[35.85446,32.72473],[35.85663,32.72638],[35.85291,32.72875],[35.85474,32.73094],[35.87376,32.73304],[35.88373,32.72228],[35.90235,32.72495],[35.91118,32.73223],[35.93462,32.73652],[35.96734,32.74797],[35.96778,32.75279],[35.9784,32.76795],[35.96576,32.77282],[35.96676,32.79195],[35.95705,32.80646],[35.94491,32.80806],[35.9381,32.81249],[35.92567,32.81557],[35.92817,32.82826],[35.94064,32.83942],[35.94446,32.8481],[35.92756,32.85154],[35.92665,32.86344],[35.91157,32.88259],[35.90775,32.88087],[35.89678,32.88214],[35.87307,32.85507],[35.85247,32.84489],[35.84633,32.83496],[35.84818,32.82431],[35.84335,32.81521],[35.83351,32.80903],[35.83032,32.8021],[35.82631,32.80262],[35.82334,32.7955],[35.80885,32.78839],[35.80739,32.7838],[35.79882,32.77977],[35.79132,32.77973],[35.78019,32.77272],[35.77602,32.76576],[35.77322,32.7656],[35.7735,32.76235],[35.76181,32.75322],[35.75534,32.74409]]]]}},{"type":"Feature","properties":{"pcode":"SY120004","name":"داعل","district":"درعا","gov":"درعا","POP2004":43691,"mh_mean":0.5705,"seis_mean":0.4522,"flood_mean":0.6823,"pop_dens":408.3206,"frag_pct":0.1121,"old_pct":0.0403,"nonstd_pct":0.0101,"vuln_idx":0.31,"risk_ahp":0.4115,"risk_class":3},"geometry":{"type":"MultiPolygon","coordinates":[[[[36.08735,32.8245],[36.07542,32.818],[36.06297,32.81714],[36.0225,32.78843],[36.03698,32.79022],[36.05007,32.77918],[36.071,32.77737],[36.0908,32.75765],[36.09717,32.74689],[36.09901,32.71433],[36.10486,32.71168],[36.10752,32.70511],[36.10546,32.70434],[36.12408,32.69862],[36.14458,32.69573],[36.15021,32.69902],[36.15622,32.74383],[36.16547,32.74744],[36.17203,32.75326],[36.17204,32.76097],[36.19711,32.78151],[36.19226,32.78457],[36.18561,32.79507],[36.1716,32.80446],[36.13514,32.80492],[36.11747,32.80736],[36.10952,32.81566],[36.08735,32.8245]]]]}},{"type":"Feature","properties":{"pcode":"SY120005","name":"مزيريب","district":"درعا","gov":"درعا","POP2004":72625,"mh_mean":0.6043,"seis_mean":0.4949,"flood_mean":0.6841,"pop_dens":408.9522,"frag_pct":0.1121,"old_pct":0.0403,"nonstd_pct":0.0101,"vuln_idx":0.3101,"risk_ahp":0.4338,"risk_class":3},"geometry":{"type":"MultiPolygon","coordinates":[[[[36.00329,32.7941],[35.96676,32.79195],[35.96576,32.77282],[35.9784,32.76795],[35.96778,32.75279],[35.96734,32.74797],[35.93462,32.73652],[35.91118,32.73223],[35.90235,32.72495],[35.88373,32.72228],[35.88244,32.71805],[35.89974,32.7183],[35.90475,32.72423],[35.90481,32.71943],[35.91197,32.72343],[35.918,32.71847],[35.91962,32.7223],[35.92273,32.72049],[35.92533,32.72255],[35.93504,32.72059],[35.93993,32.70846],[35.93757,32.69965],[35.94996,32.69217],[35.95962,32.69438],[35.96446,32.69309],[35.97196,32.68125],[35.97227,32.67987],[35.95246,32.67811],[35.96134,32.67079],[35.96602,32.66266],[35.98235,32.66019],[36.0049,32.66104],[36.02439,32.65699],[36.0273,32.65411],[36.0343,32.65906],[36.07069,32.66272],[36.07631,32.67229],[36.08031,32.68982],[36.09901,32.71433],[36.09717,32.74689],[36.0908,32.75765],[36.071,32.77737],[36.05007,32.77918],[36.03698,32.79022],[36.00837,32.78564],[36.00128,32.78877],[36.00329,32.7941]]]]}},{"type":"Feature","properties":{"pcode":"SY120006","name":"الجيزة","district":"درعا","gov":"درعا","POP2004":21100,"mh_mean":0.4661,"seis_mean":0.3609,"flood_mean":0.6246,"pop_dens":186.2419,"frag_pct":0.1121,"old_pct":0.0403,"nonstd_pct":0.0101,"vuln_idx":0.2752,"risk_ahp":0.3141,"risk_class":2},"geometry":{"type":"MultiPolygon","coordinates":[[[[36.3254,32.59883],[36.3061,32.59737],[36.29487,32.58531],[36.28421,32.56369],[36.26497,32.56554],[36.26281,32.54321],[36.2394,32.4985],[36.30549,32.46063],[36.31137,32.46015],[36.31951,32.4649],[36.324,32.49121],[36.34602,32.50302],[36.38456,32.54498],[36.3588,32.56751],[36.33377,32.5827],[36.33283,32.59518],[36.3254,32.59883]]]]}},{"type":"Feature","properties":{"pcode":"SY120007","name":"المسيفرة","district":"درعا","gov":"درعا","POP2004":32473,"mh_mean":0.464,"seis_mean":0.3656,"flood_mean":0.615,"pop_dens":192.6557,"frag_pct":0.1121,"old_pct":0.0403,"nonstd_pct":0.0101,"vuln_idx":0.2767,"risk_ahp":0.3133,"risk_class":2},"geometry":{"type":"MultiPolygon","coordinates":[[[[36.36111,32.70662],[36.35384,32.70474],[36.332,32.70617],[36.32473,32.7026],[36.30744,32.70374],[36.30349,32.69905],[36.30167,32.66628],[36.28858,32.63604],[36.28701,32.60681],[36.28452,32.60062],[36.27362,32.59583],[36.26301,32.59413],[36.25906,32.57249],[36.26497,32.56554],[36.28421,32.56369],[36.29487,32.58531],[36.3061,32.59737],[36.32811,32.59887],[36.33283,32.59518],[36.33377,32.5827],[36.33853,32.57932],[36.35968,32.58045],[36.40478,32.58827],[36.40001,32.61614],[36.42259,32.62551],[36.45285,32.63005],[36.45903,32.63414],[36.46404,32.64259],[36.46396,32.6586],[36.45595,32.66551],[36.44203,32.67333],[36.40256,32.68524],[36.39296,32.69739],[36.38028,32.69649],[36.37248,32.70367],[36.36111,32.70662]]]]}},{"type":"Feature","properties":{"pcode":"SY120200","name":"مركز الصنمين","district":"الصنمين","gov":"درعا","POP2004":113427,"mh_mean":0.5254,"seis_mean":0.4345,"flood_mean":0.6289,"pop_dens":225.7193,"frag_pct":0.21,"old_pct":0.0492,"nonstd_pct":0.0063,"vuln_idx":0.325,"risk_ahp":0.3888,"risk_class":2},"geometry":{"type":"MultiPolygon","coordinates":[[[[36.10889,33.14384],[36.08096,33.1353],[36.07342,33.12404],[36.061,33.12243],[36.05861,33.12508],[36.04094,33.11992],[36.03955,33.11497],[36.04377,33.11068],[36.04772,33.09781],[36.05386,33.09345],[36.05374,33.08949],[36.04691,33.08175],[36.04086,33.07936],[36.03228,33.08029],[36.0018,33.07575],[35.96704,33.07533],[35.96537,33.06622],[35.94628,33.04434],[35.94628,33.03639],[35.96343,33.01919],[35.96746,33.00339],[35.97899,32.99279],[35.98539,33.0037],[36.0016,33.00802],[36.00129,33.019],[36.01486,33.02656],[36.03843,33.03268],[36.07247,33.03289],[36.07356,33.02794],[36.08248,33.01834],[36.08842,33.00755],[36.09437,32.98615],[36.12443,32.91571],[36.13436,32.91129],[36.14458,32.91173],[36.14806,32.9225],[36.14456,32.93048],[36.14535,32.93994],[36.14263,32.94655],[36.1511,32.95252],[36.19657,32.96952],[36.21325,32.96876],[36.25316,32.9739],[36.26047,32.97267],[36.26428,32.96876],[36.2742,32.96951],[36.29655,32.98463],[36.31636,33.00534],[36.32161,33.00583],[36.33847,32.98611],[36.34705,32.98375],[36.36734,32.98817],[36.37686,32.98733],[36.39042,32.99238],[36.41572,32.98084],[36.42841,32.98853],[36.44413,32.99221],[36.44312,32.9981],[36.38078,33.02619],[36.36864,33.0386],[36.36248,33.05271],[36.33928,33.0691],[36.33142,33.07165],[36.32376,33.07125],[36.29151,33.06368],[36.28639,33.06755],[36.28496,33.07649],[36.2685,33.08141],[36.2341,33.11241],[36.21504,33.11252],[36.2132,33.11626],[36.20887,33.11813],[36.19129,33.11475],[36.18572,33.11172],[36.17736,33.11324],[36.15437,33.10906],[36.15156,33.11062],[36.14617,33.1373],[36.1422,33.13889],[36.1382,33.13721],[36.12906,33.13791],[36.10889,33.14384]]]]}},{"type":"Feature","properties":{"pcode":"SY120201","name":"المسمية","district":"الصنمين","gov":"درعا","POP2004":8773,"mh_mean":0.4016,"seis_mean":0.3033,"flood_mean":0.5906,"pop_dens":17.9968,"frag_pct":0.21,"old_pct":0.0492,"nonstd_pct":0.0063,"vuln_idx":0.2148,"risk_ahp":0.2282,"risk_class":1},"geometry":{"type":"MultiPolygon","coordinates":[[[[36.51465,33.29668],[36.50562,33.29623],[36.4909,33.27949],[36.46605,33.2696],[36.44956,33.26795],[36.43964,33.25541],[36.42587,33.24871],[36.39325,33.21727],[36.39814,33.1949],[36.39578,33.19158],[36.36829,33.18386],[36.34641,33.19887],[36.3386,33.1984],[36.32236,33.20968],[36.3149,33.20116],[36.31672,33.19223],[36.31409,33.18412],[36.33115,33.16031],[36.33012,33.15195],[36.31446,33.13932],[36.3149,33.13098],[36.31037,33.12386],[36.31816,33.10205],[36.31793,33.08969],[36.28496,33.07649],[36.28639,33.06755],[36.29151,33.06368],[36.32376,33.07125],[36.33142,33.07165],[36.33928,33.0691],[36.36248,33.05271],[36.36864,33.0386],[36.38078,33.02619],[36.44312,32.9981],[36.44413,32.99221],[36.46595,32.99731],[36.53408,33.00542],[36.55455,33.01671],[36.55285,33.02655],[36.53941,33.04198],[36.53494,33.05377],[36.51794,33.05773],[36.49244,33.10528],[36.49223,33.12754],[36.49782,33.15637],[36.5036,33.16732],[36.52378,33.17892],[36.57234,33.1827],[36.55613,33.2463],[36.54857,33.25221],[36.55046,33.25995],[36.53579,33.28051],[36.5281,33.2836],[36.51465,33.29668]]]]}},{"type":"Feature","properties":{"pcode":"SY120202","name":"غباغب","district":"الصنمين","gov":"درعا","POP2004":45793,"mh_mean":0.5048,"seis_mean":0.4515,"flood_mean":0.5719,"pop_dens":133.9649,"frag_pct":0.21,"old_pct":0.0492,"nonstd_pct":0.0063,"vuln_idx":0.302,"risk_ahp":0.3595,"risk_class":2},"geometry":{"type":"MultiPolygon","coordinates":[[[[36.24446,33.26688],[36.23601,33.27346],[36.22976,33.27299],[36.22651,33.26953],[36.2165,33.21734],[36.20867,33.20988],[36.20334,33.20862],[36.19366,33.2114],[36.19019,33.21539],[36.18285,33.21821],[36.16368,33.21248],[36.15697,33.19734],[36.14473,33.19166],[36.12104,33.19836],[36.10955,33.19504],[36.08494,33.19617],[36.08023,33.1929],[36.07611,33.17661],[36.0795,33.16749],[36.07594,33.16326],[36.07007,33.16132],[36.05727,33.16172],[36.05074,33.15727],[36.03561,33.15386],[36.02515,33.15371],[36.00921,33.16419],[35.99884,33.16365],[35.98948,33.1588],[35.98473,33.149],[35.988,33.12183],[35.98067,33.10552],[35.9685,33.09187],[35.96704,33.07533],[36.0018,33.07575],[36.03228,33.08029],[36.04086,33.07936],[36.04691,33.08175],[36.05374,33.08949],[36.05386,33.09345],[36.04772,33.09781],[36.04377,33.11068],[36.03958,33.11485],[36.04085,33.11983],[36.05861,33.12508],[36.061,33.12243],[36.07342,33.12404],[36.08096,33.1353],[36.10804,33.14382],[36.12906,33.13791],[36.1382,33.13721],[36.1422,33.13889],[36.14617,33.1373],[36.15156,33.11062],[36.15437,33.10906],[36.17736,33.11324],[36.18572,33.11172],[36.19129,33.11475],[36.20887,33.11813],[36.2132,33.11626],[36.21504,33.11252],[36.232,33.11315],[36.2685,33.08141],[36.28354,33.07653],[36.31793,33.08969],[36.31816,33.10205],[36.31037,33.12386],[36.3149,33.13098],[36.31446,33.13932],[36.33012,33.15195],[36.33115,33.16031],[36.31409,33.18412],[36.31672,33.19223],[36.3149,33.20116],[36.32236,33.20968],[36.32033,33.21798],[36.31596,33.22517],[36.29778,33.22718],[36.28249,33.23438],[36.27649,33.2458],[36.26741,33.25568],[36.24446,33.26688]]]]}},{"type":"Feature","properties":{"pcode":"SY120300","name":"مركز ازرع","district":"ازرع","gov":"درعا","POP2004":56649,"mh_mean":0.4772,"seis_mean":0.372,"flood_mean":0.629,"pop_dens":158.0023,"frag_pct":0.1182,"old_pct":0.0376,"nonstd_pct":0.0058,"vuln_idx":0.2351,"risk_ahp":0.2983,"risk_class":1},"geometry":{"type":"MultiPolygon","coordinates":[[[[36.32161,33.00583],[36.31636,33.00534],[36.29655,32.98463],[36.2742,32.96951],[36.26428,32.96876],[36.26047,32.97267],[36.25316,32.9739],[36.21325,32.96876],[36.19657,32.96952],[36.17327,32.96076],[36.17397,32.94354],[36.1672,32.93927],[36.16236,32.93253],[36.15952,32.91665],[36.16384,32.91304],[36.16741,32.90338],[36.1664,32.8919],[36.17042,32.87737],[36.19217,32.86503],[36.19865,32.86508],[36.20246,32.8362],[36.20675,32.83019],[36.20804,32.81738],[36.2119,32.81195],[36.24088,32.8094],[36.25532,32.80065],[36.29234,32.80486],[36.30428,32.80086],[36.31529,32.80058],[36.32058,32.80278],[36.32435,32.80765],[36.37834,32.81185],[36.37132,32.86692],[36.37463,32.89624],[36.38197,32.91598],[36.37631,32.94208],[36.39409,32.9627],[36.41572,32.98084],[36.39042,32.99238],[36.37686,32.98733],[36.36734,32.98817],[36.34705,32.98375],[36.33847,32.98611],[36.32161,33.00583]]]]}},{"type":"Feature","properties":{"pcode":"SY120301","name":"جاسم","district":"ازرع","gov":"درعا","POP2004":39624,"mh_mean":0.5751,"seis_mean":0.4854,"flood_mean":0.6467,"pop_dens":328.9601,"frag_pct":0.1182,"old_pct":0.0376,"nonstd_pct":0.0058,"vuln_idx":0.2676,"risk_ahp":0.3852,"risk_class":2},"geometry":{"type":"MultiPolygon","coordinates":[[[[36.07247,33.03289],[36.04073,33.0329],[36.02063,33.02876],[36.00129,33.019],[36.0016,33.00802],[35.98539,33.0037],[35.97899,32.99279],[35.98349,32.98654],[35.98218,32.96939],[35.99349,32.96084],[35.99728,32.93756],[35.98777,32.92951],[35.97914,32.92903],[35.98572,32.92402],[36.013,32.92146],[36.016,32.92386],[36.07993,32.92549],[36.08431,32.9212],[36.12399,32.91876],[36.09437,32.98615],[36.08842,33.00755],[36.08248,33.01834],[36.07356,33.02794],[36.07247,33.03289]]]]}},{"type":"Feature","properties":{"pcode":"SY120302","name":"الحراك","district":"ازرع","gov":"درعا","POP2004":40979,"mh_mean":0.4914,"seis_mean":0.3933,"flood_mean":0.6251,"pop_dens":306.3819,"frag_pct":0.1182,"old_pct":0.0376,"nonstd_pct":0.0058,"vuln_idx":0.2644,"risk_ahp":0.3268,"risk_class":2},"geometry":{"type":"MultiPolygon","coordinates":[[[[36.37834,32.81185],[36.35216,32.81001],[36.32435,32.80765],[36.32058,32.80278],[36.31529,32.80058],[36.30428,32.80086],[36.29234,32.80486],[36.25306,32.79918],[36.24043,32.78358],[36.25302,32.776],[36.24798,32.75778],[36.25285,32.743],[36.25158,32.72739],[36.26172,32.71425],[36.29064,32.6996],[36.29761,32.69812],[36.30349,32.69905],[36.30744,32.70374],[36.32473,32.7026],[36.332,32.70617],[36.35384,32.70474],[36.36111,32.70662],[36.35799,32.70998],[36.37132,32.72841],[36.37533,32.74423],[36.39126,32.74593],[36.39266,32.7477],[36.38871,32.77704],[36.38226,32.78713],[36.37834,32.81185]]]]}},{"type":"Feature","properties":{"pcode":"SY120303","name":"نوى","district":"ازرع","gov":"درعا","POP2004":57404,"mh_mean":0.592,"seis_mean":0.4832,"flood_mean":0.6782,"pop_dens":340.1597,"frag_pct":0.1182,"old_pct":0.0376,"nonstd_pct":0.0058,"vuln_idx":0.269,"risk_ahp":0.3966,"risk_class":3},"geometry":{"type":"MultiPolygon","coordinates":[[[[35.95974,32.94187],[35.94634,32.92753],[35.93952,32.93105],[35.93798,32.92503],[35.94481,32.91696],[35.94588,32.91075],[35.94395,32.90297],[35.93928,32.89768],[35.9496,32.89231],[35.9662,32.89251],[35.96711,32.8909],[35.96749,32.87474],[35.95857,32.86738],[35.9574,32.86295],[35.95969,32.86164],[35.97141,32.86532],[35.98578,32.86437],[35.99147,32.86609],[35.99735,32.86398],[36.00507,32.85559],[36.00537,32.85118],[36.0002,32.84673],[35.99189,32.8157],[36.0006,32.80525],[36.00329,32.7941],[36.00128,32.78877],[36.00837,32.78564],[36.02044,32.78669],[36.06297,32.81714],[36.07542,32.818],[36.08735,32.8245],[36.094,32.85246],[36.11678,32.8735],[36.13124,32.89679],[36.14024,32.90111],[36.14458,32.90732],[36.14458,32.91173],[36.13436,32.91129],[36.12443,32.91571],[36.12399,32.91876],[36.08431,32.9212],[36.07993,32.92549],[36.016,32.92386],[36.013,32.92146],[35.98572,32.92402],[35.97914,32.92903],[35.97562,32.92834],[35.96993,32.93894],[35.95974,32.94187]]]]}},{"type":"Feature","properties":{"pcode":"SY120304","name":"الشيخ مسكين","district":"ازرع","gov":"درعا","POP2004":34370,"mh_mean":0.5476,"seis_mean":0.4286,"flood_mean":0.6742,"pop_dens":300.6892,"frag_pct":0.1182,"old_pct":0.0376,"nonstd_pct":0.0058,"vuln_idx":0.2636,"risk_ahp":0.3648,"risk_class":2},"geometry":{"type":"MultiPolygon","coordinates":[[[[36.17327,32.96076],[36.1511,32.95252],[36.14263,32.94655],[36.14535,32.93994],[36.14456,32.93048],[36.14806,32.9225],[36.14458,32.90732],[36.14024,32.90111],[36.13124,32.89679],[36.11678,32.8735],[36.094,32.85246],[36.08735,32.8245],[36.10952,32.81566],[36.11747,32.80736],[36.13514,32.80492],[36.1716,32.80446],[36.18561,32.79507],[36.19494,32.78236],[36.21113,32.77604],[36.24043,32.78358],[36.25532,32.80065],[36.24088,32.8094],[36.2119,32.81195],[36.20804,32.81738],[36.20675,32.83019],[36.20246,32.8362],[36.19865,32.86508],[36.19217,32.86503],[36.17042,32.87737],[36.1664,32.8919],[36.16741,32.90338],[36.16384,32.91304],[36.15952,32.91665],[36.16236,32.93253],[36.1672,32.93927],[36.17397,32.94354],[36.17327,32.96076]]]]}},{"type":"Feature","properties":{"pcode":"SY120305","name":"تسيل","district":"ازرع","gov":"درعا","POP2004":17778,"mh_mean":0.6207,"seis_mean":0.5068,"flood_mean":0.6961,"pop_dens":298.6995,"frag_pct":0.1182,"old_pct":0.0376,"nonstd_pct":0.0058,"vuln_idx":0.2633,"risk_ahp":0.4093,"risk_class":3},"geometry":{"type":"MultiPolygon","coordinates":[[[[35.92591,32.89618],[35.91157,32.88259],[35.92665,32.86344],[35.92756,32.85154],[35.94446,32.8481],[35.94064,32.83942],[35.92817,32.82826],[35.92567,32.81557],[35.9381,32.81249],[35.94491,32.80806],[35.95705,32.80646],[35.96676,32.79195],[36.00329,32.7941],[36.0006,32.80525],[35.99189,32.8157],[36.0002,32.84673],[36.00537,32.85118],[36.00507,32.85559],[35.99735,32.86398],[35.99147,32.86609],[35.98578,32.86437],[35.97141,32.86532],[35.95969,32.86164],[35.9574,32.86295],[35.95857,32.86738],[35.96749,32.87474],[35.9662,32.89251],[35.9496,32.89231],[35.93928,32.89768],[35.92591,32.89618]]]]}},{"type":"Feature","properties":{"pcode":"SY130000","name":"مركز السويداء","district":"مركز السويداء","gov":"السويداء","POP2004":147146,"mh_mean":0.4063,"seis_mean":0.3901,"flood_mean":0.4847,"pop_dens":212.8056,"frag_pct":0.1233,"old_pct":0.1277,"nonstd_pct":0.0008,"vuln_idx":0.3134,"risk_ahp":0.2804,"risk_class":1},"geometry":{"type":"MultiPolygon","coordinates":[[[[36.5677,32.81455],[36.53291,32.81384],[36.52424,32.8042],[36.5285,32.80006],[36.53029,32.79149],[36.53993,32.777],[36.52454,32.76797],[36.51545,32.77551],[36.50818,32.77521],[36.50313,32.77136],[36.49453,32.73666],[36.49022,32.736],[36.48505,32.7438],[36.45356,32.74143],[36.45199,32.74443],[36.44736,32.74522],[36.43087,32.74385],[36.42551,32.74867],[36.4201,32.74765],[36.41953,32.74328],[36.38668,32.74612],[36.37533,32.74423],[36.37132,32.72841],[36.35799,32.70998],[36.36111,32.70662],[36.37248,32.70367],[36.38028,32.69649],[36.39296,32.69739],[36.40256,32.68524],[36.44203,32.67333],[36.46396,32.6586],[36.46404,32.64259],[36.45903,32.63414],[36.45285,32.63005],[36.42259,32.62551],[36.40001,32.61614],[36.40504,32.58406],[36.40879,32.57433],[36.41308,32.5679],[36.42201,32.56647],[36.49135,32.56897],[36.50493,32.56611],[36.51243,32.55575],[36.50739,32.53717],[36.52203,32.54291],[36.54026,32.55622],[36.55966,32.56392],[36.57017,32.57191],[36.57002,32.58481],[36.5649,32.59926],[36.56614,32.60526],[36.58654,32.60864],[36.60632,32.61619],[36.6088,32.61223],[36.60914,32.59837],[36.60185,32.56281],[36.63359,32.56413],[36.66916,32.57205],[36.70971,32.56967],[36.72947,32.56302],[36.74235,32.55304],[36.75506,32.56916],[36.74238,32.60295],[36.73595,32.61263],[36.73741,32.63571],[36.72878,32.64181],[36.72827,32.65416],[36.72974,32.65678],[36.74181,32.66116],[36.74277,32.68456],[36.72057,32.70121],[36.70813,32.7046],[36.70636,32.72992],[36.68184,32.75437],[36.70426,32.77698],[36.681,32.78859],[36.63097,32.80543],[36.57725,32.80702],[36.5677,32.81455]]]]}},{"type":"Feature","properties":{"pcode":"SY130001","name":"المزرعة","district":"مركز السويداء","gov":"السويداء","POP2004":16627,"mh_mean":0.4109,"seis_mean":0.3206,"flood_mean":0.5838,"pop_dens":82.0468,"frag_pct":0.1233,"old_pct":0.1277,"nonstd_pct":0.0008,"vuln_idx":0.2714,"risk_ahp":0.2652,"risk_class":1},"geometry":{"type":"MultiPolygon","coordinates":[[[[36.53611,32.88267],[36.53178,32.88053],[36.51964,32.84764],[36.46545,32.8736],[36.44416,32.88045],[36.42265,32.88054],[36.39949,32.87231],[36.37137,32.86912],[36.38226,32.78713],[36.38871,32.77704],[36.39126,32.74593],[36.41953,32.74328],[36.4201,32.74765],[36.42551,32.74867],[36.43087,32.74385],[36.44736,32.74522],[36.45199,32.74443],[36.45356,32.74143],[36.48505,32.7438],[36.49022,32.736],[36.49453,32.73666],[36.50313,32.77136],[36.50818,32.77521],[36.51545,32.77551],[36.52454,32.76797],[36.53993,32.777],[36.53029,32.79149],[36.5285,32.80006],[36.52424,32.8042],[36.52668,32.80786],[36.53291,32.81384],[36.55533,32.81421],[36.55009,32.82732],[36.55331,32.87745],[36.53611,32.88267]]]]}},{"type":"Feature","properties":{"pcode":"SY130002","name":"المشنف","district":"مركز السويداء","gov":"السويداء","POP2004":17134,"mh_mean":0.2863,"seis_mean":0.2092,"flood_mean":0.5179,"pop_dens":8.9679,"frag_pct":0.1233,"old_pct":0.1277,"nonstd_pct":0.0008,"vuln_idx":0.1772,"risk_ahp":0.079,"risk_class":1},"geometry":{"type":"MultiPolygon","coordinates":[[[[37.21884,33.00532],[36.83888,32.85976],[36.75961,32.81466],[36.73859,32.79725],[36.7372,32.79171],[36.73215,32.78792],[36.70426,32.77698],[36.68184,32.75437],[36.70636,32.72992],[36.70813,32.7046],[36.72057,32.70121],[36.74277,32.68456],[36.74181,32.66116],[36.72974,32.65678],[36.72827,32.65416],[36.73048,32.63962],[36.73741,32.63571],[36.73767,32.6378],[36.77693,32.6255],[36.80729,32.61252],[36.82165,32.6177],[36.83396,32.62696],[36.84461,32.63899],[36.86285,32.64177],[36.87134,32.63719],[36.87493,32.63044],[36.87652,32.61335],[36.92327,32.61329],[37.4565,32.67615],[37.28723,32.90662],[37.27898,32.92677],[37.27691,32.94329],[37.27671,32.99532],[37.25679,33.003],[37.21884,33.00532]]]]}},{"type":"Feature","properties":{"pcode":"SY130200","name":"مركز صلخد","district":"صلخد","gov":"السويداء","POP2004":24045,"mh_mean":0.3308,"seis_mean":0.2974,"flood_mean":0.4785,"pop_dens":53.003,"frag_pct":0.2446,"old_pct":0.1777,"nonstd_pct":0.003,"vuln_idx":0.4007,"risk_ahp":0.2148,"risk_class":1},"geometry":{"type":"MultiPolygon","coordinates":[[[[36.66916,32.57205],[36.65148,32.56798],[36.64918,32.54078],[36.64199,32.53563],[36.63628,32.52668],[36.63445,32.50937],[36.6383,32.50405],[36.6308,32.49614],[36.63429,32.48551],[36.62946,32.47297],[36.63796,32.46555],[36.65122,32.46973],[36.65339,32.45631],[36.66069,32.45146],[36.65989,32.44404],[36.67273,32.44426],[36.67821,32.43419],[36.69082,32.4362],[36.69422,32.43377],[36.69687,32.4228],[36.70298,32.4219],[36.70607,32.41865],[36.707,32.41142],[36.71166,32.40867],[36.71514,32.39881],[36.72368,32.35874],[36.71999,32.35011],[36.72525,32.3296],[36.83818,32.31114],[36.86813,32.34084],[36.92929,32.3745],[36.90392,32.39682],[36.89162,32.41376],[36.87765,32.41509],[36.85151,32.42917],[36.8499,32.43617],[36.85309,32.44543],[36.8514,32.45161],[36.83545,32.47579],[36.8417,32.47803],[36.84273,32.48179],[36.82675,32.49899],[36.82916,32.50641],[36.82537,32.5171],[36.80633,32.5464],[36.80306,32.54797],[36.79704,32.54499],[36.7899,32.54533],[36.79007,32.54943],[36.78678,32.55343],[36.77062,32.55786],[36.76688,32.56296],[36.76257,32.56171],[36.75479,32.56882],[36.74235,32.55304],[36.72947,32.56302],[36.70971,32.56967],[36.66916,32.57205]]]]}},{"type":"Feature","properties":{"pcode":"SY130201","name":"القريا","district":"صلخد","gov":"السويداء","POP2004":9892,"mh_mean":0.3673,"seis_mean":0.3217,"flood_mean":0.5086,"pop_dens":75.729,"frag_pct":0.2446,"old_pct":0.1777,"nonstd_pct":0.003,"vuln_idx":0.4163,"risk_ahp":0.2743,"risk_class":1},"geometry":{"type":"MultiPolygon","coordinates":[[[[36.6088,32.61223],[36.60632,32.61619],[36.58654,32.60864],[36.56614,32.60526],[36.5649,32.59926],[36.57002,32.58481],[36.57017,32.57191],[36.55966,32.56392],[36.54026,32.55622],[36.52203,32.54291],[36.50739,32.53717],[36.51406,32.50967],[36.53431,32.48899],[36.54306,32.47425],[36.5508,32.47719],[36.55489,32.48555],[36.57423,32.49126],[36.58278,32.48676],[36.58776,32.48048],[36.58429,32.4777],[36.58861,32.46496],[36.58281,32.45915],[36.58799,32.45433],[36.59372,32.4603],[36.60667,32.45885],[36.61536,32.45343],[36.63391,32.45174],[36.63806,32.46557],[36.62946,32.47297],[36.63429,32.48551],[36.6308,32.49614],[36.6383,32.50405],[36.63445,32.50937],[36.63628,32.52668],[36.64199,32.53563],[36.64918,32.54078],[36.65148,32.56798],[36.63359,32.56413],[36.60185,32.56281],[36.60829,32.5906],[36.6088,32.61223]]]]}},{"type":"Feature","properties":{"pcode":"SY130202","name":"الغارية","district":"صلخد","gov":"السويداء","POP2004":5923,"mh_mean":0.3447,"seis_mean":0.3035,"flood_mean":0.4942,"pop_dens":66.2375,"frag_pct":0.2446,"old_pct":0.1777,"nonstd_pct":0.003,"vuln_idx":0.4104,"risk_ahp":0.2399,"risk_class":1},"geometry":{"type":"MultiPolygon","coordinates":[[[[36.67273,32.44426],[36.65989,32.44404],[36.65728,32.44184],[36.65833,32.42801],[36.65296,32.41095],[36.64934,32.4057],[36.61968,32.38895],[36.61107,32.36968],[36.60896,32.36765],[36.60487,32.36823],[36.60623,32.35562],[36.59827,32.34918],[36.63171,32.34544],[36.70064,32.33295],[36.71086,32.32183],[36.72525,32.3296],[36.71999,32.35011],[36.72368,32.35874],[36.71514,32.39881],[36.71166,32.40867],[36.707,32.41142],[36.70607,32.41865],[36.70298,32.4219],[36.69687,32.4228],[36.69422,32.43377],[36.69082,32.4362],[36.67821,32.43419],[36.67273,32.44426]]]]}},{"type":"Feature","properties":{"pcode":"SY130203","name":"ذيبين","district":"صلخد","gov":"السويداء","POP2004":6900,"mh_mean":0.3424,"seis_mean":0.289,"flood_mean":0.5091,"pop_dens":47.5433,"frag_pct":0.2446,"old_pct":0.1777,"nonstd_pct":0.003,"vuln_idx":0.3959,"risk_ahp":0.2321,"risk_class":1},"geometry":{"type":"MultiPolygon","coordinates":[[[[36.57775,32.48997],[36.57006,32.49078],[36.55489,32.48555],[36.5508,32.47719],[36.54306,32.47425],[36.54356,32.46351],[36.52165,32.43738],[36.51029,32.38923],[36.50039,32.36023],[36.59827,32.34918],[36.60623,32.35562],[36.60487,32.36823],[36.60896,32.36765],[36.61107,32.36968],[36.61968,32.38895],[36.64934,32.4057],[36.65296,32.41095],[36.65833,32.42801],[36.65728,32.44184],[36.65989,32.44404],[36.66069,32.45146],[36.65339,32.45631],[36.65122,32.46973],[36.63806,32.46557],[36.63391,32.45174],[36.61536,32.45343],[36.60667,32.45885],[36.59372,32.4603],[36.58799,32.45433],[36.58281,32.45915],[36.58861,32.46496],[36.58429,32.4777],[36.58776,32.48048],[36.57775,32.48997]]]]}},{"type":"Feature","properties":{"pcode":"SY130204","name":"ملح","district":"صلخد","gov":"السويداء","POP2004":13615,"mh_mean":0.2668,"seis_mean":0.2293,"flood_mean":0.4583,"pop_dens":14.0531,"frag_pct":0.2446,"old_pct":0.1777,"nonstd_pct":0.003,"vuln_idx":0.3439,"risk_ahp":0.0,"risk_class":1},"geometry":{"type":"MultiPolygon","coordinates":[[[[37.46307,32.66599],[37.4565,32.67615],[37.43231,32.6741],[36.92327,32.61329],[36.87652,32.61335],[36.87493,32.63044],[36.87134,32.63719],[36.86285,32.64177],[36.84461,32.63899],[36.83396,32.62696],[36.82165,32.6177],[36.80729,32.61252],[36.77693,32.6255],[36.73767,32.6378],[36.73473,32.61663],[36.758,32.56399],[36.76257,32.56171],[36.76688,32.56296],[36.77062,32.55786],[36.78678,32.55343],[36.79007,32.54943],[36.7899,32.54533],[36.79251,32.54429],[36.80306,32.54797],[36.80633,32.5464],[36.8194,32.52846],[36.82916,32.50641],[36.82675,32.49899],[36.84273,32.48179],[36.8417,32.47803],[36.83545,32.47579],[36.8514,32.45161],[36.85309,32.44543],[36.8499,32.43617],[36.85151,32.42917],[36.87765,32.41509],[36.89162,32.41376],[36.90392,32.39682],[36.92929,32.3745],[37.46307,32.66599]]]]}},{"type":"Feature","properties":{"pcode":"SY130300","name":"مركز شهبا","district":"شهبا","gov":"السويداء","POP2004":31657,"mh_mean":0.3931,"seis_mean":0.3752,"flood_mean":0.4818,"pop_dens":119.9182,"frag_pct":0.124,"old_pct":0.1261,"nonstd_pct":0.0039,"vuln_idx":0.3108,"risk_ahp":0.2657,"risk_class":1},"geometry":{"type":"MultiPolygon","coordinates":[[[[36.66452,32.98567],[36.64948,32.9817],[36.64218,32.98252],[36.61896,32.97134],[36.58632,32.96499],[36.55992,32.95625],[36.56941,32.93265],[36.57309,32.92962],[36.55469,32.92215],[36.54439,32.9246],[36.53533,32.91935],[36.52894,32.91967],[36.53322,32.88945],[36.53236,32.88082],[36.53611,32.88267],[36.55331,32.87745],[36.55009,32.82732],[36.55533,32.81421],[36.5677,32.81455],[36.57725,32.80702],[36.63097,32.80543],[36.681,32.78859],[36.7038,32.77679],[36.73215,32.78792],[36.7372,32.79171],[36.73859,32.79725],[36.75961,32.81466],[36.80723,32.84264],[36.7998,32.84563],[36.77996,32.83783],[36.77633,32.83818],[36.75765,32.84733],[36.75424,32.85117],[36.74645,32.84441],[36.73494,32.84756],[36.72383,32.86039],[36.6904,32.86199],[36.68731,32.86497],[36.67333,32.88385],[36.67642,32.9027],[36.65017,32.91705],[36.63535,32.91785],[36.63729,32.93342],[36.6412,32.93489],[36.6492,32.9455],[36.64966,32.95138],[36.64523,32.96161],[36.65669,32.97107],[36.66266,32.97138],[36.66452,32.98567]]]]}},{"type":"Feature","properties":{"pcode":"SY130301","name":"شقا","district":"شهبا","gov":"السويداء","POP2004":15849,"mh_mean":0.3318,"seis_mean":0.2776,"flood_mean":0.506,"pop_dens":21.6689,"frag_pct":0.124,"old_pct":0.1261,"nonstd_pct":0.0039,"vuln_idx":0.2364,"risk_ahp":0.1663,"risk_class":1},"geometry":{"type":"MultiPolygon","coordinates":[[[[36.87876,33.05903],[36.74206,33.03393],[36.73125,33.01999],[36.72794,32.99618],[36.7143,32.99077],[36.71097,32.9969],[36.66452,32.98567],[36.66266,32.97138],[36.65669,32.97107],[36.64523,32.96161],[36.64966,32.95138],[36.6492,32.9455],[36.6412,32.93489],[36.63729,32.93342],[36.63535,32.91785],[36.65017,32.91705],[36.67642,32.9027],[36.67333,32.88385],[36.6904,32.86199],[36.72383,32.86039],[36.73494,32.84756],[36.74645,32.84441],[36.75424,32.85117],[36.75765,32.84733],[36.77633,32.83818],[36.77996,32.83783],[36.7998,32.84563],[36.80723,32.84264],[36.83888,32.85976],[37.21851,33.00534],[37.2016,33.006],[37.12836,33.01853],[37.09485,33.03303],[37.03678,33.04887],[36.91349,33.05181],[36.87876,33.05903]]]]}},{"type":"Feature","properties":{"pcode":"SY130302","name":"العريقة","district":"شهبا","gov":"السويداء","POP2004":11723,"mh_mean":0.3954,"seis_mean":0.3087,"flood_mean":0.5732,"pop_dens":57.3758,"frag_pct":0.124,"old_pct":0.1261,"nonstd_pct":0.0039,"vuln_idx":0.2784,"risk_ahp":0.2538,"risk_class":1},"geometry":{"type":"MultiPolygon","coordinates":[[[[36.50349,32.99948],[36.4851,32.99981],[36.46595,32.99731],[36.42841,32.98853],[36.41997,32.98446],[36.39409,32.9627],[36.37631,32.94208],[36.38197,32.91598],[36.37463,32.89624],[36.37137,32.86912],[36.39949,32.87231],[36.42265,32.88054],[36.44416,32.88045],[36.46545,32.8736],[36.52109,32.84818],[36.5261,32.8681],[36.53236,32.88082],[36.53322,32.88945],[36.52894,32.91967],[36.53533,32.91935],[36.54439,32.9246],[36.55469,32.92215],[36.57309,32.92962],[36.56941,32.93265],[36.55767,32.96055],[36.53442,32.98484],[36.50349,32.99948]]]]}},{"type":"Feature","properties":{"pcode":"SY130303","name":"الصورة الصغيرة","district":"شهبا","gov":"السويداء","POP2004":12720,"mh_mean":0.3745,"seis_mean":0.2988,"flood_mean":0.5505,"pop_dens":22.1611,"frag_pct":0.124,"old_pct":0.1261,"nonstd_pct":0.0039,"vuln_idx":0.2373,"risk_ahp":0.2144,"risk_class":1},"geometry":{"type":"MultiPolygon","coordinates":[[[[36.71226,33.1929],[36.70791,33.19406],[36.52378,33.17892],[36.51485,33.17478],[36.50057,33.16357],[36.49223,33.12754],[36.49244,33.10528],[36.51794,33.05773],[36.53494,33.05377],[36.53941,33.04198],[36.55285,33.02655],[36.55509,33.01959],[36.55455,33.01671],[36.53408,33.00542],[36.50168,33.0007],[36.53442,32.98484],[36.55992,32.95625],[36.58632,32.96499],[36.61896,32.97134],[36.64218,32.98252],[36.65482,32.9827],[36.71097,32.9969],[36.7143,32.99077],[36.72478,32.99422],[36.72794,32.99618],[36.73125,33.01999],[36.74206,33.03393],[36.87876,33.05903],[36.87087,33.0622],[36.85706,33.07242],[36.71226,33.1929]]]]}},{"type":"Feature","properties":{"pcode":"SY140000","name":"مركز القنيطرة","district":"مركز القنيطرة","gov":"القنيطرة","POP2004":4318,"mh_mean":0.5849,"seis_mean":0.549,"flood_mean":0.5806,"pop_dens":12.9514,"frag_pct":0.1742,"old_pct":0.0506,"nonstd_pct":0.0003,"vuln_idx":0.1341,"risk_ahp":0.277,"risk_class":1},"geometry":{"type":"MultiPolygon","coordinates":[[[[35.64634,33.06704],[35.64037,33.04074],[35.63168,33.02433],[35.62981,33.01341],[35.6324,33.00618],[35.63072,32.99475],[35.63311,32.9908],[35.63121,32.96177],[35.64127,32.94583],[35.65624,32.94227],[35.66504,32.94417],[35.67017,32.93328],[35.67997,32.94149],[35.69171,32.95837],[35.69668,32.96201],[35.69767,32.96912],[35.70181,32.97491],[35.72232,32.99559],[35.77146,33.02372],[35.77592,33.03431],[35.76898,33.04142],[35.7741,33.04936],[35.79925,33.04953],[35.80405,33.04489],[35.81315,33.04142],[35.82059,33.04324],[35.83416,33.05532],[35.84359,33.0573],[35.84971,33.06442],[35.85252,33.06392],[35.85054,33.04258],[35.86311,33.03166],[35.8733,33.02801],[35.88238,33.02759],[35.89995,33.0311],[35.90993,33.03695],[35.89493,33.05332],[35.8989,33.06539],[35.90898,33.08035],[35.9088,33.08809],[35.90178,33.09026],[35.89673,33.09692],[35.87872,33.11061],[35.87151,33.14556],[35.86521,33.15367],[35.85314,33.15871],[35.84683,33.17096],[35.83476,33.18501],[35.83999,33.19204],[35.84071,33.20141],[35.81332,33.19456],[35.81206,33.19745],[35.82323,33.21132],[35.81891,33.21636],[35.80349,33.21188],[35.80323,33.20789],[35.80666,33.20717],[35.80702,33.20213],[35.75045,33.18952],[35.75243,33.17673],[35.74937,33.17132],[35.75135,33.14322],[35.74667,33.13727],[35.75117,33.13475],[35.75892,33.12106],[35.76216,33.11998],[35.7373,33.08071],[35.70757,33.0699],[35.67767,33.06918],[35.67677,33.06413],[35.64634,33.06704]]]]}},{"type":"Feature","properties":{"pcode":"SY140001","name":"خان أرنبة","district":"مركز القنيطرة","gov":"القنيطرة","POP2004":42980,"mh_mean":0.5786,"seis_mean":0.6098,"flood_mean":0.4862,"pop_dens":117.3068,"frag_pct":0.1742,"old_pct":0.0506,"nonstd_pct":0.0003,"vuln_idx":0.2291,"risk_ahp":0.3585,"risk_class":2},"geometry":{"type":"MultiPolygon","coordinates":[[[[35.8463,33.33658],[35.81927,33.3554],[35.81648,33.35194],[35.81149,33.35217],[35.81107,33.34966],[35.79133,33.33572],[35.78079,33.3354],[35.75634,33.32868],[35.75062,33.32899],[35.74487,33.32586],[35.73853,33.31799],[35.72964,33.32558],[35.72927,33.32912],[35.72237,33.32975],[35.71408,33.32506],[35.71188,33.31862],[35.74235,33.30031],[35.75748,33.29383],[35.77783,33.27581],[35.78378,33.25095],[35.79189,33.24555],[35.79981,33.25023],[35.81639,33.25041],[35.81783,33.2432],[35.80972,33.24032],[35.80738,33.23168],[35.81404,33.22285],[35.80107,33.21546],[35.80342,33.21186],[35.81891,33.21636],[35.82323,33.21132],[35.81206,33.19745],[35.81332,33.19456],[35.84071,33.20141],[35.83999,33.19204],[35.83476,33.18501],[35.84683,33.17096],[35.85314,33.15871],[35.86521,33.15367],[35.87151,33.14556],[35.87872,33.11061],[35.89673,33.09692],[35.90178,33.09026],[35.9088,33.08809],[35.90898,33.08035],[35.8989,33.06539],[35.89493,33.05332],[35.90993,33.03695],[35.91506,33.0391],[35.91754,33.03629],[35.92763,33.03497],[35.94628,33.03894],[35.94628,33.04434],[35.96537,33.06622],[35.9685,33.09187],[35.98044,33.10518],[35.98758,33.12032],[35.98887,33.12565],[35.98481,33.13865],[35.98473,33.149],[35.98948,33.1588],[35.99291,33.18062],[35.99004,33.18463],[35.99452,33.19906],[35.9736,33.20183],[35.96284,33.2007],[35.96022,33.20336],[35.96099,33.21884],[35.96596,33.23165],[35.96634,33.24943],[35.96385,33.25917],[35.95754,33.26452],[35.95047,33.26567],[35.94092,33.26319],[35.92008,33.26663],[35.90992,33.26057],[35.90307,33.26108],[35.89543,33.25459],[35.88548,33.2542],[35.87459,33.2716],[35.86522,33.28096],[35.87173,33.28536],[35.8702,33.28995],[35.87192,33.29224],[35.883,33.29683],[35.883,33.29931],[35.8463,33.33658]]]]}},{"type":"Feature","properties":{"pcode":"SY140002","name":"الخشنية","district":"مركز القنيطرة","gov":"القنيطرة","POP2004":17382,"mh_mean":0.5964,"seis_mean":0.5377,"flood_mean":0.6147,"pop_dens":50.1469,"frag_pct":0.1742,"old_pct":0.0506,"nonstd_pct":0.0003,"vuln_idx":0.1919,"risk_ahp":0.3372,"risk_class":2},"geometry":{"type":"MultiPolygon","coordinates":[[[[35.85252,33.06392],[35.84971,33.06442],[35.84359,33.0573],[35.83416,33.05532],[35.82059,33.04324],[35.81315,33.04142],[35.80405,33.04489],[35.79925,33.04953],[35.7741,33.04936],[35.76898,33.04142],[35.77592,33.03431],[35.77146,33.02372],[35.72232,32.99559],[35.70181,32.97491],[35.69767,32.96912],[35.69668,32.96201],[35.69171,32.95837],[35.67997,32.94149],[35.67017,32.93328],[35.66528,32.92325],[35.67407,32.89876],[35.695,32.90304],[35.71544,32.90399],[35.74254,32.9009],[35.74944,32.9028],[35.76394,32.89995],[35.77831,32.91653],[35.7763,32.92539],[35.78962,32.9349],[35.80055,32.93086],[35.83003,32.93442],[35.83907,32.93918],[35.84026,32.94274],[35.83693,32.94607],[35.83645,32.95511],[35.85238,32.95202],[35.87283,32.96034],[35.87092,32.95225],[35.87901,32.94393],[35.88186,32.93466],[35.86712,32.9261],[35.85376,32.90657],[35.87512,32.90657],[35.87085,32.88686],[35.89345,32.87682],[35.89678,32.88214],[35.90775,32.88087],[35.91227,32.88291],[35.9274,32.89708],[35.93763,32.89721],[35.94181,32.89946],[35.94585,32.91211],[35.94459,32.91731],[35.93798,32.92503],[35.93952,32.93105],[35.94634,32.92753],[35.94963,32.92917],[35.95974,32.94187],[35.96993,32.93894],[35.97562,32.92834],[35.98777,32.92951],[35.99728,32.93756],[35.99349,32.96084],[35.98218,32.96939],[35.98349,32.98654],[35.96746,33.00339],[35.96343,33.01919],[35.94628,33.03639],[35.94628,33.03894],[35.92763,33.03497],[35.91754,33.03629],[35.91506,33.0391],[35.8974,33.03036],[35.88149,33.0275],[35.87192,33.02834],[35.86311,33.03166],[35.85054,33.04258],[35.85252,33.06392]]]]}},{"type":"Feature","properties":{"pcode":"SY140003","name":"مسعدة","district":"مركز القنيطرة","gov":"القنيطرة","POP2004":-999,"mh_mean":0.5198,"seis_mean":0.5312,"flood_mean":0.4923,"pop_dens":-3.7511,"frag_pct":0.1742,"old_pct":0.0506,"nonstd_pct":0.0003,"vuln_idx":0.2437,"risk_ahp":0.333,"risk_class":2},"geometry":{"type":"MultiPolygon","coordinates":[[[[35.80107,33.21546],[35.81404,33.22285],[35.80738,33.23168],[35.80972,33.24032],[35.81783,33.2432],[35.81639,33.25041],[35.79981,33.25023],[35.79189,33.24555],[35.78378,33.25095],[35.77783,33.27581],[35.75748,33.29383],[35.74235,33.30031],[35.71188,33.31862],[35.71256,33.31215],[35.71504,33.31199],[35.71106,33.30521],[35.69788,33.29952],[35.69578,33.29665],[35.68938,33.29759],[35.68186,33.2914],[35.67745,33.29432],[35.66902,33.28624],[35.66789,33.28164],[35.6586,33.27406],[35.64297,33.28044],[35.62178,33.27245],[35.62003,33.2704],[35.62298,33.26],[35.61914,33.25526],[35.62356,33.25244],[35.62537,33.24559],[35.62314,33.24434],[35.6253,33.24178],[35.65278,33.25037],[35.66529,33.2469],[35.68111,33.24766],[35.68428,33.24472],[35.68308,33.23703],[35.67235,33.23199],[35.66671,33.22532],[35.66559,33.21132],[35.6682,33.20829],[35.6651,33.20578],[35.66305,33.18938],[35.67033,33.15309],[35.653,33.1233],[35.65013,33.08699],[35.64551,33.0773],[35.64634,33.06704],[35.67677,33.06413],[35.67767,33.06918],[35.70757,33.0699],[35.7373,33.08071],[35.76216,33.11998],[35.75892,33.12106],[35.75117,33.13475],[35.74667,33.13727],[35.75135,33.14322],[35.74937,33.17132],[35.75243,33.17673],[35.75045,33.18952],[35.80702,33.20213],[35.80666,33.20717],[35.80323,33.20789],[35.80107,33.21546]]]]}},{"type":"Feature","properties":{"pcode":"SY140200","name":"مركز فيق","district":"فيق","gov":"القنيطرة","POP2004":1947,"mh_mean":0.5711,"seis_mean":0.4976,"flood_mean":0.6244,"pop_dens":5.8167,"frag_pct":0.0918,"old_pct":0.0,"nonstd_pct":0.0,"vuln_idx":0.0131,"risk_ahp":0.0847,"risk_class":1},"geometry":{"type":"MultiPolygon","coordinates":[[[[35.87092,32.95225],[35.87283,32.96034],[35.85238,32.95202],[35.83645,32.95511],[35.83693,32.94607],[35.84026,32.94274],[35.83907,32.93918],[35.83003,32.93442],[35.80055,32.93086],[35.78962,32.9349],[35.7763,32.92539],[35.77831,32.91653],[35.76394,32.89995],[35.74944,32.9028],[35.74254,32.9009],[35.71544,32.90399],[35.71863,32.88272],[35.7254,32.86667],[35.71512,32.84936],[35.69354,32.8461],[35.69079,32.85714],[35.66997,32.85312],[35.66947,32.84309],[35.65843,32.84134],[35.6496,32.80978],[35.65535,32.80855],[35.65488,32.79287],[35.66247,32.7772],[35.65558,32.75454],[35.65701,32.74894],[35.65466,32.73768],[35.64917,32.7257],[35.64904,32.71435],[35.64485,32.70835],[35.63746,32.70474],[35.63543,32.68783],[35.64894,32.68208],[35.65257,32.68543],[35.66461,32.68753],[35.67198,32.69126],[35.67126,32.69389],[35.67697,32.70167],[35.676,32.70576],[35.68711,32.70915],[35.69086,32.70804],[35.70058,32.71228],[35.70263,32.71584],[35.70672,32.71399],[35.71091,32.71879],[35.71592,32.7153],[35.71893,32.72373],[35.72316,32.72155],[35.72666,32.72701],[35.72947,32.72645],[35.72933,32.72329],[35.7325,32.72292],[35.73723,32.72972],[35.73681,32.73285],[35.74253,32.73011],[35.74705,32.73174],[35.7606,32.75186],[35.7735,32.76235],[35.77322,32.7656],[35.77602,32.76576],[35.78019,32.77272],[35.79132,32.77973],[35.79882,32.77977],[35.80739,32.7838],[35.80885,32.78839],[35.82334,32.7955],[35.82631,32.80262],[35.83032,32.8021],[35.83351,32.80903],[35.84335,32.81521],[35.84818,32.82431],[35.84633,32.83496],[35.84855,32.8412],[35.87201,32.8542],[35.89345,32.87682],[35.87085,32.88686],[35.87512,32.90657],[35.85376,32.90657],[35.86712,32.9261],[35.88186,32.93466],[35.87901,32.94393],[35.87092,32.95225]]]]}},{"type":"Feature","properties":{"pcode":"SY140201","name":"البطيحة","district":"فيق","gov":"القنيطرة","POP2004":-999,"mh_mean":0.586,"seis_mean":0.5064,"flood_mean":0.6393,"pop_dens":-14.0838,"frag_pct":0.0918,"old_pct":0.0,"nonstd_pct":0.0,"vuln_idx":0.1509,"risk_ahp":0.2943,"risk_class":1},"geometry":{"type":"MultiPolygon","coordinates":[[[[35.67017,32.93328],[35.66504,32.94417],[35.65624,32.94227],[35.64127,32.94583],[35.63121,32.96177],[35.62437,32.91645],[35.62698,32.91163],[35.62322,32.90543],[35.617,32.90486],[35.61375,32.89537],[35.62513,32.88802],[35.64346,32.86512],[35.64989,32.84249],[35.64219,32.83405],[35.64537,32.82269],[35.64439,32.8109],[35.6496,32.80978],[35.65843,32.84134],[35.66947,32.84309],[35.66997,32.85312],[35.69079,32.85714],[35.69354,32.8461],[35.71512,32.84936],[35.7254,32.86667],[35.71863,32.88272],[35.71544,32.90399],[35.695,32.90304],[35.67407,32.89876],[35.66528,32.92325],[35.67017,32.93328]]]]}}]}